[0.000000] (-) TimerEvent: {}
[0.000370] (task_controller) JobQueued: {'identifier': 'task_controller', 'dependencies': OrderedDict()}
[0.000583] (task_controller_cpp) JobQueued: {'identifier': 'task_controller_cpp', 'dependencies': OrderedDict()}
[0.000667] (turtlesim) JobQueued: {'identifier': 'turtlesim', 'dependencies': OrderedDict()}
[0.000696] (task_controller) JobStarted: {'identifier': 'task_controller'}
[0.005124] (task_controller_cpp) JobStarted: {'identifier': 'task_controller_cpp'}
[0.007465] (turtlesim) JobStarted: {'identifier': 'turtlesim'}
[0.099815] (-) TimerEvent: {}
[0.200260] (-) TimerEvent: {}
[0.201185] (task_controller_cpp) JobProgress: {'identifier': 'task_controller_cpp', 'progress': 'cmake'}
[0.201485] (task_controller_cpp) Command: {'cmd': ['/usr/bin/cmake', '/home/samiksha/ros2_ws/src/task_controller_cpp', '-DCMAKE_INSTALL_PREFIX=/home/samiksha/ros2_ws/install/task_controller_cpp'], 'cwd': '/home/samiksha/ros2_ws/build/task_controller_cpp', 'env': OrderedDict([('LESSOPEN', '| /usr/bin/lesspipe %s'), ('LANGUAGE', 'en_IN:en'), ('USER', 'samiksha'), ('XDG_SESSION_TYPE', 'wayland'), ('SHLVL', '1'), ('LD_LIBRARY_PATH', '/home/samiksha/ros2_ws/install/turtlesim/lib:/opt/ros/humble/opt/rviz_ogre_vendor/lib:/opt/ros/humble/lib/x86_64-linux-gnu:/opt/ros/humble/lib'), ('HOME', '/home/samiksha'), ('OLDPWD', '/home/samiksha'), ('DESKTOP_SESSION', 'ubuntu'), ('ROS_PYTHON_VERSION', '3'), ('GNOME_SHELL_SESSION_MODE', 'ubuntu'), ('GTK_MODULES', 'gail:atk-bridge'), ('SYSTEMD_EXEC_PID', '1655'), ('DBUS_SESSION_BUS_ADDRESS', 'unix:path=/run/user/1000/bus'), ('COLORTERM', 'truecolor'), ('_colcon_cd_root', '/opt/ros/humble/'), ('IM_CONFIG_PHASE', '1'), ('WAYLAND_DISPLAY', 'wayland-0'), ('COLCON_PREFIX_PATH', '/home/samiksha/ros2_ws/install'), ('ROS_DISTRO', 'humble'), ('LOGNAME', 'samiksha'), ('_', '/usr/bin/colcon'), ('ROS_VERSION', '2'), ('XDG_SESSION_CLASS', 'user'), ('USERNAME', 'samiksha'), ('TERM', 'xterm-256color'), ('GNOME_DESKTOP_SESSION_ID', 'this-is-deprecated'), ('ROS_LOCALHOST_ONLY', '0'), ('PATH', '/opt/ros/humble/bin:/home/samiksha/.local/bin:/usr/local/sbin:/usr/local/bin:/usr/sbin:/usr/bin:/sbin:/bin:/usr/games:/usr/local/games:/snap/bin:/snap/bin'), ('SESSION_MANAGER', 'local/samiksha-Victus-by-HP-Gaming-Laptop-15-fa1xxx:@/tmp/.ICE-unix/1623,unix/samiksha-Victus-by-HP-Gaming-Laptop-15-fa1xxx:/tmp/.ICE-unix/1623'), ('XDG_MENU_PREFIX', 'gnome-'), ('GNOME_TERMINAL_SCREEN', '/org/gnome/Terminal/screen/95c72b64_c946_4651_b5ee_8f51e75fd202'), ('GNOME_SETUP_DISPLAY', ':1'), ('XDG_RUNTIME_DIR', '/run/user/1000'), ('DISPLAY', ':0'), ('LANG', 'en_US.UTF-8'), ('XDG_CURRENT_DESKTOP', 'ubuntu:GNOME'), ('XMODIFIERS', '@im=ibus'), ('XDG_SESSION_DESKTOP', 'ubuntu'), ('XAUTHORITY', '/run/user/1000/.mutter-Xwaylandauth.3N7T02'), ('LS_COLORS', 'rs=0:di=01;34:ln=01;36:mh=00:pi=40;33:so=01;35:do=01;35:bd=40;33;01:cd=40;33;01:or=40;31;01:mi=00:su=37;41:sg=30;43:ca=30;41:tw=30;42:ow=34;42:st=37;44:ex=01;32:*.tar=01;31:*.tgz=01;31:*.arc=01;31:*.arj=01;31:*.taz=01;31:*.lha=01;31:*.lz4=01;31:*.lzh=01;31:*.lzma=01;31:*.tlz=01;31:*.txz=01;31:*.tzo=01;31:*.t7z=01;31:*.zip=01;31:*.z=01;31:*.dz=01;31:*.gz=01;31:*.lrz=01;31:*.lz=01;31:*.lzo=01;31:*.xz=01;31:*.zst=01;31:*.tzst=01;31:*.bz2=01;31:*.bz=01;31:*.tbz=01;31:*.tbz2=01;31:*.tz=01;31:*.deb=01;31:*.rpm=01;31:*.jar=01;31:*.war=01;31:*.ear=01;31:*.sar=01;31:*.rar=01;31:*.alz=01;31:*.ace=01;31:*.zoo=01;31:*.cpio=01;31:*.7z=01;31:*.rz=01;31:*.cab=01;31:*.wim=01;31:*.swm=01;31:*.dwm=01;31:*.esd=01;31:*.jpg=01;35:*.jpeg=01;35:*.mjpg=01;35:*.mjpeg=01;35:*.gif=01;35:*.bmp=01;35:*.pbm=01;35:*.pgm=01;35:*.ppm=01;35:*.tga=01;35:*.xbm=01;35:*.xpm=01;35:*.tif=01;35:*.tiff=01;35:*.png=01;35:*.svg=01;35:*.svgz=01;35:*.mng=01;35:*.pcx=01;35:*.mov=01;35:*.mpg=01;35:*.mpeg=01;35:*.m2v=01;35:*.mkv=01;35:*.webm=01;35:*.webp=01;35:*.ogm=01;35:*.mp4=01;35:*.m4v=01;35:*.mp4v=01;35:*.vob=01;35:*.qt=01;35:*.nuv=01;35:*.wmv=01;35:*.asf=01;35:*.rm=01;35:*.rmvb=01;35:*.flc=01;35:*.avi=01;35:*.fli=01;35:*.flv=01;35:*.gl=01;35:*.dl=01;35:*.xcf=01;35:*.xwd=01;35:*.yuv=01;35:*.cgm=01;35:*.emf=01;35:*.ogv=01;35:*.ogx=01;35:*.aac=00;36:*.au=00;36:*.flac=00;36:*.m4a=00;36:*.mid=00;36:*.midi=00;36:*.mka=00;36:*.mp3=00;36:*.mpc=00;36:*.ogg=00;36:*.ra=00;36:*.wav=00;36:*.oga=00;36:*.opus=00;36:*.spx=00;36:*.xspf=00;36:'), ('GNOME_TERMINAL_SERVICE', ':1.135'), ('SSH_AGENT_LAUNCHER', 'gnome-keyring'), ('SSH_AUTH_SOCK', '/run/user/1000/keyring/ssh'), ('AMENT_PREFIX_PATH', '/home/samiksha/ros2_ws/install/turtlesim:/home/samiksha/ros2_ws/install/task_controller:/home/samiksha/ros2_ws/install/my_package:/opt/ros/humble'), ('SHELL', '/bin/bash'), ('QT_ACCESSIBILITY', '1'), ('GDMSESSION', 'ubuntu'), ('LESSCLOSE', '/usr/bin/lesspipe %s %s'), ('QT_IM_MODULE', 'ibus'), ('PWD', '/home/samiksha/ros2_ws/build/task_controller_cpp'), ('LC_ALL', 'en_US.UTF-8'), ('XDG_CONFIG_DIRS', '/etc/xdg/xdg-ubuntu:/etc/xdg'), ('XDG_DATA_DIRS', '/usr/share/ubuntu:/usr/local/share/:/usr/share/:/var/lib/snapd/desktop'), ('PYTHONPATH', '/home/samiksha/ros2_ws/install/turtlesim/local/lib/python3.10/dist-packages:/home/samiksha/ros2_ws/install/task_controller/lib/python3.10/site-packages:/opt/ros/humble/lib/python3.10/site-packages:/opt/ros/humble/local/lib/python3.10/dist-packages'), ('COLCON', '1'), ('VTE_VERSION', '6800'), ('CMAKE_PREFIX_PATH', '/home/samiksha/ros2_ws/install/turtlesim:/home/samiksha/ros2_ws/install/my_package:/home/samiksha/ros2_ws/install/task_controller:/opt/ros/humble')]), 'shell': False}
[0.204912] (turtlesim) JobProgress: {'identifier': 'turtlesim', 'progress': 'cmake'}
[0.205398] (turtlesim) JobProgress: {'identifier': 'turtlesim', 'progress': 'build'}
[0.206056] (turtlesim) Command: {'cmd': ['/usr/bin/cmake', '--build', '/home/samiksha/ros2_ws/build/turtlesim', '--', '-j12', '-l12'], 'cwd': '/home/samiksha/ros2_ws/build/turtlesim', 'env': OrderedDict([('LESSOPEN', '| /usr/bin/lesspipe %s'), ('LANGUAGE', 'en_IN:en'), ('USER', 'samiksha'), ('XDG_SESSION_TYPE', 'wayland'), ('SHLVL', '1'), ('LD_LIBRARY_PATH', '/home/samiksha/ros2_ws/install/turtlesim/lib:/opt/ros/humble/opt/rviz_ogre_vendor/lib:/opt/ros/humble/lib/x86_64-linux-gnu:/opt/ros/humble/lib'), ('HOME', '/home/samiksha'), ('OLDPWD', '/home/samiksha'), ('DESKTOP_SESSION', 'ubuntu'), ('ROS_PYTHON_VERSION', '3'), ('GNOME_SHELL_SESSION_MODE', 'ubuntu'), ('GTK_MODULES', 'gail:atk-bridge'), ('SYSTEMD_EXEC_PID', '1655'), ('DBUS_SESSION_BUS_ADDRESS', 'unix:path=/run/user/1000/bus'), ('COLORTERM', 'truecolor'), ('_colcon_cd_root', '/opt/ros/humble/'), ('IM_CONFIG_PHASE', '1'), ('WAYLAND_DISPLAY', 'wayland-0'), ('COLCON_PREFIX_PATH', '/home/samiksha/ros2_ws/install'), ('ROS_DISTRO', 'humble'), ('LOGNAME', 'samiksha'), ('_', '/usr/bin/colcon'), ('ROS_VERSION', '2'), ('XDG_SESSION_CLASS', 'user'), ('USERNAME', 'samiksha'), ('TERM', 'xterm-256color'), ('GNOME_DESKTOP_SESSION_ID', 'this-is-deprecated'), ('ROS_LOCALHOST_ONLY', '0'), ('PATH', '/opt/ros/humble/bin:/home/samiksha/.local/bin:/usr/local/sbin:/usr/local/bin:/usr/sbin:/usr/bin:/sbin:/bin:/usr/games:/usr/local/games:/snap/bin:/snap/bin'), ('SESSION_MANAGER', 'local/samiksha-Victus-by-HP-Gaming-Laptop-15-fa1xxx:@/tmp/.ICE-unix/1623,unix/samiksha-Victus-by-HP-Gaming-Laptop-15-fa1xxx:/tmp/.ICE-unix/1623'), ('XDG_MENU_PREFIX', 'gnome-'), ('GNOME_TERMINAL_SCREEN', '/org/gnome/Terminal/screen/95c72b64_c946_4651_b5ee_8f51e75fd202'), ('GNOME_SETUP_DISPLAY', ':1'), ('XDG_RUNTIME_DIR', '/run/user/1000'), ('DISPLAY', ':0'), ('LANG', 'en_US.UTF-8'), ('XDG_CURRENT_DESKTOP', 'ubuntu:GNOME'), ('XMODIFIERS', '@im=ibus'), ('XDG_SESSION_DESKTOP', 'ubuntu'), ('XAUTHORITY', '/run/user/1000/.mutter-Xwaylandauth.3N7T02'), ('LS_COLORS', 'rs=0:di=01;34:ln=01;36:mh=00:pi=40;33:so=01;35:do=01;35:bd=40;33;01:cd=40;33;01:or=40;31;01:mi=00:su=37;41:sg=30;43:ca=30;41:tw=30;42:ow=34;42:st=37;44:ex=01;32:*.tar=01;31:*.tgz=01;31:*.arc=01;31:*.arj=01;31:*.taz=01;31:*.lha=01;31:*.lz4=01;31:*.lzh=01;31:*.lzma=01;31:*.tlz=01;31:*.txz=01;31:*.tzo=01;31:*.t7z=01;31:*.zip=01;31:*.z=01;31:*.dz=01;31:*.gz=01;31:*.lrz=01;31:*.lz=01;31:*.lzo=01;31:*.xz=01;31:*.zst=01;31:*.tzst=01;31:*.bz2=01;31:*.bz=01;31:*.tbz=01;31:*.tbz2=01;31:*.tz=01;31:*.deb=01;31:*.rpm=01;31:*.jar=01;31:*.war=01;31:*.ear=01;31:*.sar=01;31:*.rar=01;31:*.alz=01;31:*.ace=01;31:*.zoo=01;31:*.cpio=01;31:*.7z=01;31:*.rz=01;31:*.cab=01;31:*.wim=01;31:*.swm=01;31:*.dwm=01;31:*.esd=01;31:*.jpg=01;35:*.jpeg=01;35:*.mjpg=01;35:*.mjpeg=01;35:*.gif=01;35:*.bmp=01;35:*.pbm=01;35:*.pgm=01;35:*.ppm=01;35:*.tga=01;35:*.xbm=01;35:*.xpm=01;35:*.tif=01;35:*.tiff=01;35:*.png=01;35:*.svg=01;35:*.svgz=01;35:*.mng=01;35:*.pcx=01;35:*.mov=01;35:*.mpg=01;35:*.mpeg=01;35:*.m2v=01;35:*.mkv=01;35:*.webm=01;35:*.webp=01;35:*.ogm=01;35:*.mp4=01;35:*.m4v=01;35:*.mp4v=01;35:*.vob=01;35:*.qt=01;35:*.nuv=01;35:*.wmv=01;35:*.asf=01;35:*.rm=01;35:*.rmvb=01;35:*.flc=01;35:*.avi=01;35:*.fli=01;35:*.flv=01;35:*.gl=01;35:*.dl=01;35:*.xcf=01;35:*.xwd=01;35:*.yuv=01;35:*.cgm=01;35:*.emf=01;35:*.ogv=01;35:*.ogx=01;35:*.aac=00;36:*.au=00;36:*.flac=00;36:*.m4a=00;36:*.mid=00;36:*.midi=00;36:*.mka=00;36:*.mp3=00;36:*.mpc=00;36:*.ogg=00;36:*.ra=00;36:*.wav=00;36:*.oga=00;36:*.opus=00;36:*.spx=00;36:*.xspf=00;36:'), ('GNOME_TERMINAL_SERVICE', ':1.135'), ('SSH_AGENT_LAUNCHER', 'gnome-keyring'), ('SSH_AUTH_SOCK', '/run/user/1000/keyring/ssh'), ('AMENT_PREFIX_PATH', '/home/samiksha/ros2_ws/install/turtlesim:/home/samiksha/ros2_ws/install/task_controller:/home/samiksha/ros2_ws/install/my_package:/opt/ros/humble'), ('SHELL', '/bin/bash'), ('QT_ACCESSIBILITY', '1'), ('GDMSESSION', 'ubuntu'), ('LESSCLOSE', '/usr/bin/lesspipe %s %s'), ('QT_IM_MODULE', 'ibus'), ('PWD', '/home/samiksha/ros2_ws/build/turtlesim'), ('LC_ALL', 'en_US.UTF-8'), ('XDG_CONFIG_DIRS', '/etc/xdg/xdg-ubuntu:/etc/xdg'), ('XDG_DATA_DIRS', '/usr/share/ubuntu:/usr/local/share/:/usr/share/:/var/lib/snapd/desktop'), ('PYTHONPATH', '/home/samiksha/ros2_ws/install/turtlesim/local/lib/python3.10/dist-packages:/home/samiksha/ros2_ws/install/task_controller/lib/python3.10/site-packages:/opt/ros/humble/lib/python3.10/site-packages:/opt/ros/humble/local/lib/python3.10/dist-packages'), ('COLCON', '1'), ('VTE_VERSION', '6800'), ('CMAKE_PREFIX_PATH', '/home/samiksha/ros2_ws/install/turtlesim:/home/samiksha/ros2_ws/install/my_package:/home/samiksha/ros2_ws/install/task_controller:/opt/ros/humble')]), 'shell': False}
[0.251632] (task_controller_cpp) StdoutLine: {'line': b'-- The C compiler identification is GNU 11.4.0\n'}
[0.257010] (turtlesim) StdoutLine: {'line': b'[  1%] Built target turtlesim__cpp\n'}
[0.263682] (turtlesim) StdoutLine: {'line': b'[ 11%] Built target turtlesim__rosidl_generator_c\n'}
[0.269366] (turtlesim) StdoutLine: {'line': b'[ 11%] Built target ament_cmake_python_copy_turtlesim\n'}
[0.286479] (turtlesim) StdoutLine: {'line': b'[ 21%] Built target turtlesim__rosidl_typesupport_cpp\n'}
[0.286919] (turtlesim) StdoutLine: {'line': b'[ 31%] Built target turtlesim__rosidl_typesupport_fastrtps_cpp\n'}
[0.291784] (turtlesim) StdoutLine: {'line': b'[ 49%] Built target turtlesim__rosidl_typesupport_fastrtps_c\n'}
[0.292440] (turtlesim) StdoutLine: {'line': b'[ 59%] Built target turtlesim__rosidl_typesupport_c\n'}
[0.293495] (turtlesim) StdoutLine: {'line': b'[ 70%] Built target turtlesim__rosidl_typesupport_introspection_cpp\n'}
[0.293713] (turtlesim) StdoutLine: {'line': b'[ 71%] Built target turtlesim__rosidl_typesupport_introspection_c\n'}
[0.300401] (-) TimerEvent: {}
[0.315835] (turtlesim) StdoutLine: {'line': b'[ 73%] Built target draw_square\n'}
[0.321467] (task_controller_cpp) StdoutLine: {'line': b'-- The CXX compiler identification is GNU 11.4.0\n'}
[0.322905] (turtlesim) StdoutLine: {'line': b'[ 76%] Built target mimic\n'}
[0.323575] (turtlesim) StdoutLine: {'line': b'[ 75%] Built target turtlesim\n'}
[0.323730] (turtlesim) StdoutLine: {'line': b'[ 77%] Built target turtle_teleop_key\n'}
[0.325523] (turtlesim) StdoutLine: {'line': b'[ 83%] Built target turtlesim_node\n'}
[0.329448] (task_controller_cpp) StdoutLine: {'line': b'-- Detecting C compiler ABI info\n'}
[0.341081] (turtlesim) StdoutLine: {'line': b'[ 84%] Built target turtlesim__py\n'}
[0.368272] (turtlesim) StdoutLine: {'line': b'[ 93%] Built target turtlesim__rosidl_generator_py\n'}
[0.389672] (turtlesim) StdoutLine: {'line': b'[ 95%] Built target turtlesim__rosidl_typesupport_fastrtps_c__pyext\n'}
[0.396290] (turtlesim) StdoutLine: {'line': b'[ 97%] Built target turtlesim__rosidl_typesupport_introspection_c__pyext\n'}
[0.396598] (turtlesim) StdoutLine: {'line': b'[100%] Built target turtlesim__rosidl_typesupport_c__pyext\n'}
[0.400511] (-) TimerEvent: {}
[0.403617] (task_controller_cpp) StdoutLine: {'line': b'-- Detecting C compiler ABI info - done\n'}
[0.413621] (task_controller_cpp) StdoutLine: {'line': b'-- Check for working C compiler: /usr/bin/cc - skipped\n'}
[0.413961] (task_controller_cpp) StdoutLine: {'line': b'-- Detecting C compile features\n'}
[0.414553] (task_controller_cpp) StdoutLine: {'line': b'-- Detecting C compile features - done\n'}
[0.418819] (task_controller_cpp) StdoutLine: {'line': b'-- Detecting CXX compiler ABI info\n'}
[0.500648] (-) TimerEvent: {}
[0.512968] (task_controller_cpp) StdoutLine: {'line': b'-- Detecting CXX compiler ABI info - done\n'}
[0.520876] (task_controller_cpp) StdoutLine: {'line': b'-- Check for working CXX compiler: /usr/bin/c++ - skipped\n'}
[0.521182] (task_controller_cpp) StdoutLine: {'line': b'-- Detecting CXX compile features\n'}
[0.521616] (task_controller_cpp) StdoutLine: {'line': b'-- Detecting CXX compile features - done\n'}
[0.523954] (task_controller_cpp) StdoutLine: {'line': b'-- Found ament_cmake: 1.3.11 (/opt/ros/humble/share/ament_cmake/cmake)\n'}
[0.536104] (turtlesim) StdoutLine: {'line': b'running egg_info\n'}
[0.540767] (turtlesim) StdoutLine: {'line': b"writing manifest file 'turtlesim.egg-info/SOURCES.txt'\n"}
[0.578759] (task_controller) Command: {'cmd': ['/usr/bin/python3', '-W', 'ignore:setup.py install is deprecated', '-W', 'ignore:easy_install command is deprecated', 'setup.py', 'egg_info', '--egg-base', '../../build/task_controller', 'build', '--build-base', '/home/samiksha/ros2_ws/build/task_controller/build', 'install', '--record', '/home/samiksha/ros2_ws/build/task_controller/install.log', '--single-version-externally-managed', 'install_data'], 'cwd': '/home/samiksha/ros2_ws/src/task_controller', 'env': {'LESSOPEN': '| /usr/bin/lesspipe %s', 'LANGUAGE': 'en_IN:en', 'USER': 'samiksha', 'XDG_SESSION_TYPE': 'wayland', 'SHLVL': '1', 'LD_LIBRARY_PATH': '/home/samiksha/ros2_ws/install/turtlesim/lib:/opt/ros/humble/opt/rviz_ogre_vendor/lib:/opt/ros/humble/lib/x86_64-linux-gnu:/opt/ros/humble/lib', 'HOME': '/home/samiksha', 'OLDPWD': '/home/samiksha', 'DESKTOP_SESSION': 'ubuntu', 'ROS_PYTHON_VERSION': '3', 'GNOME_SHELL_SESSION_MODE': 'ubuntu', 'GTK_MODULES': 'gail:atk-bridge', 'SYSTEMD_EXEC_PID': '1655', 'DBUS_SESSION_BUS_ADDRESS': 'unix:path=/run/user/1000/bus', 'COLORTERM': 'truecolor', '_colcon_cd_root': '/opt/ros/humble/', 'IM_CONFIG_PHASE': '1', 'WAYLAND_DISPLAY': 'wayland-0', 'COLCON_PREFIX_PATH': '/home/samiksha/ros2_ws/install', 'ROS_DISTRO': 'humble', 'LOGNAME': 'samiksha', '_': '/usr/bin/colcon', 'ROS_VERSION': '2', 'XDG_SESSION_CLASS': 'user', 'USERNAME': 'samiksha', 'TERM': 'xterm-256color', 'GNOME_DESKTOP_SESSION_ID': 'this-is-deprecated', 'ROS_LOCALHOST_ONLY': '0', 'PATH': '/opt/ros/humble/bin:/home/samiksha/.local/bin:/usr/local/sbin:/usr/local/bin:/usr/sbin:/usr/bin:/sbin:/bin:/usr/games:/usr/local/games:/snap/bin:/snap/bin', 'SESSION_MANAGER': 'local/samiksha-Victus-by-HP-Gaming-Laptop-15-fa1xxx:@/tmp/.ICE-unix/1623,unix/samiksha-Victus-by-HP-Gaming-Laptop-15-fa1xxx:/tmp/.ICE-unix/1623', 'XDG_MENU_PREFIX': 'gnome-', 'GNOME_TERMINAL_SCREEN': '/org/gnome/Terminal/screen/95c72b64_c946_4651_b5ee_8f51e75fd202', 'GNOME_SETUP_DISPLAY': ':1', 'XDG_RUNTIME_DIR': '/run/user/1000', 'DISPLAY': ':0', 'LANG': 'en_US.UTF-8', 'XDG_CURRENT_DESKTOP': 'ubuntu:GNOME', 'XMODIFIERS': '@im=ibus', 'XDG_SESSION_DESKTOP': 'ubuntu', 'XAUTHORITY': '/run/user/1000/.mutter-Xwaylandauth.3N7T02', 'LS_COLORS': 'rs=0:di=01;34:ln=01;36:mh=00:pi=40;33:so=01;35:do=01;35:bd=40;33;01:cd=40;33;01:or=40;31;01:mi=00:su=37;41:sg=30;43:ca=30;41:tw=30;42:ow=34;42:st=37;44:ex=01;32:*.tar=01;31:*.tgz=01;31:*.arc=01;31:*.arj=01;31:*.taz=01;31:*.lha=01;31:*.lz4=01;31:*.lzh=01;31:*.lzma=01;31:*.tlz=01;31:*.txz=01;31:*.tzo=01;31:*.t7z=01;31:*.zip=01;31:*.z=01;31:*.dz=01;31:*.gz=01;31:*.lrz=01;31:*.lz=01;31:*.lzo=01;31:*.xz=01;31:*.zst=01;31:*.tzst=01;31:*.bz2=01;31:*.bz=01;31:*.tbz=01;31:*.tbz2=01;31:*.tz=01;31:*.deb=01;31:*.rpm=01;31:*.jar=01;31:*.war=01;31:*.ear=01;31:*.sar=01;31:*.rar=01;31:*.alz=01;31:*.ace=01;31:*.zoo=01;31:*.cpio=01;31:*.7z=01;31:*.rz=01;31:*.cab=01;31:*.wim=01;31:*.swm=01;31:*.dwm=01;31:*.esd=01;31:*.jpg=01;35:*.jpeg=01;35:*.mjpg=01;35:*.mjpeg=01;35:*.gif=01;35:*.bmp=01;35:*.pbm=01;35:*.pgm=01;35:*.ppm=01;35:*.tga=01;35:*.xbm=01;35:*.xpm=01;35:*.tif=01;35:*.tiff=01;35:*.png=01;35:*.svg=01;35:*.svgz=01;35:*.mng=01;35:*.pcx=01;35:*.mov=01;35:*.mpg=01;35:*.mpeg=01;35:*.m2v=01;35:*.mkv=01;35:*.webm=01;35:*.webp=01;35:*.ogm=01;35:*.mp4=01;35:*.m4v=01;35:*.mp4v=01;35:*.vob=01;35:*.qt=01;35:*.nuv=01;35:*.wmv=01;35:*.asf=01;35:*.rm=01;35:*.rmvb=01;35:*.flc=01;35:*.avi=01;35:*.fli=01;35:*.flv=01;35:*.gl=01;35:*.dl=01;35:*.xcf=01;35:*.xwd=01;35:*.yuv=01;35:*.cgm=01;35:*.emf=01;35:*.ogv=01;35:*.ogx=01;35:*.aac=00;36:*.au=00;36:*.flac=00;36:*.m4a=00;36:*.mid=00;36:*.midi=00;36:*.mka=00;36:*.mp3=00;36:*.mpc=00;36:*.ogg=00;36:*.ra=00;36:*.wav=00;36:*.oga=00;36:*.opus=00;36:*.spx=00;36:*.xspf=00;36:', 'GNOME_TERMINAL_SERVICE': ':1.135', 'SSH_AGENT_LAUNCHER': 'gnome-keyring', 'SSH_AUTH_SOCK': '/run/user/1000/keyring/ssh', 'AMENT_PREFIX_PATH': '/home/samiksha/ros2_ws/install/turtlesim:/home/samiksha/ros2_ws/install/task_controller:/home/samiksha/ros2_ws/install/my_package:/opt/ros/humble', 'SHELL': '/bin/bash', 'QT_ACCESSIBILITY': '1', 'GDMSESSION': 'ubuntu', 'LESSCLOSE': '/usr/bin/lesspipe %s %s', 'QT_IM_MODULE': 'ibus', 'PWD': '/home/samiksha/ros2_ws/build/task_controller', 'LC_ALL': 'en_US.UTF-8', 'XDG_CONFIG_DIRS': '/etc/xdg/xdg-ubuntu:/etc/xdg', 'XDG_DATA_DIRS': '/usr/share/ubuntu:/usr/local/share/:/usr/share/:/var/lib/snapd/desktop', 'PYTHONPATH': '/home/samiksha/ros2_ws/build/task_controller/prefix_override:/usr/lib/python3/dist-packages/colcon_core/task/python/colcon_distutils_commands:/home/samiksha/ros2_ws/install/task_controller/lib/python3.10/site-packages:/home/samiksha/ros2_ws/install/turtlesim/local/lib/python3.10/dist-packages:/home/samiksha/ros2_ws/install/task_controller/lib/python3.10/site-packages:/opt/ros/humble/lib/python3.10/site-packages:/opt/ros/humble/local/lib/python3.10/dist-packages', 'COLCON': '1', 'VTE_VERSION': '6800', 'CMAKE_PREFIX_PATH': '/home/samiksha/ros2_ws/install/turtlesim:/home/samiksha/ros2_ws/install/my_package'}, 'shell': False}
[0.580674] (turtlesim) StdoutLine: {'line': b'[100%] Built target ament_cmake_python_build_turtlesim_egg\n'}
[0.593818] (turtlesim) CommandEnded: {'returncode': 0}
[0.594556] (turtlesim) JobProgress: {'identifier': 'turtlesim', 'progress': 'install'}
[0.600720] (-) TimerEvent: {}
[0.602109] (turtlesim) Command: {'cmd': ['/usr/bin/cmake', '--install', '/home/samiksha/ros2_ws/build/turtlesim'], 'cwd': '/home/samiksha/ros2_ws/build/turtlesim', 'env': OrderedDict([('LESSOPEN', '| /usr/bin/lesspipe %s'), ('LANGUAGE', 'en_IN:en'), ('USER', 'samiksha'), ('XDG_SESSION_TYPE', 'wayland'), ('SHLVL', '1'), ('LD_LIBRARY_PATH', '/home/samiksha/ros2_ws/install/turtlesim/lib:/opt/ros/humble/opt/rviz_ogre_vendor/lib:/opt/ros/humble/lib/x86_64-linux-gnu:/opt/ros/humble/lib'), ('HOME', '/home/samiksha'), ('OLDPWD', '/home/samiksha'), ('DESKTOP_SESSION', 'ubuntu'), ('ROS_PYTHON_VERSION', '3'), ('GNOME_SHELL_SESSION_MODE', 'ubuntu'), ('GTK_MODULES', 'gail:atk-bridge'), ('SYSTEMD_EXEC_PID', '1655'), ('DBUS_SESSION_BUS_ADDRESS', 'unix:path=/run/user/1000/bus'), ('COLORTERM', 'truecolor'), ('_colcon_cd_root', '/opt/ros/humble/'), ('IM_CONFIG_PHASE', '1'), ('WAYLAND_DISPLAY', 'wayland-0'), ('COLCON_PREFIX_PATH', '/home/samiksha/ros2_ws/install'), ('ROS_DISTRO', 'humble'), ('LOGNAME', 'samiksha'), ('_', '/usr/bin/colcon'), ('ROS_VERSION', '2'), ('XDG_SESSION_CLASS', 'user'), ('USERNAME', 'samiksha'), ('TERM', 'xterm-256color'), ('GNOME_DESKTOP_SESSION_ID', 'this-is-deprecated'), ('ROS_LOCALHOST_ONLY', '0'), ('PATH', '/opt/ros/humble/bin:/home/samiksha/.local/bin:/usr/local/sbin:/usr/local/bin:/usr/sbin:/usr/bin:/sbin:/bin:/usr/games:/usr/local/games:/snap/bin:/snap/bin'), ('SESSION_MANAGER', 'local/samiksha-Victus-by-HP-Gaming-Laptop-15-fa1xxx:@/tmp/.ICE-unix/1623,unix/samiksha-Victus-by-HP-Gaming-Laptop-15-fa1xxx:/tmp/.ICE-unix/1623'), ('XDG_MENU_PREFIX', 'gnome-'), ('GNOME_TERMINAL_SCREEN', '/org/gnome/Terminal/screen/95c72b64_c946_4651_b5ee_8f51e75fd202'), ('GNOME_SETUP_DISPLAY', ':1'), ('XDG_RUNTIME_DIR', '/run/user/1000'), ('DISPLAY', ':0'), ('LANG', 'en_US.UTF-8'), ('XDG_CURRENT_DESKTOP', 'ubuntu:GNOME'), ('XMODIFIERS', '@im=ibus'), ('XDG_SESSION_DESKTOP', 'ubuntu'), ('XAUTHORITY', '/run/user/1000/.mutter-Xwaylandauth.3N7T02'), ('LS_COLORS', 'rs=0:di=01;34:ln=01;36:mh=00:pi=40;33:so=01;35:do=01;35:bd=40;33;01:cd=40;33;01:or=40;31;01:mi=00:su=37;41:sg=30;43:ca=30;41:tw=30;42:ow=34;42:st=37;44:ex=01;32:*.tar=01;31:*.tgz=01;31:*.arc=01;31:*.arj=01;31:*.taz=01;31:*.lha=01;31:*.lz4=01;31:*.lzh=01;31:*.lzma=01;31:*.tlz=01;31:*.txz=01;31:*.tzo=01;31:*.t7z=01;31:*.zip=01;31:*.z=01;31:*.dz=01;31:*.gz=01;31:*.lrz=01;31:*.lz=01;31:*.lzo=01;31:*.xz=01;31:*.zst=01;31:*.tzst=01;31:*.bz2=01;31:*.bz=01;31:*.tbz=01;31:*.tbz2=01;31:*.tz=01;31:*.deb=01;31:*.rpm=01;31:*.jar=01;31:*.war=01;31:*.ear=01;31:*.sar=01;31:*.rar=01;31:*.alz=01;31:*.ace=01;31:*.zoo=01;31:*.cpio=01;31:*.7z=01;31:*.rz=01;31:*.cab=01;31:*.wim=01;31:*.swm=01;31:*.dwm=01;31:*.esd=01;31:*.jpg=01;35:*.jpeg=01;35:*.mjpg=01;35:*.mjpeg=01;35:*.gif=01;35:*.bmp=01;35:*.pbm=01;35:*.pgm=01;35:*.ppm=01;35:*.tga=01;35:*.xbm=01;35:*.xpm=01;35:*.tif=01;35:*.tiff=01;35:*.png=01;35:*.svg=01;35:*.svgz=01;35:*.mng=01;35:*.pcx=01;35:*.mov=01;35:*.mpg=01;35:*.mpeg=01;35:*.m2v=01;35:*.mkv=01;35:*.webm=01;35:*.webp=01;35:*.ogm=01;35:*.mp4=01;35:*.m4v=01;35:*.mp4v=01;35:*.vob=01;35:*.qt=01;35:*.nuv=01;35:*.wmv=01;35:*.asf=01;35:*.rm=01;35:*.rmvb=01;35:*.flc=01;35:*.avi=01;35:*.fli=01;35:*.flv=01;35:*.gl=01;35:*.dl=01;35:*.xcf=01;35:*.xwd=01;35:*.yuv=01;35:*.cgm=01;35:*.emf=01;35:*.ogv=01;35:*.ogx=01;35:*.aac=00;36:*.au=00;36:*.flac=00;36:*.m4a=00;36:*.mid=00;36:*.midi=00;36:*.mka=00;36:*.mp3=00;36:*.mpc=00;36:*.ogg=00;36:*.ra=00;36:*.wav=00;36:*.oga=00;36:*.opus=00;36:*.spx=00;36:*.xspf=00;36:'), ('GNOME_TERMINAL_SERVICE', ':1.135'), ('SSH_AGENT_LAUNCHER', 'gnome-keyring'), ('SSH_AUTH_SOCK', '/run/user/1000/keyring/ssh'), ('AMENT_PREFIX_PATH', '/home/samiksha/ros2_ws/install/turtlesim:/home/samiksha/ros2_ws/install/task_controller:/home/samiksha/ros2_ws/install/my_package:/opt/ros/humble'), ('SHELL', '/bin/bash'), ('QT_ACCESSIBILITY', '1'), ('GDMSESSION', 'ubuntu'), ('LESSCLOSE', '/usr/bin/lesspipe %s %s'), ('QT_IM_MODULE', 'ibus'), ('PWD', '/home/samiksha/ros2_ws/build/turtlesim'), ('LC_ALL', 'en_US.UTF-8'), ('XDG_CONFIG_DIRS', '/etc/xdg/xdg-ubuntu:/etc/xdg'), ('XDG_DATA_DIRS', '/usr/share/ubuntu:/usr/local/share/:/usr/share/:/var/lib/snapd/desktop'), ('PYTHONPATH', '/home/samiksha/ros2_ws/install/turtlesim/local/lib/python3.10/dist-packages:/home/samiksha/ros2_ws/install/task_controller/lib/python3.10/site-packages:/opt/ros/humble/lib/python3.10/site-packages:/opt/ros/humble/local/lib/python3.10/dist-packages'), ('COLCON', '1'), ('VTE_VERSION', '6800'), ('CMAKE_PREFIX_PATH', '/home/samiksha/ros2_ws/install/turtlesim:/home/samiksha/ros2_ws/install/my_package:/home/samiksha/ros2_ws/install/task_controller:/opt/ros/humble')]), 'shell': False}
[0.611318] (turtlesim) StdoutLine: {'line': b'-- Install configuration: ""\n'}
[0.611516] (turtlesim) StdoutLine: {'line': b'-- Up-to-date: /home/samiksha/ros2_ws/install/turtlesim/share/ament_index/resource_index/rosidl_interfaces/turtlesim\n'}
[0.611576] (turtlesim) StdoutLine: {'line': b'-- Up-to-date: /home/samiksha/ros2_ws/install/turtlesim/include/turtlesim/turtlesim\n'}
[0.611624] (turtlesim) StdoutLine: {'line': b'-- Up-to-date: /home/samiksha/ros2_ws/install/turtlesim/include/turtlesim/turtlesim/action\n'}
[0.611709] (turtlesim) StdoutLine: {'line': b'-- Up-to-date: /home/samiksha/ros2_ws/install/turtlesim/include/turtlesim/turtlesim/action/detail\n'}
[0.611751] (turtlesim) StdoutLine: {'line': b'-- Up-to-date: /home/samiksha/ros2_ws/install/turtlesim/include/turtlesim/turtlesim/action/detail/rotate_absolute__type_support.h\n'}
[0.611859] (turtlesim) StdoutLine: {'line': b'-- Up-to-date: /home/samiksha/ros2_ws/install/turtlesim/include/turtlesim/turtlesim/action/detail/rotate_absolute__functions.c\n'}
[0.611895] (turtlesim) StdoutLine: {'line': b'-- Up-to-date: /home/samiksha/ros2_ws/install/turtlesim/include/turtlesim/turtlesim/action/detail/rotate_absolute__struct.h\n'}
[0.611931] (turtlesim) StdoutLine: {'line': b'-- Up-to-date: /home/samiksha/ros2_ws/install/turtlesim/include/turtlesim/turtlesim/action/detail/rotate_absolute__functions.h\n'}
[0.611967] (turtlesim) StdoutLine: {'line': b'-- Up-to-date: /home/samiksha/ros2_ws/install/turtlesim/include/turtlesim/turtlesim/action/rotate_absolute.h\n'}
[0.612002] (turtlesim) StdoutLine: {'line': b'-- Up-to-date: /home/samiksha/ros2_ws/install/turtlesim/include/turtlesim/turtlesim/msg\n'}
[0.612036] (turtlesim) StdoutLine: {'line': b'-- Up-to-date: /home/samiksha/ros2_ws/install/turtlesim/include/turtlesim/turtlesim/msg/color.h\n'}
[0.612069] (turtlesim) StdoutLine: {'line': b'-- Up-to-date: /home/samiksha/ros2_ws/install/turtlesim/include/turtlesim/turtlesim/msg/pose.h\n'}
[0.612101] (turtlesim) StdoutLine: {'line': b'-- Up-to-date: /home/samiksha/ros2_ws/install/turtlesim/include/turtlesim/turtlesim/msg/detail\n'}
[0.612136] (turtlesim) StdoutLine: {'line': b'-- Up-to-date: /home/samiksha/ros2_ws/install/turtlesim/include/turtlesim/turtlesim/msg/detail/color__struct.h\n'}
[0.612171] (turtlesim) StdoutLine: {'line': b'-- Up-to-date: /home/samiksha/ros2_ws/install/turtlesim/include/turtlesim/turtlesim/msg/detail/pose__functions.c\n'}
[0.612207] (turtlesim) StdoutLine: {'line': b'-- Up-to-date: /home/samiksha/ros2_ws/install/turtlesim/include/turtlesim/turtlesim/msg/detail/pose__functions.h\n'}
[0.612244] (turtlesim) StdoutLine: {'line': b'-- Up-to-date: /home/samiksha/ros2_ws/install/turtlesim/include/turtlesim/turtlesim/msg/detail/color__functions.h\n'}
[0.612280] (turtlesim) StdoutLine: {'line': b'-- Up-to-date: /home/samiksha/ros2_ws/install/turtlesim/include/turtlesim/turtlesim/msg/detail/pose__struct.h\n'}
[0.612518] (turtlesim) StdoutLine: {'line': b'-- Up-to-date: /home/samiksha/ros2_ws/install/turtlesim/include/turtlesim/turtlesim/msg/detail/color__type_support.h\n'}
[0.612820] (turtlesim) StdoutLine: {'line': b'-- Up-to-date: /home/samiksha/ros2_ws/install/turtlesim/include/turtlesim/turtlesim/msg/detail/color__functions.c\n'}
[0.612898] (turtlesim) StdoutLine: {'line': b'-- Up-to-date: /home/samiksha/ros2_ws/install/turtlesim/include/turtlesim/turtlesim/msg/detail/pose__type_support.h\n'}
[0.612949] (turtlesim) StdoutLine: {'line': b'-- Up-to-date: /home/samiksha/ros2_ws/install/turtlesim/include/turtlesim/turtlesim/msg/rosidl_generator_c__visibility_control.h\n'}
[0.613009] (turtlesim) StdoutLine: {'line': b'-- Up-to-date: /home/samiksha/ros2_ws/install/turtlesim/include/turtlesim/turtlesim/srv\n'}
[0.613068] (turtlesim) StdoutLine: {'line': b'-- Up-to-date: /home/samiksha/ros2_ws/install/turtlesim/include/turtlesim/turtlesim/srv/spawn.h\n'}
[0.613123] (turtlesim) StdoutLine: {'line': b'-- Up-to-date: /home/samiksha/ros2_ws/install/turtlesim/include/turtlesim/turtlesim/srv/set_pen.h\n'}
[0.613175] (turtlesim) StdoutLine: {'line': b'-- Up-to-date: /home/samiksha/ros2_ws/install/turtlesim/include/turtlesim/turtlesim/srv/kill.h\n'}
[0.613226] (turtlesim) StdoutLine: {'line': b'-- Up-to-date: /home/samiksha/ros2_ws/install/turtlesim/include/turtlesim/turtlesim/srv/detail\n'}
[0.613278] (turtlesim) StdoutLine: {'line': b'-- Up-to-date: /home/samiksha/ros2_ws/install/turtlesim/include/turtlesim/turtlesim/srv/detail/teleport_absolute__type_support.h\n'}
[0.613499] (turtlesim) StdoutLine: {'line': b'-- Up-to-date: /home/samiksha/ros2_ws/install/turtlesim/include/turtlesim/turtlesim/srv/detail/set_pen__functions.c\n'}
[0.613575] (turtlesim) StdoutLine: {'line': b'-- Up-to-date: /home/samiksha/ros2_ws/install/turtlesim/include/turtlesim/turtlesim/srv/detail/spawn__functions.h\n'}
[0.613638] (turtlesim) StdoutLine: {'line': b'-- Up-to-date: /home/samiksha/ros2_ws/install/turtlesim/include/turtlesim/turtlesim/srv/detail/set_pen__struct.h\n'}
[0.613734] (turtlesim) StdoutLine: {'line': b'-- Up-to-date: /home/samiksha/ros2_ws/install/turtlesim/include/turtlesim/turtlesim/srv/detail/kill__functions.h\n'}
[0.613817] (turtlesim) StdoutLine: {'line': b'-- Up-to-date: /home/samiksha/ros2_ws/install/turtlesim/include/turtlesim/turtlesim/srv/detail/spawn__struct.h\n'}
[0.613876] (turtlesim) StdoutLine: {'line': b'-- Up-to-date: /home/samiksha/ros2_ws/install/turtlesim/include/turtlesim/turtlesim/srv/detail/teleport_relative__type_support.h\n'}
[0.613934] (turtlesim) StdoutLine: {'line': b'-- Up-to-date: /home/samiksha/ros2_ws/install/turtlesim/include/turtlesim/turtlesim/srv/detail/set_pen__type_support.h\n'}
[0.613985] (turtlesim) StdoutLine: {'line': b'-- Up-to-date: /home/samiksha/ros2_ws/install/turtlesim/include/turtlesim/turtlesim/srv/detail/teleport_absolute__struct.h\n'}
[0.614051] (turtlesim) StdoutLine: {'line': b'-- Up-to-date: /home/samiksha/ros2_ws/install/turtlesim/include/turtlesim/turtlesim/srv/detail/teleport_absolute__functions.c\n'}
[0.614098] (turtlesim) StdoutLine: {'line': b'-- Up-to-date: /home/samiksha/ros2_ws/install/turtlesim/include/turtlesim/turtlesim/srv/detail/spawn__type_support.h\n'}
[0.614146] (turtlesim) StdoutLine: {'line': b'-- Up-to-date: /home/samiksha/ros2_ws/install/turtlesim/include/turtlesim/turtlesim/srv/detail/teleport_relative__functions.c\n'}
[0.614199] (turtlesim) StdoutLine: {'line': b'-- Up-to-date: /home/samiksha/ros2_ws/install/turtlesim/include/turtlesim/turtlesim/srv/detail/set_pen__functions.h\n'}
[0.614258] (turtlesim) StdoutLine: {'line': b'-- Up-to-date: /home/samiksha/ros2_ws/install/turtlesim/include/turtlesim/turtlesim/srv/detail/spawn__functions.c\n'}
[0.614313] (turtlesim) StdoutLine: {'line': b'-- Up-to-date: /home/samiksha/ros2_ws/install/turtlesim/include/turtlesim/turtlesim/srv/detail/teleport_absolute__functions.h\n'}
[0.614446] (turtlesim) StdoutLine: {'line': b'-- Up-to-date: /home/samiksha/ros2_ws/install/turtlesim/include/turtlesim/turtlesim/srv/detail/teleport_relative__functions.h\n'}
[0.614501] (turtlesim) StdoutLine: {'line': b'-- Up-to-date: /home/samiksha/ros2_ws/install/turtlesim/include/turtlesim/turtlesim/srv/detail/kill__type_support.h\n'}
[0.614543] (turtlesim) StdoutLine: {'line': b'-- Up-to-date: /home/samiksha/ros2_ws/install/turtlesim/include/turtlesim/turtlesim/srv/detail/kill__struct.h\n'}
[0.614582] (turtlesim) StdoutLine: {'line': b'-- Up-to-date: /home/samiksha/ros2_ws/install/turtlesim/include/turtlesim/turtlesim/srv/detail/teleport_relative__struct.h\n'}
[0.614643] (turtlesim) StdoutLine: {'line': b'-- Up-to-date: /home/samiksha/ros2_ws/install/turtlesim/include/turtlesim/turtlesim/srv/detail/kill__functions.c\n'}
[0.614696] (turtlesim) StdoutLine: {'line': b'-- Up-to-date: /home/samiksha/ros2_ws/install/turtlesim/include/turtlesim/turtlesim/srv/teleport_absolute.h\n'}
[0.614747] (turtlesim) StdoutLine: {'line': b'-- Up-to-date: /home/samiksha/ros2_ws/install/turtlesim/include/turtlesim/turtlesim/srv/teleport_relative.h\n'}
[0.614797] (turtlesim) StdoutLine: {'line': b'-- Up-to-date: /home/samiksha/ros2_ws/install/turtlesim/share/turtlesim/environment/library_path.sh\n'}
[0.614874] (turtlesim) StdoutLine: {'line': b'-- Up-to-date: /home/samiksha/ros2_ws/install/turtlesim/share/turtlesim/environment/library_path.dsv\n'}
[0.614964] (turtlesim) StdoutLine: {'line': b'-- Up-to-date: /home/samiksha/ros2_ws/install/turtlesim/lib/libturtlesim__rosidl_generator_c.so\n'}
[0.615026] (turtlesim) StdoutLine: {'line': b'-- Up-to-date: /home/samiksha/ros2_ws/install/turtlesim/include/turtlesim/turtlesim\n'}
[0.615078] (turtlesim) StdoutLine: {'line': b'-- Up-to-date: /home/samiksha/ros2_ws/install/turtlesim/include/turtlesim/turtlesim/action\n'}
[0.615131] (turtlesim) StdoutLine: {'line': b'-- Up-to-date: /home/samiksha/ros2_ws/install/turtlesim/include/turtlesim/turtlesim/action/detail\n'}
[0.615183] (turtlesim) StdoutLine: {'line': b'-- Up-to-date: /home/samiksha/ros2_ws/install/turtlesim/include/turtlesim/turtlesim/action/detail/rotate_absolute__rosidl_typesupport_fastrtps_c.h\n'}
[0.615253] (turtlesim) StdoutLine: {'line': b'-- Up-to-date: /home/samiksha/ros2_ws/install/turtlesim/include/turtlesim/turtlesim/msg\n'}
[0.615303] (turtlesim) StdoutLine: {'line': b'-- Up-to-date: /home/samiksha/ros2_ws/install/turtlesim/include/turtlesim/turtlesim/msg/detail\n'}
[0.615534] (turtlesim) StdoutLine: {'line': b'-- Up-to-date: /home/samiksha/ros2_ws/install/turtlesim/include/turtlesim/turtlesim/msg/detail/pose__rosidl_typesupport_fastrtps_c.h\n'}
[0.615688] (turtlesim) StdoutLine: {'line': b'-- Up-to-date: /home/samiksha/ros2_ws/install/turtlesim/include/turtlesim/turtlesim/msg/detail/color__rosidl_typesupport_fastrtps_c.h\n'}
[0.615839] (turtlesim) StdoutLine: {'line': b'-- Up-to-date: /home/samiksha/ros2_ws/install/turtlesim/include/turtlesim/turtlesim/msg/rosidl_typesupport_fastrtps_c__visibility_control.h\n'}
[0.616043] (turtlesim) StdoutLine: {'line': b'-- Up-to-date: /home/samiksha/ros2_ws/install/turtlesim/include/turtlesim/turtlesim/srv\n'}
[0.616136] (turtlesim) StdoutLine: {'line': b'-- Up-to-date: /home/samiksha/ros2_ws/install/turtlesim/include/turtlesim/turtlesim/srv/detail\n'}
[0.616250] (turtlesim) StdoutLine: {'line': b'-- Up-to-date: /home/samiksha/ros2_ws/install/turtlesim/include/turtlesim/turtlesim/srv/detail/spawn__rosidl_typesupport_fastrtps_c.h\n'}
[0.616367] (turtlesim) StdoutLine: {'line': b'-- Up-to-date: /home/samiksha/ros2_ws/install/turtlesim/include/turtlesim/turtlesim/srv/detail/teleport_absolute__rosidl_typesupport_fastrtps_c.h\n'}
[0.616478] (turtlesim) StdoutLine: {'line': b'-- Up-to-date: /home/samiksha/ros2_ws/install/turtlesim/include/turtlesim/turtlesim/srv/detail/teleport_relative__rosidl_typesupport_fastrtps_c.h\n'}
[0.616550] (turtlesim) StdoutLine: {'line': b'-- Up-to-date: /home/samiksha/ros2_ws/install/turtlesim/include/turtlesim/turtlesim/srv/detail/set_pen__rosidl_typesupport_fastrtps_c.h\n'}
[0.616629] (turtlesim) StdoutLine: {'line': b'-- Up-to-date: /home/samiksha/ros2_ws/install/turtlesim/include/turtlesim/turtlesim/srv/detail/kill__rosidl_typesupport_fastrtps_c.h\n'}
[0.616705] (turtlesim) StdoutLine: {'line': b'-- Up-to-date: /home/samiksha/ros2_ws/install/turtlesim/lib/libturtlesim__rosidl_typesupport_fastrtps_c.so\n'}
[0.616779] (turtlesim) StdoutLine: {'line': b'-- Up-to-date: /home/samiksha/ros2_ws/install/turtlesim/include/turtlesim/turtlesim\n'}
[0.616850] (turtlesim) StdoutLine: {'line': b'-- Up-to-date: /home/samiksha/ros2_ws/install/turtlesim/include/turtlesim/turtlesim/action\n'}
[0.616919] (turtlesim) StdoutLine: {'line': b'-- Up-to-date: /home/samiksha/ros2_ws/install/turtlesim/include/turtlesim/turtlesim/action/detail\n'}
[0.616990] (turtlesim) StdoutLine: {'line': b'-- Up-to-date: /home/samiksha/ros2_ws/install/turtlesim/include/turtlesim/turtlesim/action/detail/rotate_absolute__struct.hpp\n'}
[0.617059] (turtlesim) StdoutLine: {'line': b'-- Up-to-date: /home/samiksha/ros2_ws/install/turtlesim/include/turtlesim/turtlesim/action/detail/rotate_absolute__type_support.hpp\n'}
[0.617129] (turtlesim) StdoutLine: {'line': b'-- Up-to-date: /home/samiksha/ros2_ws/install/turtlesim/include/turtlesim/turtlesim/action/detail/rotate_absolute__builder.hpp\n'}
[0.617199] (turtlesim) StdoutLine: {'line': b'-- Up-to-date: /home/samiksha/ros2_ws/install/turtlesim/include/turtlesim/turtlesim/action/detail/rotate_absolute__traits.hpp\n'}
[0.617269] (turtlesim) StdoutLine: {'line': b'-- Up-to-date: /home/samiksha/ros2_ws/install/turtlesim/include/turtlesim/turtlesim/action/rotate_absolute.hpp\n'}
[0.617382] (turtlesim) StdoutLine: {'line': b'-- Up-to-date: /home/samiksha/ros2_ws/install/turtlesim/include/turtlesim/turtlesim/msg\n'}
[0.617682] (turtlesim) StdoutLine: {'line': b'-- Up-to-date: /home/samiksha/ros2_ws/install/turtlesim/include/turtlesim/turtlesim/msg/detail\n'}
[0.617797] (turtlesim) StdoutLine: {'line': b'-- Up-to-date: /home/samiksha/ros2_ws/install/turtlesim/include/turtlesim/turtlesim/msg/detail/color__struct.hpp\n'}
[0.617988] (turtlesim) StdoutLine: {'line': b'-- Up-to-date: /home/samiksha/ros2_ws/install/turtlesim/include/turtlesim/turtlesim/msg/detail/pose__type_support.hpp\n'}
[0.618088] (turtlesim) StdoutLine: {'line': b'-- Up-to-date: /home/samiksha/ros2_ws/install/turtlesim/include/turtlesim/turtlesim/msg/detail/color__builder.hpp\n'}
[0.618187] (turtlesim) StdoutLine: {'line': b'-- Up-to-date: /home/samiksha/ros2_ws/install/turtlesim/include/turtlesim/turtlesim/msg/detail/pose__struct.hpp\n'}
[0.618284] (turtlesim) StdoutLine: {'line': b'-- Up-to-date: /home/samiksha/ros2_ws/install/turtlesim/include/turtlesim/turtlesim/msg/detail/color__traits.hpp\n'}
[0.618451] (turtlesim) StdoutLine: {'line': b'-- Up-to-date: /home/samiksha/ros2_ws/install/turtlesim/include/turtlesim/turtlesim/msg/detail/color__type_support.hpp\n'}
[0.618563] (turtlesim) StdoutLine: {'line': b'-- Up-to-date: /home/samiksha/ros2_ws/install/turtlesim/include/turtlesim/turtlesim/msg/detail/pose__builder.hpp\n'}
[0.618653] (turtlesim) StdoutLine: {'line': b'-- Up-to-date: /home/samiksha/ros2_ws/install/turtlesim/include/turtlesim/turtlesim/msg/detail/pose__traits.hpp\n'}
[0.618730] (turtlesim) StdoutLine: {'line': b'-- Up-to-date: /home/samiksha/ros2_ws/install/turtlesim/include/turtlesim/turtlesim/msg/color.hpp\n'}
[0.618809] (turtlesim) StdoutLine: {'line': b'-- Up-to-date: /home/samiksha/ros2_ws/install/turtlesim/include/turtlesim/turtlesim/msg/pose.hpp\n'}
[0.618885] (turtlesim) StdoutLine: {'line': b'-- Up-to-date: /home/samiksha/ros2_ws/install/turtlesim/include/turtlesim/turtlesim/msg/rosidl_generator_cpp__visibility_control.hpp\n'}
[0.618961] (turtlesim) StdoutLine: {'line': b'-- Up-to-date: /home/samiksha/ros2_ws/install/turtlesim/include/turtlesim/turtlesim/srv\n'}
[0.619033] (turtlesim) StdoutLine: {'line': b'-- Up-to-date: /home/samiksha/ros2_ws/install/turtlesim/include/turtlesim/turtlesim/srv/detail\n'}
[0.619110] (turtlesim) StdoutLine: {'line': b'-- Up-to-date: /home/samiksha/ros2_ws/install/turtlesim/include/turtlesim/turtlesim/srv/detail/spawn__type_support.hpp\n'}
[0.619190] (turtlesim) StdoutLine: {'line': b'-- Up-to-date: /home/samiksha/ros2_ws/install/turtlesim/include/turtlesim/turtlesim/srv/detail/set_pen__struct.hpp\n'}
[0.619264] (turtlesim) StdoutLine: {'line': b'-- Up-to-date: /home/samiksha/ros2_ws/install/turtlesim/include/turtlesim/turtlesim/srv/detail/spawn__builder.hpp\n'}
[0.619362] (turtlesim) StdoutLine: {'line': b'-- Up-to-date: /home/samiksha/ros2_ws/install/turtlesim/include/turtlesim/turtlesim/srv/detail/teleport_relative__builder.hpp\n'}
[0.619489] (turtlesim) StdoutLine: {'line': b'-- Up-to-date: /home/samiksha/ros2_ws/install/turtlesim/include/turtlesim/turtlesim/srv/detail/set_pen__traits.hpp\n'}
[0.619600] (turtlesim) StdoutLine: {'line': b'-- Up-to-date: /home/samiksha/ros2_ws/install/turtlesim/include/turtlesim/turtlesim/srv/detail/kill__builder.hpp\n'}
[0.619711] (turtlesim) StdoutLine: {'line': b'-- Up-to-date: /home/samiksha/ros2_ws/install/turtlesim/include/turtlesim/turtlesim/srv/detail/set_pen__builder.hpp\n'}
[0.619816] (turtlesim) StdoutLine: {'line': b'-- Up-to-date: /home/samiksha/ros2_ws/install/turtlesim/include/turtlesim/turtlesim/srv/detail/teleport_relative__traits.hpp\n'}
[0.619924] (turtlesim) StdoutLine: {'line': b'-- Up-to-date: /home/samiksha/ros2_ws/install/turtlesim/include/turtlesim/turtlesim/srv/detail/set_pen__type_support.hpp\n'}
[0.620023] (turtlesim) StdoutLine: {'line': b'-- Up-to-date: /home/samiksha/ros2_ws/install/turtlesim/include/turtlesim/turtlesim/srv/detail/spawn__traits.hpp\n'}
[0.620116] (turtlesim) StdoutLine: {'line': b'-- Up-to-date: /home/samiksha/ros2_ws/install/turtlesim/include/turtlesim/turtlesim/srv/detail/teleport_relative__struct.hpp\n'}
[0.620212] (turtlesim) StdoutLine: {'line': b'-- Up-to-date: /home/samiksha/ros2_ws/install/turtlesim/include/turtlesim/turtlesim/srv/detail/kill__traits.hpp\n'}
[0.620304] (turtlesim) StdoutLine: {'line': b'-- Up-to-date: /home/samiksha/ros2_ws/install/turtlesim/include/turtlesim/turtlesim/srv/detail/teleport_absolute__type_support.hpp\n'}
[0.620434] (turtlesim) StdoutLine: {'line': b'-- Up-to-date: /home/samiksha/ros2_ws/install/turtlesim/include/turtlesim/turtlesim/srv/detail/kill__struct.hpp\n'}
[0.620537] (turtlesim) StdoutLine: {'line': b'-- Up-to-date: /home/samiksha/ros2_ws/install/turtlesim/include/turtlesim/turtlesim/srv/detail/teleport_absolute__builder.hpp\n'}
[0.620630] (turtlesim) StdoutLine: {'line': b'-- Up-to-date: /home/samiksha/ros2_ws/install/turtlesim/include/turtlesim/turtlesim/srv/detail/teleport_absolute__traits.hpp\n'}
[0.620726] (turtlesim) StdoutLine: {'line': b'-- Up-to-date: /home/samiksha/ros2_ws/install/turtlesim/include/turtlesim/turtlesim/srv/detail/teleport_relative__type_support.hpp\n'}
[0.620817] (turtlesim) StdoutLine: {'line': b'-- Up-to-date: /home/samiksha/ros2_ws/install/turtlesim/include/turtlesim/turtlesim/srv/detail/kill__type_support.hpp\n'}
[0.620909] (turtlesim) StdoutLine: {'line': b'-- Up-to-date: /home/samiksha/ros2_ws/install/turtlesim/include/turtlesim/turtlesim/srv/detail/teleport_absolute__struct.hpp\n'}
[0.621001] (turtlesim) StdoutLine: {'line': b'-- Up-to-date: /home/samiksha/ros2_ws/install/turtlesim/include/turtlesim/turtlesim/srv/detail/spawn__struct.hpp\n'}
[0.621085] (turtlesim) StdoutLine: {'line': b'-- Up-to-date: /home/samiksha/ros2_ws/install/turtlesim/include/turtlesim/turtlesim/srv/teleport_absolute.hpp\n'}
[0.621167] (turtlesim) StdoutLine: {'line': b'-- Up-to-date: /home/samiksha/ros2_ws/install/turtlesim/include/turtlesim/turtlesim/srv/set_pen.hpp\n'}
[0.621239] (turtlesim) StdoutLine: {'line': b'-- Up-to-date: /home/samiksha/ros2_ws/install/turtlesim/include/turtlesim/turtlesim/srv/spawn.hpp\n'}
[0.621315] (turtlesim) StdoutLine: {'line': b'-- Up-to-date: /home/samiksha/ros2_ws/install/turtlesim/include/turtlesim/turtlesim/srv/teleport_relative.hpp\n'}
[0.621417] (turtlesim) StdoutLine: {'line': b'-- Up-to-date: /home/samiksha/ros2_ws/install/turtlesim/include/turtlesim/turtlesim/srv/kill.hpp\n'}
[0.621527] (turtlesim) StdoutLine: {'line': b'-- Up-to-date: /home/samiksha/ros2_ws/install/turtlesim/include/turtlesim/turtlesim\n'}
[0.621638] (turtlesim) StdoutLine: {'line': b'-- Up-to-date: /home/samiksha/ros2_ws/install/turtlesim/include/turtlesim/turtlesim/action\n'}
[0.621730] (turtlesim) StdoutLine: {'line': b'-- Up-to-date: /home/samiksha/ros2_ws/install/turtlesim/include/turtlesim/turtlesim/action/detail\n'}
[0.621818] (turtlesim) StdoutLine: {'line': b'-- Up-to-date: /home/samiksha/ros2_ws/install/turtlesim/include/turtlesim/turtlesim/action/detail/rotate_absolute__rosidl_typesupport_fastrtps_cpp.hpp\n'}
[0.621909] (turtlesim) StdoutLine: {'line': b'-- Up-to-date: /home/samiksha/ros2_ws/install/turtlesim/include/turtlesim/turtlesim/action/detail/dds_fastrtps\n'}
[0.621991] (turtlesim) StdoutLine: {'line': b'-- Up-to-date: /home/samiksha/ros2_ws/install/turtlesim/include/turtlesim/turtlesim/msg\n'}
[0.622071] (turtlesim) StdoutLine: {'line': b'-- Up-to-date: /home/samiksha/ros2_ws/install/turtlesim/include/turtlesim/turtlesim/msg/detail\n'}
[0.622151] (turtlesim) StdoutLine: {'line': b'-- Up-to-date: /home/samiksha/ros2_ws/install/turtlesim/include/turtlesim/turtlesim/msg/detail/pose__rosidl_typesupport_fastrtps_cpp.hpp\n'}
[0.622230] (turtlesim) StdoutLine: {'line': b'-- Up-to-date: /home/samiksha/ros2_ws/install/turtlesim/include/turtlesim/turtlesim/msg/detail/dds_fastrtps\n'}
[0.622309] (turtlesim) StdoutLine: {'line': b'-- Up-to-date: /home/samiksha/ros2_ws/install/turtlesim/include/turtlesim/turtlesim/msg/detail/color__rosidl_typesupport_fastrtps_cpp.hpp\n'}
[0.622408] (turtlesim) StdoutLine: {'line': b'-- Up-to-date: /home/samiksha/ros2_ws/install/turtlesim/include/turtlesim/turtlesim/msg/rosidl_typesupport_fastrtps_cpp__visibility_control.h\n'}
[0.622490] (turtlesim) StdoutLine: {'line': b'-- Up-to-date: /home/samiksha/ros2_ws/install/turtlesim/include/turtlesim/turtlesim/srv\n'}
[0.622567] (turtlesim) StdoutLine: {'line': b'-- Up-to-date: /home/samiksha/ros2_ws/install/turtlesim/include/turtlesim/turtlesim/srv/detail\n'}
[0.622645] (turtlesim) StdoutLine: {'line': b'-- Up-to-date: /home/samiksha/ros2_ws/install/turtlesim/include/turtlesim/turtlesim/srv/detail/teleport_relative__rosidl_typesupport_fastrtps_cpp.hpp\n'}
[0.622731] (turtlesim) StdoutLine: {'line': b'-- Up-to-date: /home/samiksha/ros2_ws/install/turtlesim/include/turtlesim/turtlesim/srv/detail/teleport_absolute__rosidl_typesupport_fastrtps_cpp.hpp\n'}
[0.622807] (turtlesim) StdoutLine: {'line': b'-- Up-to-date: /home/samiksha/ros2_ws/install/turtlesim/include/turtlesim/turtlesim/srv/detail/kill__rosidl_typesupport_fastrtps_cpp.hpp\n'}
[0.622885] (turtlesim) StdoutLine: {'line': b'-- Up-to-date: /home/samiksha/ros2_ws/install/turtlesim/include/turtlesim/turtlesim/srv/detail/set_pen__rosidl_typesupport_fastrtps_cpp.hpp\n'}
[0.622961] (turtlesim) StdoutLine: {'line': b'-- Up-to-date: /home/samiksha/ros2_ws/install/turtlesim/include/turtlesim/turtlesim/srv/detail/spawn__rosidl_typesupport_fastrtps_cpp.hpp\n'}
[0.623047] (turtlesim) StdoutLine: {'line': b'-- Up-to-date: /home/samiksha/ros2_ws/install/turtlesim/include/turtlesim/turtlesim/srv/detail/dds_fastrtps\n'}
[0.623123] (turtlesim) StdoutLine: {'line': b'-- Up-to-date: /home/samiksha/ros2_ws/install/turtlesim/lib/libturtlesim__rosidl_typesupport_fastrtps_cpp.so\n'}
[0.623197] (turtlesim) StdoutLine: {'line': b'-- Up-to-date: /home/samiksha/ros2_ws/install/turtlesim/include/turtlesim/turtlesim\n'}
[0.623271] (turtlesim) StdoutLine: {'line': b'-- Up-to-date: /home/samiksha/ros2_ws/install/turtlesim/include/turtlesim/turtlesim/action\n'}
[0.623352] (turtlesim) StdoutLine: {'line': b'-- Up-to-date: /home/samiksha/ros2_ws/install/turtlesim/include/turtlesim/turtlesim/action/detail\n'}
[0.623437] (turtlesim) StdoutLine: {'line': b'-- Up-to-date: /home/samiksha/ros2_ws/install/turtlesim/include/turtlesim/turtlesim/action/detail/rotate_absolute__type_support.c\n'}
[0.623510] (turtlesim) StdoutLine: {'line': b'-- Up-to-date: /home/samiksha/ros2_ws/install/turtlesim/include/turtlesim/turtlesim/action/detail/rotate_absolute__rosidl_typesupport_introspection_c.h\n'}
[0.623581] (turtlesim) StdoutLine: {'line': b'-- Up-to-date: /home/samiksha/ros2_ws/install/turtlesim/include/turtlesim/turtlesim/msg\n'}
[0.623658] (turtlesim) StdoutLine: {'line': b'-- Up-to-date: /home/samiksha/ros2_ws/install/turtlesim/include/turtlesim/turtlesim/msg/detail\n'}
[0.623740] (turtlesim) StdoutLine: {'line': b'-- Up-to-date: /home/samiksha/ros2_ws/install/turtlesim/include/turtlesim/turtlesim/msg/detail/color__rosidl_typesupport_introspection_c.h\n'}
[0.623824] (turtlesim) StdoutLine: {'line': b'-- Up-to-date: /home/samiksha/ros2_ws/install/turtlesim/include/turtlesim/turtlesim/msg/detail/color__type_support.c\n'}
[0.623909] (turtlesim) StdoutLine: {'line': b'-- Up-to-date: /home/samiksha/ros2_ws/install/turtlesim/include/turtlesim/turtlesim/msg/detail/pose__type_support.c\n'}
[0.623992] (turtlesim) StdoutLine: {'line': b'-- Up-to-date: /home/samiksha/ros2_ws/install/turtlesim/include/turtlesim/turtlesim/msg/detail/pose__rosidl_typesupport_introspection_c.h\n'}
[0.624075] (turtlesim) StdoutLine: {'line': b'-- Up-to-date: /home/samiksha/ros2_ws/install/turtlesim/include/turtlesim/turtlesim/msg/rosidl_typesupport_introspection_c__visibility_control.h\n'}
[0.624158] (turtlesim) StdoutLine: {'line': b'-- Up-to-date: /home/samiksha/ros2_ws/install/turtlesim/include/turtlesim/turtlesim/srv\n'}
[0.624240] (turtlesim) StdoutLine: {'line': b'-- Up-to-date: /home/samiksha/ros2_ws/install/turtlesim/include/turtlesim/turtlesim/srv/detail\n'}
[0.624337] (turtlesim) StdoutLine: {'line': b'-- Up-to-date: /home/samiksha/ros2_ws/install/turtlesim/include/turtlesim/turtlesim/srv/detail/kill__rosidl_typesupport_introspection_c.h\n'}
[0.624429] (turtlesim) StdoutLine: {'line': b'-- Up-to-date: /home/samiksha/ros2_ws/install/turtlesim/include/turtlesim/turtlesim/srv/detail/kill__type_support.c\n'}
[0.624517] (turtlesim) StdoutLine: {'line': b'-- Up-to-date: /home/samiksha/ros2_ws/install/turtlesim/include/turtlesim/turtlesim/srv/detail/teleport_relative__rosidl_typesupport_introspection_c.h\n'}
[0.624600] (turtlesim) StdoutLine: {'line': b'-- Up-to-date: /home/samiksha/ros2_ws/install/turtlesim/include/turtlesim/turtlesim/srv/detail/spawn__type_support.c\n'}
[0.624688] (turtlesim) StdoutLine: {'line': b'-- Up-to-date: /home/samiksha/ros2_ws/install/turtlesim/include/turtlesim/turtlesim/srv/detail/spawn__rosidl_typesupport_introspection_c.h\n'}
[0.624771] (turtlesim) StdoutLine: {'line': b'-- Up-to-date: /home/samiksha/ros2_ws/install/turtlesim/include/turtlesim/turtlesim/srv/detail/set_pen__rosidl_typesupport_introspection_c.h\n'}
[0.624852] (turtlesim) StdoutLine: {'line': b'-- Up-to-date: /home/samiksha/ros2_ws/install/turtlesim/include/turtlesim/turtlesim/srv/detail/teleport_absolute__rosidl_typesupport_introspection_c.h\n'}
[0.624934] (turtlesim) StdoutLine: {'line': b'-- Up-to-date: /home/samiksha/ros2_ws/install/turtlesim/include/turtlesim/turtlesim/srv/detail/teleport_absolute__type_support.c\n'}
[0.625016] (turtlesim) StdoutLine: {'line': b'-- Up-to-date: /home/samiksha/ros2_ws/install/turtlesim/include/turtlesim/turtlesim/srv/detail/set_pen__type_support.c\n'}
[0.625098] (turtlesim) StdoutLine: {'line': b'-- Up-to-date: /home/samiksha/ros2_ws/install/turtlesim/include/turtlesim/turtlesim/srv/detail/teleport_relative__type_support.c\n'}
[0.625180] (turtlesim) StdoutLine: {'line': b'-- Up-to-date: /home/samiksha/ros2_ws/install/turtlesim/lib/libturtlesim__rosidl_typesupport_introspection_c.so\n'}
[0.625262] (turtlesim) StdoutLine: {'line': b'-- Up-to-date: /home/samiksha/ros2_ws/install/turtlesim/lib/libturtlesim__rosidl_typesupport_c.so\n'}
[0.625363] (turtlesim) StdoutLine: {'line': b'-- Up-to-date: /home/samiksha/ros2_ws/install/turtlesim/include/turtlesim/turtlesim\n'}
[0.625460] (turtlesim) StdoutLine: {'line': b'-- Up-to-date: /home/samiksha/ros2_ws/install/turtlesim/include/turtlesim/turtlesim/action\n'}
[0.625715] (turtlesim) StdoutLine: {'line': b'-- Up-to-date: /home/samiksha/ros2_ws/install/turtlesim/include/turtlesim/turtlesim/action/detail\n'}
[0.625760] (turtlesim) StdoutLine: {'line': b'-- Up-to-date: /home/samiksha/ros2_ws/install/turtlesim/include/turtlesim/turtlesim/action/detail/rotate_absolute__rosidl_typesupport_introspection_cpp.hpp\n'}
[0.625795] (turtlesim) StdoutLine: {'line': b'-- Up-to-date: /home/samiksha/ros2_ws/install/turtlesim/include/turtlesim/turtlesim/action/detail/rotate_absolute__type_support.cpp\n'}
[0.625826] (turtlesim) StdoutLine: {'line': b'-- Up-to-date: /home/samiksha/ros2_ws/install/turtlesim/include/turtlesim/turtlesim/msg\n'}
[0.625856] (turtlesim) StdoutLine: {'line': b'-- Up-to-date: /home/samiksha/ros2_ws/install/turtlesim/include/turtlesim/turtlesim/msg/detail\n'}
[0.625897] (turtlesim) StdoutLine: {'line': b'-- Up-to-date: /home/samiksha/ros2_ws/install/turtlesim/include/turtlesim/turtlesim/msg/detail/pose__rosidl_typesupport_introspection_cpp.hpp\n'}
[0.625927] (turtlesim) StdoutLine: {'line': b'-- Up-to-date: /home/samiksha/ros2_ws/install/turtlesim/include/turtlesim/turtlesim/msg/detail/color__rosidl_typesupport_introspection_cpp.hpp\n'}
[0.625957] (turtlesim) StdoutLine: {'line': b'-- Up-to-date: /home/samiksha/ros2_ws/install/turtlesim/include/turtlesim/turtlesim/msg/detail/pose__type_support.cpp\n'}
[0.625988] (turtlesim) StdoutLine: {'line': b'-- Up-to-date: /home/samiksha/ros2_ws/install/turtlesim/include/turtlesim/turtlesim/msg/detail/color__type_support.cpp\n'}
[0.626017] (turtlesim) StdoutLine: {'line': b'-- Up-to-date: /home/samiksha/ros2_ws/install/turtlesim/include/turtlesim/turtlesim/srv\n'}
[0.626045] (turtlesim) StdoutLine: {'line': b'-- Up-to-date: /home/samiksha/ros2_ws/install/turtlesim/include/turtlesim/turtlesim/srv/detail\n'}
[0.626073] (turtlesim) StdoutLine: {'line': b'-- Up-to-date: /home/samiksha/ros2_ws/install/turtlesim/include/turtlesim/turtlesim/srv/detail/spawn__rosidl_typesupport_introspection_cpp.hpp\n'}
[0.626103] (turtlesim) StdoutLine: {'line': b'-- Up-to-date: /home/samiksha/ros2_ws/install/turtlesim/include/turtlesim/turtlesim/srv/detail/teleport_relative__rosidl_typesupport_introspection_cpp.hpp\n'}
[0.626132] (turtlesim) StdoutLine: {'line': b'-- Up-to-date: /home/samiksha/ros2_ws/install/turtlesim/include/turtlesim/turtlesim/srv/detail/set_pen__rosidl_typesupport_introspection_cpp.hpp\n'}
[0.626163] (turtlesim) StdoutLine: {'line': b'-- Up-to-date: /home/samiksha/ros2_ws/install/turtlesim/include/turtlesim/turtlesim/srv/detail/teleport_relative__type_support.cpp\n'}
[0.626194] (turtlesim) StdoutLine: {'line': b'-- Up-to-date: /home/samiksha/ros2_ws/install/turtlesim/include/turtlesim/turtlesim/srv/detail/kill__rosidl_typesupport_introspection_cpp.hpp\n'}
[0.626223] (turtlesim) StdoutLine: {'line': b'-- Up-to-date: /home/samiksha/ros2_ws/install/turtlesim/include/turtlesim/turtlesim/srv/detail/teleport_absolute__type_support.cpp\n'}
[0.626255] (turtlesim) StdoutLine: {'line': b'-- Up-to-date: /home/samiksha/ros2_ws/install/turtlesim/include/turtlesim/turtlesim/srv/detail/kill__type_support.cpp\n'}
[0.626291] (turtlesim) StdoutLine: {'line': b'-- Up-to-date: /home/samiksha/ros2_ws/install/turtlesim/include/turtlesim/turtlesim/srv/detail/spawn__type_support.cpp\n'}
[0.626338] (turtlesim) StdoutLine: {'line': b'-- Up-to-date: /home/samiksha/ros2_ws/install/turtlesim/include/turtlesim/turtlesim/srv/detail/teleport_absolute__rosidl_typesupport_introspection_cpp.hpp\n'}
[0.626387] (turtlesim) StdoutLine: {'line': b'-- Up-to-date: /home/samiksha/ros2_ws/install/turtlesim/include/turtlesim/turtlesim/srv/detail/set_pen__type_support.cpp\n'}
[0.626428] (turtlesim) StdoutLine: {'line': b'-- Up-to-date: /home/samiksha/ros2_ws/install/turtlesim/lib/libturtlesim__rosidl_typesupport_introspection_cpp.so\n'}
[0.626475] (turtlesim) StdoutLine: {'line': b'-- Up-to-date: /home/samiksha/ros2_ws/install/turtlesim/lib/libturtlesim__rosidl_typesupport_cpp.so\n'}
[0.626519] (turtlesim) StdoutLine: {'line': b'-- Up-to-date: /home/samiksha/ros2_ws/install/turtlesim/share/turtlesim/environment/pythonpath.sh\n'}
[0.626558] (turtlesim) StdoutLine: {'line': b'-- Up-to-date: /home/samiksha/ros2_ws/install/turtlesim/share/turtlesim/environment/pythonpath.dsv\n'}
[0.626601] (turtlesim) StdoutLine: {'line': b'-- Up-to-date: /home/samiksha/ros2_ws/install/turtlesim/local/lib/python3.10/dist-packages/turtlesim-1.4.2-py3.10.egg-info\n'}
[0.626648] (turtlesim) StdoutLine: {'line': b'-- Installing: /home/samiksha/ros2_ws/install/turtlesim/local/lib/python3.10/dist-packages/turtlesim-1.4.2-py3.10.egg-info/dependency_links.txt\n'}
[0.626708] (turtlesim) StdoutLine: {'line': b'-- Installing: /home/samiksha/ros2_ws/install/turtlesim/local/lib/python3.10/dist-packages/turtlesim-1.4.2-py3.10.egg-info/PKG-INFO\n'}
[0.626786] (turtlesim) StdoutLine: {'line': b'-- Installing: /home/samiksha/ros2_ws/install/turtlesim/local/lib/python3.10/dist-packages/turtlesim-1.4.2-py3.10.egg-info/SOURCES.txt\n'}
[0.626858] (turtlesim) StdoutLine: {'line': b'-- Installing: /home/samiksha/ros2_ws/install/turtlesim/local/lib/python3.10/dist-packages/turtlesim-1.4.2-py3.10.egg-info/top_level.txt\n'}
[0.626931] (turtlesim) StdoutLine: {'line': b'-- Up-to-date: /home/samiksha/ros2_ws/install/turtlesim/local/lib/python3.10/dist-packages/turtlesim\n'}
[0.626999] (turtlesim) StdoutLine: {'line': b'-- Up-to-date: /home/samiksha/ros2_ws/install/turtlesim/local/lib/python3.10/dist-packages/turtlesim/action\n'}
[0.627095] (turtlesim) StdoutLine: {'line': b'-- Up-to-date: /home/samiksha/ros2_ws/install/turtlesim/local/lib/python3.10/dist-packages/turtlesim/action/_rotate_absolute_s.c\n'}
[0.627162] (turtlesim) StdoutLine: {'line': b'-- Up-to-date: /home/samiksha/ros2_ws/install/turtlesim/local/lib/python3.10/dist-packages/turtlesim/action/__init__.py\n'}
[0.627227] (turtlesim) StdoutLine: {'line': b'-- Up-to-date: /home/samiksha/ros2_ws/install/turtlesim/local/lib/python3.10/dist-packages/turtlesim/action/_rotate_absolute.py\n'}
[0.627276] (turtlesim) StdoutLine: {'line': b'-- Up-to-date: /home/samiksha/ros2_ws/install/turtlesim/local/lib/python3.10/dist-packages/turtlesim/_turtlesim_s.ep.rosidl_typesupport_introspection_c.c\n'}
[0.627317] (turtlesim) StdoutLine: {'line': b'-- Up-to-date: /home/samiksha/ros2_ws/install/turtlesim/local/lib/python3.10/dist-packages/turtlesim/_turtlesim_s.ep.rosidl_typesupport_c.c\n'}
[0.627390] (turtlesim) StdoutLine: {'line': b'-- Up-to-date: /home/samiksha/ros2_ws/install/turtlesim/local/lib/python3.10/dist-packages/turtlesim/turtlesim_s__rosidl_typesupport_introspection_c.cpython-310-x86_64-linux-gnu.so\n'}
[0.627447] (turtlesim) StdoutLine: {'line': b'-- Up-to-date: /home/samiksha/ros2_ws/install/turtlesim/local/lib/python3.10/dist-packages/turtlesim/libturtlesim__rosidl_generator_py.so\n'}
[0.627505] (turtlesim) StdoutLine: {'line': b'-- Up-to-date: /home/samiksha/ros2_ws/install/turtlesim/local/lib/python3.10/dist-packages/turtlesim/msg\n'}
[0.627547] (turtlesim) StdoutLine: {'line': b'-- Up-to-date: /home/samiksha/ros2_ws/install/turtlesim/local/lib/python3.10/dist-packages/turtlesim/msg/_pose.py\n'}
[0.627588] (turtlesim) StdoutLine: {'line': b'-- Up-to-date: /home/samiksha/ros2_ws/install/turtlesim/local/lib/python3.10/dist-packages/turtlesim/msg/_color.py\n'}
[0.627625] (turtlesim) StdoutLine: {'line': b'-- Up-to-date: /home/samiksha/ros2_ws/install/turtlesim/local/lib/python3.10/dist-packages/turtlesim/msg/__init__.py\n'}
[0.627666] (turtlesim) StdoutLine: {'line': b'-- Up-to-date: /home/samiksha/ros2_ws/install/turtlesim/local/lib/python3.10/dist-packages/turtlesim/msg/_color_s.c\n'}
[0.627724] (turtlesim) StdoutLine: {'line': b'-- Up-to-date: /home/samiksha/ros2_ws/install/turtlesim/local/lib/python3.10/dist-packages/turtlesim/msg/_pose_s.c\n'}
[0.627771] (turtlesim) StdoutLine: {'line': b'-- Up-to-date: /home/samiksha/ros2_ws/install/turtlesim/local/lib/python3.10/dist-packages/turtlesim/srv\n'}
[0.627808] (turtlesim) StdoutLine: {'line': b'-- Up-to-date: /home/samiksha/ros2_ws/install/turtlesim/local/lib/python3.10/dist-packages/turtlesim/srv/_teleport_relative_s.c\n'}
[0.627838] (turtlesim) StdoutLine: {'line': b'-- Up-to-date: /home/samiksha/ros2_ws/install/turtlesim/local/lib/python3.10/dist-packages/turtlesim/srv/_kill.py\n'}
[0.627881] (turtlesim) StdoutLine: {'line': b'-- Up-to-date: /home/samiksha/ros2_ws/install/turtlesim/local/lib/python3.10/dist-packages/turtlesim/srv/_spawn.py\n'}
[0.627918] (turtlesim) StdoutLine: {'line': b'-- Up-to-date: /home/samiksha/ros2_ws/install/turtlesim/local/lib/python3.10/dist-packages/turtlesim/srv/__init__.py\n'}
[0.627954] (turtlesim) StdoutLine: {'line': b'-- Up-to-date: /home/samiksha/ros2_ws/install/turtlesim/local/lib/python3.10/dist-packages/turtlesim/srv/_spawn_s.c\n'}
[0.627990] (turtlesim) StdoutLine: {'line': b'-- Up-to-date: /home/samiksha/ros2_ws/install/turtlesim/local/lib/python3.10/dist-packages/turtlesim/srv/_teleport_relative.py\n'}
[0.628025] (turtlesim) StdoutLine: {'line': b'-- Up-to-date: /home/samiksha/ros2_ws/install/turtlesim/local/lib/python3.10/dist-packages/turtlesim/srv/_set_pen.py\n'}
[0.628059] (turtlesim) StdoutLine: {'line': b'-- Up-to-date: /home/samiksha/ros2_ws/install/turtlesim/local/lib/python3.10/dist-packages/turtlesim/srv/_teleport_absolute_s.c\n'}
[0.628091] (turtlesim) StdoutLine: {'line': b'-- Up-to-date: /home/samiksha/ros2_ws/install/turtlesim/local/lib/python3.10/dist-packages/turtlesim/srv/_teleport_absolute.py\n'}
[0.628124] (turtlesim) StdoutLine: {'line': b'-- Up-to-date: /home/samiksha/ros2_ws/install/turtlesim/local/lib/python3.10/dist-packages/turtlesim/srv/_kill_s.c\n'}
[0.628157] (turtlesim) StdoutLine: {'line': b'-- Up-to-date: /home/samiksha/ros2_ws/install/turtlesim/local/lib/python3.10/dist-packages/turtlesim/srv/_set_pen_s.c\n'}
[0.628189] (turtlesim) StdoutLine: {'line': b'-- Up-to-date: /home/samiksha/ros2_ws/install/turtlesim/local/lib/python3.10/dist-packages/turtlesim/turtlesim_s__rosidl_typesupport_fastrtps_c.cpython-310-x86_64-linux-gnu.so\n'}
[0.628223] (turtlesim) StdoutLine: {'line': b'-- Up-to-date: /home/samiksha/ros2_ws/install/turtlesim/local/lib/python3.10/dist-packages/turtlesim/__init__.py\n'}
[0.628255] (turtlesim) StdoutLine: {'line': b'-- Up-to-date: /home/samiksha/ros2_ws/install/turtlesim/local/lib/python3.10/dist-packages/turtlesim/_turtlesim_s.ep.rosidl_typesupport_fastrtps_c.c\n'}
[0.628288] (turtlesim) StdoutLine: {'line': b'-- Up-to-date: /home/samiksha/ros2_ws/install/turtlesim/local/lib/python3.10/dist-packages/turtlesim/turtlesim_s__rosidl_typesupport_c.cpython-310-x86_64-linux-gnu.so\n'}
[0.660145] (turtlesim) StdoutLine: {'line': b"Listing '/home/samiksha/ros2_ws/install/turtlesim/local/lib/python3.10/dist-packages/turtlesim'...\n"}
[0.660347] (turtlesim) StdoutLine: {'line': b"Listing '/home/samiksha/ros2_ws/install/turtlesim/local/lib/python3.10/dist-packages/turtlesim/action'...\n"}
[0.660443] (turtlesim) StdoutLine: {'line': b"Listing '/home/samiksha/ros2_ws/install/turtlesim/local/lib/python3.10/dist-packages/turtlesim/msg'...\n"}
[0.660519] (turtlesim) StdoutLine: {'line': b"Listing '/home/samiksha/ros2_ws/install/turtlesim/local/lib/python3.10/dist-packages/turtlesim/srv'...\n"}
[0.664804] (turtlesim) StdoutLine: {'line': b'-- Up-to-date: /home/samiksha/ros2_ws/install/turtlesim/local/lib/python3.10/dist-packages/turtlesim/turtlesim_s__rosidl_typesupport_fastrtps_c.cpython-310-x86_64-linux-gnu.so\n'}
[0.665253] (turtlesim) StdoutLine: {'line': b'-- Up-to-date: /home/samiksha/ros2_ws/install/turtlesim/local/lib/python3.10/dist-packages/turtlesim/turtlesim_s__rosidl_typesupport_introspection_c.cpython-310-x86_64-linux-gnu.so\n'}
[0.665399] (turtlesim) StdoutLine: {'line': b'-- Up-to-date: /home/samiksha/ros2_ws/install/turtlesim/local/lib/python3.10/dist-packages/turtlesim/turtlesim_s__rosidl_typesupport_c.cpython-310-x86_64-linux-gnu.so\n'}
[0.665717] (turtlesim) StdoutLine: {'line': b'-- Up-to-date: /home/samiksha/ros2_ws/install/turtlesim/lib/libturtlesim__rosidl_generator_py.so\n'}
[0.665902] (turtlesim) StdoutLine: {'line': b'-- Up-to-date: /home/samiksha/ros2_ws/install/turtlesim/share/turtlesim/action/RotateAbsolute.idl\n'}
[0.666072] (turtlesim) StdoutLine: {'line': b'-- Up-to-date: /home/samiksha/ros2_ws/install/turtlesim/share/turtlesim/msg/Color.idl\n'}
[0.666168] (turtlesim) StdoutLine: {'line': b'-- Up-to-date: /home/samiksha/ros2_ws/install/turtlesim/share/turtlesim/msg/Pose.idl\n'}
[0.666263] (turtlesim) StdoutLine: {'line': b'-- Up-to-date: /home/samiksha/ros2_ws/install/turtlesim/share/turtlesim/srv/Kill.idl\n'}
[0.666395] (turtlesim) StdoutLine: {'line': b'-- Up-to-date: /home/samiksha/ros2_ws/install/turtlesim/share/turtlesim/srv/SetPen.idl\n'}
[0.666493] (turtlesim) StdoutLine: {'line': b'-- Up-to-date: /home/samiksha/ros2_ws/install/turtlesim/share/turtlesim/srv/Spawn.idl\n'}
[0.666570] (turtlesim) StdoutLine: {'line': b'-- Up-to-date: /home/samiksha/ros2_ws/install/turtlesim/share/turtlesim/srv/TeleportAbsolute.idl\n'}
[0.666645] (turtlesim) StdoutLine: {'line': b'-- Up-to-date: /home/samiksha/ros2_ws/install/turtlesim/share/turtlesim/srv/TeleportRelative.idl\n'}
[0.666720] (turtlesim) StdoutLine: {'line': b'-- Up-to-date: /home/samiksha/ros2_ws/install/turtlesim/share/turtlesim/action/RotateAbsolute.action\n'}
[0.666795] (turtlesim) StdoutLine: {'line': b'-- Up-to-date: /home/samiksha/ros2_ws/install/turtlesim/share/turtlesim/msg/Color.msg\n'}
[0.666869] (turtlesim) StdoutLine: {'line': b'-- Up-to-date: /home/samiksha/ros2_ws/install/turtlesim/share/turtlesim/msg/Pose.msg\n'}
[0.666943] (turtlesim) StdoutLine: {'line': b'-- Up-to-date: /home/samiksha/ros2_ws/install/turtlesim/share/turtlesim/srv/Kill.srv\n'}
[0.667108] (turtlesim) StdoutLine: {'line': b'-- Up-to-date: /home/samiksha/ros2_ws/install/turtlesim/share/turtlesim/srv/Kill_Request.msg\n'}
[0.667186] (turtlesim) StdoutLine: {'line': b'-- Up-to-date: /home/samiksha/ros2_ws/install/turtlesim/share/turtlesim/srv/Kill_Response.msg\n'}
[0.667262] (turtlesim) StdoutLine: {'line': b'-- Up-to-date: /home/samiksha/ros2_ws/install/turtlesim/share/turtlesim/srv/SetPen.srv\n'}
[0.667348] (turtlesim) StdoutLine: {'line': b'-- Up-to-date: /home/samiksha/ros2_ws/install/turtlesim/share/turtlesim/srv/SetPen_Request.msg\n'}
[0.667507] (turtlesim) StdoutLine: {'line': b'-- Up-to-date: /home/samiksha/ros2_ws/install/turtlesim/share/turtlesim/srv/SetPen_Response.msg\n'}
[0.667586] (turtlesim) StdoutLine: {'line': b'-- Up-to-date: /home/samiksha/ros2_ws/install/turtlesim/share/turtlesim/srv/Spawn.srv\n'}
[0.667700] (turtlesim) StdoutLine: {'line': b'-- Up-to-date: /home/samiksha/ros2_ws/install/turtlesim/share/turtlesim/srv/Spawn_Request.msg\n'}
[0.667778] (turtlesim) StdoutLine: {'line': b'-- Up-to-date: /home/samiksha/ros2_ws/install/turtlesim/share/turtlesim/srv/Spawn_Response.msg\n'}
[0.667855] (turtlesim) StdoutLine: {'line': b'-- Up-to-date: /home/samiksha/ros2_ws/install/turtlesim/share/turtlesim/srv/TeleportAbsolute.srv\n'}
[0.667991] (turtlesim) StdoutLine: {'line': b'-- Up-to-date: /home/samiksha/ros2_ws/install/turtlesim/share/turtlesim/srv/TeleportAbsolute_Request.msg\n'}
[0.668107] (turtlesim) StdoutLine: {'line': b'-- Up-to-date: /home/samiksha/ros2_ws/install/turtlesim/share/turtlesim/srv/TeleportAbsolute_Response.msg\n'}
[0.668229] (turtlesim) StdoutLine: {'line': b'-- Up-to-date: /home/samiksha/ros2_ws/install/turtlesim/share/turtlesim/srv/TeleportRelative.srv\n'}
[0.668320] (turtlesim) StdoutLine: {'line': b'-- Up-to-date: /home/samiksha/ros2_ws/install/turtlesim/share/turtlesim/srv/TeleportRelative_Request.msg\n'}
[0.668424] (turtlesim) StdoutLine: {'line': b'-- Up-to-date: /home/samiksha/ros2_ws/install/turtlesim/share/turtlesim/srv/TeleportRelative_Response.msg\n'}
[0.668509] (turtlesim) StdoutLine: {'line': b'-- Up-to-date: /home/samiksha/ros2_ws/install/turtlesim/lib/turtlesim/turtlesim_node\n'}
[0.668600] (turtlesim) StdoutLine: {'line': b'-- Up-to-date: /home/samiksha/ros2_ws/install/turtlesim/lib/turtlesim/turtle_teleop_key\n'}
[0.668696] (turtlesim) StdoutLine: {'line': b'-- Up-to-date: /home/samiksha/ros2_ws/install/turtlesim/lib/turtlesim/draw_square\n'}
[0.668784] (turtlesim) StdoutLine: {'line': b'-- Up-to-date: /home/samiksha/ros2_ws/install/turtlesim/lib/turtlesim/mimic\n'}
[0.668872] (turtlesim) StdoutLine: {'line': b'-- Up-to-date: /home/samiksha/ros2_ws/install/turtlesim/share/turtlesim/images\n'}
[0.668970] (turtlesim) StdoutLine: {'line': b'-- Up-to-date: /home/samiksha/ros2_ws/install/turtlesim/share/turtlesim/images/rolling.png\n'}
[0.669062] (turtlesim) StdoutLine: {'line': b'-- Up-to-date: /home/samiksha/ros2_ws/install/turtlesim/share/turtlesim/images/ardent.png\n'}
[0.669146] (turtlesim) StdoutLine: {'line': b'-- Up-to-date: /home/samiksha/ros2_ws/install/turtlesim/share/turtlesim/images/dashing.png\n'}
[0.669237] (turtlesim) StdoutLine: {'line': b'-- Up-to-date: /home/samiksha/ros2_ws/install/turtlesim/share/turtlesim/images/crystal.png\n'}
[0.669341] (turtlesim) StdoutLine: {'line': b'-- Up-to-date: /home/samiksha/ros2_ws/install/turtlesim/share/turtlesim/images/humble.png\n'}
[0.669442] (turtlesim) StdoutLine: {'line': b'-- Up-to-date: /home/samiksha/ros2_ws/install/turtlesim/share/turtlesim/images/eloquent.png\n'}
[0.669531] (turtlesim) StdoutLine: {'line': b'-- Up-to-date: /home/samiksha/ros2_ws/install/turtlesim/share/turtlesim/images/bouncy.png\n'}
[0.669607] (turtlesim) StdoutLine: {'line': b'-- Up-to-date: /home/samiksha/ros2_ws/install/turtlesim/share/turtlesim/images/galactic.png\n'}
[0.669683] (turtlesim) StdoutLine: {'line': b'-- Up-to-date: /home/samiksha/ros2_ws/install/turtlesim/share/turtlesim/images/foxy.png\n'}
[0.669763] (turtlesim) StdoutLine: {'line': b'-- Up-to-date: /home/samiksha/ros2_ws/install/turtlesim/share/turtlesim/launch\n'}
[0.669845] (turtlesim) StdoutLine: {'line': b'-- Up-to-date: /home/samiksha/ros2_ws/install/turtlesim/share/turtlesim/launch/multisim.launch.py\n'}
[0.669965] (turtlesim) StdoutLine: {'line': b'-- Up-to-date: /home/samiksha/ros2_ws/install/turtlesim/share/ament_index/resource_index/package_run_dependencies/turtlesim\n'}
[0.670048] (turtlesim) StdoutLine: {'line': b'-- Up-to-date: /home/samiksha/ros2_ws/install/turtlesim/share/ament_index/resource_index/parent_prefix_path/turtlesim\n'}
[0.670128] (turtlesim) StdoutLine: {'line': b'-- Up-to-date: /home/samiksha/ros2_ws/install/turtlesim/share/turtlesim/environment/ament_prefix_path.sh\n'}
[0.670303] (turtlesim) StdoutLine: {'line': b'-- Up-to-date: /home/samiksha/ros2_ws/install/turtlesim/share/turtlesim/environment/ament_prefix_path.dsv\n'}
[0.670996] (turtlesim) StdoutLine: {'line': b'-- Up-to-date: /home/samiksha/ros2_ws/install/turtlesim/share/turtlesim/environment/path.sh\n'}
[0.671276] (turtlesim) StdoutLine: {'line': b'-- Up-to-date: /home/samiksha/ros2_ws/install/turtlesim/share/turtlesim/environment/path.dsv\n'}
[0.671433] (turtlesim) StdoutLine: {'line': b'-- Up-to-date: /home/samiksha/ros2_ws/install/turtlesim/share/turtlesim/local_setup.bash\n'}
[0.671529] (turtlesim) StdoutLine: {'line': b'-- Up-to-date: /home/samiksha/ros2_ws/install/turtlesim/share/turtlesim/local_setup.sh\n'}
[0.671611] (turtlesim) StdoutLine: {'line': b'-- Up-to-date: /home/samiksha/ros2_ws/install/turtlesim/share/turtlesim/local_setup.zsh\n'}
[0.671698] (turtlesim) StdoutLine: {'line': b'-- Up-to-date: /home/samiksha/ros2_ws/install/turtlesim/share/turtlesim/local_setup.dsv\n'}
[0.671805] (turtlesim) StdoutLine: {'line': b'-- Installing: /home/samiksha/ros2_ws/install/turtlesim/share/turtlesim/package.dsv\n'}
[0.671971] (turtlesim) StdoutLine: {'line': b'-- Up-to-date: /home/samiksha/ros2_ws/install/turtlesim/share/ament_index/resource_index/packages/turtlesim\n'}
[0.672052] (turtlesim) StdoutLine: {'line': b'-- Up-to-date: /home/samiksha/ros2_ws/install/turtlesim/share/turtlesim/cmake/export_turtlesim__rosidl_generator_cExport.cmake\n'}
[0.672131] (turtlesim) StdoutLine: {'line': b'-- Up-to-date: /home/samiksha/ros2_ws/install/turtlesim/share/turtlesim/cmake/export_turtlesim__rosidl_generator_cExport-noconfig.cmake\n'}
[0.672210] (turtlesim) StdoutLine: {'line': b'-- Up-to-date: /home/samiksha/ros2_ws/install/turtlesim/share/turtlesim/cmake/export_turtlesim__rosidl_typesupport_fastrtps_cExport.cmake\n'}
[0.672287] (turtlesim) StdoutLine: {'line': b'-- Up-to-date: /home/samiksha/ros2_ws/install/turtlesim/share/turtlesim/cmake/export_turtlesim__rosidl_typesupport_fastrtps_cExport-noconfig.cmake\n'}
[0.672411] (turtlesim) StdoutLine: {'line': b'-- Up-to-date: /home/samiksha/ros2_ws/install/turtlesim/share/turtlesim/cmake/export_turtlesim__rosidl_generator_cppExport.cmake\n'}
[0.672681] (turtlesim) StdoutLine: {'line': b'-- Up-to-date: /home/samiksha/ros2_ws/install/turtlesim/share/turtlesim/cmake/export_turtlesim__rosidl_typesupport_fastrtps_cppExport.cmake\n'}
[0.672771] (turtlesim) StdoutLine: {'line': b'-- Up-to-date: /home/samiksha/ros2_ws/install/turtlesim/share/turtlesim/cmake/export_turtlesim__rosidl_typesupport_fastrtps_cppExport-noconfig.cmake\n'}
[0.672860] (turtlesim) StdoutLine: {'line': b'-- Up-to-date: /home/samiksha/ros2_ws/install/turtlesim/share/turtlesim/cmake/turtlesim__rosidl_typesupport_introspection_cExport.cmake\n'}
[0.672950] (turtlesim) StdoutLine: {'line': b'-- Up-to-date: /home/samiksha/ros2_ws/install/turtlesim/share/turtlesim/cmake/turtlesim__rosidl_typesupport_introspection_cExport-noconfig.cmake\n'}
[0.673037] (turtlesim) StdoutLine: {'line': b'-- Up-to-date: /home/samiksha/ros2_ws/install/turtlesim/share/turtlesim/cmake/turtlesim__rosidl_typesupport_cExport.cmake\n'}
[0.673125] (turtlesim) StdoutLine: {'line': b'-- Up-to-date: /home/samiksha/ros2_ws/install/turtlesim/share/turtlesim/cmake/turtlesim__rosidl_typesupport_cExport-noconfig.cmake\n'}
[0.673212] (turtlesim) StdoutLine: {'line': b'-- Up-to-date: /home/samiksha/ros2_ws/install/turtlesim/share/turtlesim/cmake/turtlesim__rosidl_typesupport_introspection_cppExport.cmake\n'}
[0.673300] (turtlesim) StdoutLine: {'line': b'-- Up-to-date: /home/samiksha/ros2_ws/install/turtlesim/share/turtlesim/cmake/turtlesim__rosidl_typesupport_introspection_cppExport-noconfig.cmake\n'}
[0.673506] (turtlesim) StdoutLine: {'line': b'-- Up-to-date: /home/samiksha/ros2_ws/install/turtlesim/share/turtlesim/cmake/turtlesim__rosidl_typesupport_cppExport.cmake\n'}
[0.673777] (turtlesim) StdoutLine: {'line': b'-- Up-to-date: /home/samiksha/ros2_ws/install/turtlesim/share/turtlesim/cmake/turtlesim__rosidl_typesupport_cppExport-noconfig.cmake\n'}
[0.673851] (turtlesim) StdoutLine: {'line': b'-- Up-to-date: /home/samiksha/ros2_ws/install/turtlesim/share/turtlesim/cmake/export_turtlesim__rosidl_generator_pyExport.cmake\n'}
[0.674016] (turtlesim) StdoutLine: {'line': b'-- Up-to-date: /home/samiksha/ros2_ws/install/turtlesim/share/turtlesim/cmake/export_turtlesim__rosidl_generator_pyExport-noconfig.cmake\n'}
[0.674089] (turtlesim) StdoutLine: {'line': b'-- Up-to-date: /home/samiksha/ros2_ws/install/turtlesim/share/turtlesim/cmake/rosidl_cmake-extras.cmake\n'}
[0.674164] (turtlesim) StdoutLine: {'line': b'-- Up-to-date: /home/samiksha/ros2_ws/install/turtlesim/share/turtlesim/cmake/ament_cmake_export_dependencies-extras.cmake\n'}
[0.674238] (turtlesim) StdoutLine: {'line': b'-- Up-to-date: /home/samiksha/ros2_ws/install/turtlesim/share/turtlesim/cmake/ament_cmake_export_include_directories-extras.cmake\n'}
[0.674310] (turtlesim) StdoutLine: {'line': b'-- Up-to-date: /home/samiksha/ros2_ws/install/turtlesim/share/turtlesim/cmake/ament_cmake_export_libraries-extras.cmake\n'}
[0.674535] (turtlesim) StdoutLine: {'line': b'-- Up-to-date: /home/samiksha/ros2_ws/install/turtlesim/share/turtlesim/cmake/ament_cmake_export_targets-extras.cmake\n'}
[0.674626] (turtlesim) StdoutLine: {'line': b'-- Up-to-date: /home/samiksha/ros2_ws/install/turtlesim/share/turtlesim/cmake/rosidl_cmake_export_typesupport_targets-extras.cmake\n'}
[0.674702] (turtlesim) StdoutLine: {'line': b'-- Up-to-date: /home/samiksha/ros2_ws/install/turtlesim/share/turtlesim/cmake/rosidl_cmake_export_typesupport_libraries-extras.cmake\n'}
[0.674780] (turtlesim) StdoutLine: {'line': b'-- Up-to-date: /home/samiksha/ros2_ws/install/turtlesim/share/turtlesim/cmake/turtlesimConfig.cmake\n'}
[0.674969] (turtlesim) StdoutLine: {'line': b'-- Up-to-date: /home/samiksha/ros2_ws/install/turtlesim/share/turtlesim/cmake/turtlesimConfig-version.cmake\n'}
[0.675045] (turtlesim) StdoutLine: {'line': b'-- Up-to-date: /home/samiksha/ros2_ws/install/turtlesim/share/turtlesim/package.xml\n'}
[0.675129] (turtlesim) CommandEnded: {'returncode': 0}
[0.700891] (turtlesim) JobEnded: {'identifier': 'turtlesim', 'rc': 0}
[0.701395] (-) TimerEvent: {}
[0.782529] (task_controller) StdoutLine: {'line': b'running egg_info\n'}
[0.786132] (task_controller) StdoutLine: {'line': b"writing manifest file '../../build/task_controller/task_controller.egg-info/SOURCES.txt'\n"}
[0.786281] (task_controller) StdoutLine: {'line': b'running build\n'}
[0.786395] (task_controller) StdoutLine: {'line': b'running build_py\n'}
[0.786541] (task_controller) StdoutLine: {'line': b'running install\n'}
[0.788575] (task_controller) StdoutLine: {'line': b'running install_lib\n'}
[0.789769] (task_controller) StdoutLine: {'line': b'running install_data\n'}
[0.790001] (task_controller) StdoutLine: {'line': b'running install_egg_info\n'}
[0.791502] (task_controller) StdoutLine: {'line': b"removing '/home/samiksha/ros2_ws/install/task_controller/lib/python3.10/site-packages/task_controller-60.0.0-py3.10.egg-info' (and everything under it)\n"}
[0.791753] (task_controller) StdoutLine: {'line': b'Copying ../../build/task_controller/task_controller.egg-info to /home/samiksha/ros2_ws/install/task_controller/lib/python3.10/site-packages/task_controller-60.0.0-py3.10.egg-info\n'}
[0.792226] (task_controller) StdoutLine: {'line': b'running install_scripts\n'}
[0.801561] (-) TimerEvent: {}
[0.809232] (task_controller) StdoutLine: {'line': b"writing list of installed files to '/home/samiksha/ros2_ws/build/task_controller/install.log'\n"}
[0.840255] (task_controller) CommandEnded: {'returncode': 0}
[0.847823] (task_controller) JobEnded: {'identifier': 'task_controller', 'rc': 0}
[0.901646] (-) TimerEvent: {}
[0.997391] (task_controller_cpp) StdoutLine: {'line': b'-- Found Python3: /usr/bin/python3 (found version "3.10.12") found components: Interpreter \n'}
[1.001767] (-) TimerEvent: {}
[1.065641] (task_controller_cpp) StdoutLine: {'line': b'-- Found rclcpp: 16.0.11 (/opt/ros/humble/share/rclcpp/cmake)\n'}
[1.093013] (task_controller_cpp) StdoutLine: {'line': b'-- Found rosidl_generator_c: 3.1.6 (/opt/ros/humble/share/rosidl_generator_c/cmake)\n'}
[1.096380] (task_controller_cpp) StdoutLine: {'line': b'-- Found rosidl_adapter: 3.1.6 (/opt/ros/humble/share/rosidl_adapter/cmake)\n'}
[1.101959] (-) TimerEvent: {}
[1.102296] (task_controller_cpp) StdoutLine: {'line': b'-- Found rosidl_generator_cpp: 3.1.6 (/opt/ros/humble/share/rosidl_generator_cpp/cmake)\n'}
[1.110592] (task_controller_cpp) StdoutLine: {'line': b'-- Using all available rosidl_typesupport_c: rosidl_typesupport_fastrtps_c;rosidl_typesupport_introspection_c\n'}
[1.121660] (task_controller_cpp) StdoutLine: {'line': b'-- Using all available rosidl_typesupport_cpp: rosidl_typesupport_fastrtps_cpp;rosidl_typesupport_introspection_cpp\n'}
[1.154528] (task_controller_cpp) StdoutLine: {'line': b'-- Found rmw_implementation_cmake: 6.1.2 (/opt/ros/humble/share/rmw_implementation_cmake/cmake)\n'}
[1.156546] (task_controller_cpp) StdoutLine: {'line': b'-- Found rmw_fastrtps_cpp: 6.2.7 (/opt/ros/humble/share/rmw_fastrtps_cpp/cmake)\n'}
[1.202062] (-) TimerEvent: {}
[1.231130] (task_controller_cpp) StdoutLine: {'line': b'-- Found OpenSSL: /usr/lib/x86_64-linux-gnu/libcrypto.so (found version "3.0.2")  \n'}
[1.257456] (task_controller_cpp) StdoutLine: {'line': b'-- Found FastRTPS: /opt/ros/humble/include  \n'}
[1.291202] (task_controller_cpp) StdoutLine: {'line': b"-- Using RMW implementation 'rmw_fastrtps_cpp' as default\n"}
[1.298554] (task_controller_cpp) StdoutLine: {'line': b'-- Looking for pthread.h\n'}
[1.302169] (-) TimerEvent: {}
[1.359614] (task_controller_cpp) StdoutLine: {'line': b'-- Looking for pthread.h - found\n'}
[1.360035] (task_controller_cpp) StdoutLine: {'line': b'-- Performing Test CMAKE_HAVE_LIBC_PTHREAD\n'}
[1.402391] (-) TimerEvent: {}
[1.421984] (task_controller_cpp) StdoutLine: {'line': b'-- Performing Test CMAKE_HAVE_LIBC_PTHREAD - Success\n'}
[1.423021] (task_controller_cpp) StdoutLine: {'line': b'-- Found Threads: TRUE  \n'}
[1.459688] (task_controller_cpp) StdoutLine: {'line': b'-- Found example_interfaces: 0.9.3 (/opt/ros/humble/share/example_interfaces/cmake)\n'}
[1.502542] (-) TimerEvent: {}
[1.541587] (task_controller_cpp) StdoutLine: {'line': b'-- Configuring done\n'}
[1.558047] (task_controller_cpp) StdoutLine: {'line': b'-- Generating done\n'}
[1.565580] (task_controller_cpp) StdoutLine: {'line': b'-- Build files have been written to: /home/samiksha/ros2_ws/build/task_controller_cpp\n'}
[1.573993] (task_controller_cpp) CommandEnded: {'returncode': 0}
[1.575141] (task_controller_cpp) JobProgress: {'identifier': 'task_controller_cpp', 'progress': 'build'}
[1.575169] (task_controller_cpp) Command: {'cmd': ['/usr/bin/cmake', '--build', '/home/samiksha/ros2_ws/build/task_controller_cpp', '--', '-j12', '-l12'], 'cwd': '/home/samiksha/ros2_ws/build/task_controller_cpp', 'env': OrderedDict([('LESSOPEN', '| /usr/bin/lesspipe %s'), ('LANGUAGE', 'en_IN:en'), ('USER', 'samiksha'), ('XDG_SESSION_TYPE', 'wayland'), ('SHLVL', '1'), ('LD_LIBRARY_PATH', '/home/samiksha/ros2_ws/install/turtlesim/lib:/opt/ros/humble/opt/rviz_ogre_vendor/lib:/opt/ros/humble/lib/x86_64-linux-gnu:/opt/ros/humble/lib'), ('HOME', '/home/samiksha'), ('OLDPWD', '/home/samiksha'), ('DESKTOP_SESSION', 'ubuntu'), ('ROS_PYTHON_VERSION', '3'), ('GNOME_SHELL_SESSION_MODE', 'ubuntu'), ('GTK_MODULES', 'gail:atk-bridge'), ('SYSTEMD_EXEC_PID', '1655'), ('DBUS_SESSION_BUS_ADDRESS', 'unix:path=/run/user/1000/bus'), ('COLORTERM', 'truecolor'), ('_colcon_cd_root', '/opt/ros/humble/'), ('IM_CONFIG_PHASE', '1'), ('WAYLAND_DISPLAY', 'wayland-0'), ('COLCON_PREFIX_PATH', '/home/samiksha/ros2_ws/install'), ('ROS_DISTRO', 'humble'), ('LOGNAME', 'samiksha'), ('_', '/usr/bin/colcon'), ('ROS_VERSION', '2'), ('XDG_SESSION_CLASS', 'user'), ('USERNAME', 'samiksha'), ('TERM', 'xterm-256color'), ('GNOME_DESKTOP_SESSION_ID', 'this-is-deprecated'), ('ROS_LOCALHOST_ONLY', '0'), ('PATH', '/opt/ros/humble/bin:/home/samiksha/.local/bin:/usr/local/sbin:/usr/local/bin:/usr/sbin:/usr/bin:/sbin:/bin:/usr/games:/usr/local/games:/snap/bin:/snap/bin'), ('SESSION_MANAGER', 'local/samiksha-Victus-by-HP-Gaming-Laptop-15-fa1xxx:@/tmp/.ICE-unix/1623,unix/samiksha-Victus-by-HP-Gaming-Laptop-15-fa1xxx:/tmp/.ICE-unix/1623'), ('XDG_MENU_PREFIX', 'gnome-'), ('GNOME_TERMINAL_SCREEN', '/org/gnome/Terminal/screen/95c72b64_c946_4651_b5ee_8f51e75fd202'), ('GNOME_SETUP_DISPLAY', ':1'), ('XDG_RUNTIME_DIR', '/run/user/1000'), ('DISPLAY', ':0'), ('LANG', 'en_US.UTF-8'), ('XDG_CURRENT_DESKTOP', 'ubuntu:GNOME'), ('XMODIFIERS', '@im=ibus'), ('XDG_SESSION_DESKTOP', 'ubuntu'), ('XAUTHORITY', '/run/user/1000/.mutter-Xwaylandauth.3N7T02'), ('LS_COLORS', 'rs=0:di=01;34:ln=01;36:mh=00:pi=40;33:so=01;35:do=01;35:bd=40;33;01:cd=40;33;01:or=40;31;01:mi=00:su=37;41:sg=30;43:ca=30;41:tw=30;42:ow=34;42:st=37;44:ex=01;32:*.tar=01;31:*.tgz=01;31:*.arc=01;31:*.arj=01;31:*.taz=01;31:*.lha=01;31:*.lz4=01;31:*.lzh=01;31:*.lzma=01;31:*.tlz=01;31:*.txz=01;31:*.tzo=01;31:*.t7z=01;31:*.zip=01;31:*.z=01;31:*.dz=01;31:*.gz=01;31:*.lrz=01;31:*.lz=01;31:*.lzo=01;31:*.xz=01;31:*.zst=01;31:*.tzst=01;31:*.bz2=01;31:*.bz=01;31:*.tbz=01;31:*.tbz2=01;31:*.tz=01;31:*.deb=01;31:*.rpm=01;31:*.jar=01;31:*.war=01;31:*.ear=01;31:*.sar=01;31:*.rar=01;31:*.alz=01;31:*.ace=01;31:*.zoo=01;31:*.cpio=01;31:*.7z=01;31:*.rz=01;31:*.cab=01;31:*.wim=01;31:*.swm=01;31:*.dwm=01;31:*.esd=01;31:*.jpg=01;35:*.jpeg=01;35:*.mjpg=01;35:*.mjpeg=01;35:*.gif=01;35:*.bmp=01;35:*.pbm=01;35:*.pgm=01;35:*.ppm=01;35:*.tga=01;35:*.xbm=01;35:*.xpm=01;35:*.tif=01;35:*.tiff=01;35:*.png=01;35:*.svg=01;35:*.svgz=01;35:*.mng=01;35:*.pcx=01;35:*.mov=01;35:*.mpg=01;35:*.mpeg=01;35:*.m2v=01;35:*.mkv=01;35:*.webm=01;35:*.webp=01;35:*.ogm=01;35:*.mp4=01;35:*.m4v=01;35:*.mp4v=01;35:*.vob=01;35:*.qt=01;35:*.nuv=01;35:*.wmv=01;35:*.asf=01;35:*.rm=01;35:*.rmvb=01;35:*.flc=01;35:*.avi=01;35:*.fli=01;35:*.flv=01;35:*.gl=01;35:*.dl=01;35:*.xcf=01;35:*.xwd=01;35:*.yuv=01;35:*.cgm=01;35:*.emf=01;35:*.ogv=01;35:*.ogx=01;35:*.aac=00;36:*.au=00;36:*.flac=00;36:*.m4a=00;36:*.mid=00;36:*.midi=00;36:*.mka=00;36:*.mp3=00;36:*.mpc=00;36:*.ogg=00;36:*.ra=00;36:*.wav=00;36:*.oga=00;36:*.opus=00;36:*.spx=00;36:*.xspf=00;36:'), ('GNOME_TERMINAL_SERVICE', ':1.135'), ('SSH_AGENT_LAUNCHER', 'gnome-keyring'), ('SSH_AUTH_SOCK', '/run/user/1000/keyring/ssh'), ('AMENT_PREFIX_PATH', '/home/samiksha/ros2_ws/install/turtlesim:/home/samiksha/ros2_ws/install/task_controller:/home/samiksha/ros2_ws/install/my_package:/opt/ros/humble'), ('SHELL', '/bin/bash'), ('QT_ACCESSIBILITY', '1'), ('GDMSESSION', 'ubuntu'), ('LESSCLOSE', '/usr/bin/lesspipe %s %s'), ('QT_IM_MODULE', 'ibus'), ('PWD', '/home/samiksha/ros2_ws/build/task_controller_cpp'), ('LC_ALL', 'en_US.UTF-8'), ('XDG_CONFIG_DIRS', '/etc/xdg/xdg-ubuntu:/etc/xdg'), ('XDG_DATA_DIRS', '/usr/share/ubuntu:/usr/local/share/:/usr/share/:/var/lib/snapd/desktop'), ('PYTHONPATH', '/home/samiksha/ros2_ws/install/turtlesim/local/lib/python3.10/dist-packages:/home/samiksha/ros2_ws/install/task_controller/lib/python3.10/site-packages:/opt/ros/humble/lib/python3.10/site-packages:/opt/ros/humble/local/lib/python3.10/dist-packages'), ('COLCON', '1'), ('VTE_VERSION', '6800'), ('CMAKE_PREFIX_PATH', '/home/samiksha/ros2_ws/install/turtlesim:/home/samiksha/ros2_ws/install/my_package:/home/samiksha/ros2_ws/install/task_controller:/opt/ros/humble')]), 'shell': False}
[1.602650] (-) TimerEvent: {}
[1.620610] (task_controller_cpp) StdoutLine: {'line': b'[ 16%] \x1b[32mBuilding CXX object CMakeFiles/talker.dir/src/publisher_member_function.cpp.o\x1b[0m\n'}
[1.621141] (task_controller_cpp) StdoutLine: {'line': b'[ 16%] \x1b[32mBuilding CXX object CMakeFiles/server_doc.dir/src/service_doc.cpp.o\x1b[0m\n'}
[1.623182] (task_controller_cpp) StdoutLine: {'line': b'[ 33%] \x1b[32mBuilding CXX object CMakeFiles/chatNode1.dir/src/chat_first.cpp.o\x1b[0m\n'}
[1.623473] (task_controller_cpp) StdoutLine: {'line': b'[ 33%] \x1b[32mBuilding CXX object CMakeFiles/client_doc.dir/src/client_doc.cpp.o\x1b[0m\n'}
[1.623616] (task_controller_cpp) StdoutLine: {'line': b'[ 41%] \x1b[32mBuilding CXX object CMakeFiles/listener.dir/src/subscriber_member_function.cpp.o\x1b[0m\n'}
[1.624938] (task_controller_cpp) StdoutLine: {'line': b'[ 50%] \x1b[32mBuilding CXX object CMakeFiles/chatNode2.dir/src/chat_second.cpp.o\x1b[0m\n'}
[1.702773] (-) TimerEvent: {}
[1.803824] (-) TimerEvent: {}
[1.904312] (-) TimerEvent: {}
[2.007583] (-) TimerEvent: {}
[2.108288] (-) TimerEvent: {}
[2.208747] (-) TimerEvent: {}
[2.309452] (-) TimerEvent: {}
[2.409898] (-) TimerEvent: {}
[2.510398] (-) TimerEvent: {}
[2.610772] (-) TimerEvent: {}
[2.711158] (-) TimerEvent: {}
[2.811653] (-) TimerEvent: {}
[2.912054] (-) TimerEvent: {}
[3.012421] (-) TimerEvent: {}
[3.112821] (-) TimerEvent: {}
[3.213188] (-) TimerEvent: {}
[3.313567] (-) TimerEvent: {}
[3.413951] (-) TimerEvent: {}
[3.514400] (-) TimerEvent: {}
[3.614788] (-) TimerEvent: {}
[3.715229] (-) TimerEvent: {}
[3.815672] (-) TimerEvent: {}
[3.916045] (-) TimerEvent: {}
[4.016416] (-) TimerEvent: {}
[4.116815] (-) TimerEvent: {}
[4.168930] (task_controller_cpp) StderrLine: {'line': b'In file included from \x1b[01m\x1b[K/home/samiksha/ros2_ws/src/task_controller_cpp/src/chat_second.cpp:2\x1b[m\x1b[K:\n'}
[4.169188] (task_controller_cpp) StderrLine: {'line': b'/usr/include/c++/11/functional: In instantiation of \xe2\x80\x98\x1b[01m\x1b[Kstruct std::_Bind_check_arity<void (Node2::*)(std::shared_ptr<std_msgs::msg::String_<std::allocator<void> > >), int, Node2*, const std::_Placeholder<1>&>\x1b[m\x1b[K\xe2\x80\x99:\n'}
[4.169292] (task_controller_cpp) StderrLine: {'line': b'\x1b[01m\x1b[K/usr/include/c++/11/functional:768:12:\x1b[m\x1b[K   required from \xe2\x80\x98\x1b[01m\x1b[Kstruct std::_Bind_helper<false, void (Node2::*)(std::shared_ptr<std_msgs::msg::String_<std::allocator<void> > >), int, Node2*, const std::_Placeholder<1>&>\x1b[m\x1b[K\xe2\x80\x99\n'}
[4.169402] (task_controller_cpp) StderrLine: {'line': b'\x1b[01m\x1b[K/usr/include/c++/11/functional:789:5:\x1b[m\x1b[K   required by substitution of \xe2\x80\x98\x1b[01m\x1b[Ktemplate<class _Func, class ... _BoundArgs> typename std::_Bind_helper<std::__is_socketlike<_Func>::value, _Func, _BoundArgs ...>::type std::bind(_Func&&, _BoundArgs&& ...) [with _Func = void (Node2::*)(std::shared_ptr<std_msgs::msg::String_<std::allocator<void> > >); _BoundArgs = {int, Node2*, const std::_Placeholder<1>&}]\x1b[m\x1b[K\xe2\x80\x99\n'}
[4.169499] (task_controller_cpp) StderrLine: {'line': b'\x1b[01m\x1b[K/home/samiksha/ros2_ws/src/task_controller_cpp/src/chat_second.cpp:16:94:\x1b[m\x1b[K   required from here\n'}
[4.169584] (task_controller_cpp) StderrLine: {'line': b'\x1b[01m\x1b[K/usr/include/c++/11/functional:756:21:\x1b[m\x1b[K \x1b[01;31m\x1b[Kerror: \x1b[m\x1b[Kstatic assertion failed: Wrong number of arguments for pointer-to-member\n'}
[4.169669] (task_controller_cpp) StderrLine: {'line': b'  755 |       static_assert(_Varargs::\x1b[01;31m\x1b[Kvalue\x1b[m\x1b[K\n'}
[4.169747] (task_controller_cpp) StderrLine: {'line': b'      |                               \x1b[01;31m\x1b[K~~~~~\x1b[m\x1b[K\n'}
[4.169826] (task_controller_cpp) StderrLine: {'line': b'  756 | \x1b[01;31m\x1b[K                    ? sizeof...(_BoundArgs) >= _Arity::value + 1\x1b[m\x1b[K\n'}
[4.169914] (task_controller_cpp) StderrLine: {'line': b'      |                     \x1b[01;31m\x1b[K^~~~~~~~~~~~~~~~~~~~~~~~~~~~~~~~~~~~~~~~~~~~\x1b[m\x1b[K\n'}
[4.170003] (task_controller_cpp) StderrLine: {'line': b'  757 | \x1b[01;31m\x1b[K                    : sizeof...(_BoundArgs) == _Arity::value + 1\x1b[m\x1b[K,\n'}
[4.170265] (task_controller_cpp) StderrLine: {'line': b'      |                     \x1b[01;31m\x1b[K~~~~~~~~~~~~~~~~~~~~~~~~~~~~~~~~~~~~~~~~~~~~\x1b[m\x1b[K\n'}
[4.170484] (task_controller_cpp) StderrLine: {'line': b'\x1b[01m\x1b[K/usr/include/c++/11/functional:756:21:\x1b[m\x1b[K \x1b[01;36m\x1b[Knote: \x1b[m\x1b[K\xe2\x80\x98\x1b[01m\x1b[K(false ? (3 >= (((long unsigned int)std::integral_constant<long unsigned int, 1>::value) + 1)) : (3 == (((long unsigned int)std::integral_constant<long unsigned int, 1>::value) + 1)))\x1b[m\x1b[K\xe2\x80\x99 evaluates to false\n'}
[4.216929] (-) TimerEvent: {}
[4.317481] (-) TimerEvent: {}
[4.418144] (-) TimerEvent: {}
[4.518539] (-) TimerEvent: {}
[4.618921] (-) TimerEvent: {}
[4.670006] (task_controller_cpp) StderrLine: {'line': b'In file included from \x1b[01m\x1b[K/opt/ros/humble/include/rclcpp/rclcpp/subscription_base.hpp:32\x1b[m\x1b[K,\n'}
[4.670279] (task_controller_cpp) StderrLine: {'line': b'                 from \x1b[01m\x1b[K/opt/ros/humble/include/rclcpp/rclcpp/callback_group.hpp:29\x1b[m\x1b[K,\n'}
[4.670388] (task_controller_cpp) StderrLine: {'line': b'                 from \x1b[01m\x1b[K/opt/ros/humble/include/rclcpp/rclcpp/any_executable.hpp:20\x1b[m\x1b[K,\n'}
[4.670457] (task_controller_cpp) StderrLine: {'line': b'                 from \x1b[01m\x1b[K/opt/ros/humble/include/rclcpp/rclcpp/memory_strategy.hpp:25\x1b[m\x1b[K,\n'}
[4.670533] (task_controller_cpp) StderrLine: {'line': b'                 from \x1b[01m\x1b[K/opt/ros/humble/include/rclcpp/rclcpp/memory_strategies.hpp:18\x1b[m\x1b[K,\n'}
[4.670598] (task_controller_cpp) StderrLine: {'line': b'                 from \x1b[01m\x1b[K/opt/ros/humble/include/rclcpp/rclcpp/executor_options.hpp:20\x1b[m\x1b[K,\n'}
[4.670645] (task_controller_cpp) StderrLine: {'line': b'                 from \x1b[01m\x1b[K/opt/ros/humble/include/rclcpp/rclcpp/executor.hpp:37\x1b[m\x1b[K,\n'}
[4.670695] (task_controller_cpp) StderrLine: {'line': b'                 from \x1b[01m\x1b[K/opt/ros/humble/include/rclcpp/rclcpp/executors/multi_threaded_executor.hpp:25\x1b[m\x1b[K,\n'}
[4.670740] (task_controller_cpp) StderrLine: {'line': b'                 from \x1b[01m\x1b[K/opt/ros/humble/include/rclcpp/rclcpp/executors.hpp:21\x1b[m\x1b[K,\n'}
[4.670783] (task_controller_cpp) StderrLine: {'line': b'                 from \x1b[01m\x1b[K/opt/ros/humble/include/rclcpp/rclcpp/rclcpp.hpp:155\x1b[m\x1b[K,\n'}
[4.670829] (task_controller_cpp) StderrLine: {'line': b'                 from \x1b[01m\x1b[K/home/samiksha/ros2_ws/src/task_controller_cpp/src/chat_second.cpp:6\x1b[m\x1b[K:\n'}
[4.670876] (task_controller_cpp) StderrLine: {'line': b'/opt/ros/humble/include/rclcpp/rclcpp/any_subscription_callback.hpp: In instantiation of \xe2\x80\x98\x1b[01m\x1b[Krclcpp::AnySubscriptionCallback<MessageT, AllocatorT> rclcpp::AnySubscriptionCallback<MessageT, AllocatorT>::set(CallbackT) [with CallbackT = std::_Bind<void (Node2::*(int, Node2*, std::_Placeholder<1>))(std::shared_ptr<std_msgs::msg::String_<std::allocator<void> > >)>; MessageT = std_msgs::msg::String_<std::allocator<void> >; AllocatorT = std::allocator<void>]\x1b[m\x1b[K\xe2\x80\x99:\n'}
[4.670935] (task_controller_cpp) StderrLine: {'line': b'\x1b[01m\x1b[K/opt/ros/humble/include/rclcpp/rclcpp/subscription_factory.hpp:94:32:\x1b[m\x1b[K   required from \xe2\x80\x98\x1b[01m\x1b[Krclcpp::SubscriptionFactory rclcpp::create_subscription_factory(CallbackT&&, const rclcpp::SubscriptionOptionsWithAllocator<AllocatorT>&, typename MessageMemoryStrategyT::SharedPtr, std::shared_ptr<rclcpp::topic_statistics::SubscriptionTopicStatistics<ROSMessageType> >) [with MessageT = std_msgs::msg::String_<std::allocator<void> >; CallbackT = std::_Bind<void (Node2::*(int, Node2*, std::_Placeholder<1>))(std::shared_ptr<std_msgs::msg::String_<std::allocator<void> > >)>; AllocatorT = std::allocator<void>; SubscriptionT = rclcpp::Subscription<std_msgs::msg::String_<std::allocator<void> > >; MessageMemoryStrategyT = rclcpp::message_memory_strategy::MessageMemoryStrategy<std_msgs::msg::String_<std::allocator<void> >, std::allocator<void> >; ROSMessageType = std_msgs::msg::String_<std::allocator<void> >; typename MessageMemoryStrategyT::SharedPtr = std::shared_ptr<rclcpp::message_memory_strategy::MessageMemoryStrategy<std_msgs::msg::String_<std::allocator<void> >, std::allocator<void> > >]\x1b[m\x1b[K\xe2\x80\x99\n'}
[4.672360] (task_controller_cpp) StderrLine: {'line': b'\x1b[01m\x1b[K/opt/ros/humble/include/rclcpp/rclcpp/create_subscription.hpp:122:63:\x1b[m\x1b[K   required from \xe2\x80\x98\x1b[01m\x1b[Kstd::shared_ptr<ROSMessageT> rclcpp::detail::create_subscription(NodeParametersT&, NodeTopicsT&, const string&, const rclcpp::QoS&, CallbackT&&, const rclcpp::SubscriptionOptionsWithAllocator<AllocatorT>&, typename MessageMemoryStrategyT::SharedPtr) [with MessageT = std_msgs::msg::String_<std::allocator<void> >; CallbackT = std::_Bind<void (Node2::*(int, Node2*, std::_Placeholder<1>))(std::shared_ptr<std_msgs::msg::String_<std::allocator<void> > >)>; AllocatorT = std::allocator<void>; SubscriptionT = rclcpp::Subscription<std_msgs::msg::String_<std::allocator<void> > >; MessageMemoryStrategyT = rclcpp::message_memory_strategy::MessageMemoryStrategy<std_msgs::msg::String_<std::allocator<void> >, std::allocator<void> >; NodeParametersT = rclcpp::Node; NodeTopicsT = rclcpp::Node; ROSMessageType = std_msgs::msg::String_<std::allocator<void> >; std::string = std::__cxx11::basic_string<char>; typename MessageMemoryStrategyT::SharedPtr = std::shared_ptr<rclcpp::message_memory_strategy::MessageMemoryStrategy<std_msgs::msg::String_<std::allocator<void> >, std::allocator<void> > >]\x1b[m\x1b[K\xe2\x80\x99\n'}
[4.672536] (task_controller_cpp) StderrLine: {'line': b'\x1b[01m\x1b[K/opt/ros/humble/include/rclcpp/rclcpp/create_subscription.hpp:191:76:\x1b[m\x1b[K   required from \xe2\x80\x98\x1b[01m\x1b[Kstd::shared_ptr<ROSMessageT> rclcpp::create_subscription(NodeT&, const string&, const rclcpp::QoS&, CallbackT&&, const rclcpp::SubscriptionOptionsWithAllocator<AllocatorT>&, typename MessageMemoryStrategyT::SharedPtr) [with MessageT = std_msgs::msg::String_<std::allocator<void> >; CallbackT = std::_Bind<void (Node2::*(int, Node2*, std::_Placeholder<1>))(std::shared_ptr<std_msgs::msg::String_<std::allocator<void> > >)>; AllocatorT = std::allocator<void>; SubscriptionT = rclcpp::Subscription<std_msgs::msg::String_<std::allocator<void> > >; MessageMemoryStrategyT = rclcpp::message_memory_strategy::MessageMemoryStrategy<std_msgs::msg::String_<std::allocator<void> >, std::allocator<void> >; NodeT = rclcpp::Node; std::string = std::__cxx11::basic_string<char>; typename MessageMemoryStrategyT::SharedPtr = std::shared_ptr<rclcpp::message_memory_strategy::MessageMemoryStrategy<std_msgs::msg::String_<std::allocator<void> >, std::allocator<void> > >]\x1b[m\x1b[K\xe2\x80\x99\n'}
[4.672625] (task_controller_cpp) StderrLine: {'line': b'\x1b[01m\x1b[K/opt/ros/humble/include/rclcpp/rclcpp/node_impl.hpp:99:47:\x1b[m\x1b[K   required from \xe2\x80\x98\x1b[01m\x1b[Kstd::shared_ptr<ROSMessageT> rclcpp::Node::create_subscription(const string&, const rclcpp::QoS&, CallbackT&&, const rclcpp::SubscriptionOptionsWithAllocator<AllocatorT>&, typename MessageMemoryStrategyT::SharedPtr) [with MessageT = std_msgs::msg::String_<std::allocator<void> >; CallbackT = std::_Bind<void (Node2::*(int, Node2*, std::_Placeholder<1>))(std::shared_ptr<std_msgs::msg::String_<std::allocator<void> > >)>; AllocatorT = std::allocator<void>; SubscriptionT = rclcpp::Subscription<std_msgs::msg::String_<std::allocator<void> > >; MessageMemoryStrategyT = rclcpp::message_memory_strategy::MessageMemoryStrategy<std_msgs::msg::String_<std::allocator<void> >, std::allocator<void> >; std::string = std::__cxx11::basic_string<char>; typename MessageMemoryStrategyT::SharedPtr = std::shared_ptr<rclcpp::message_memory_strategy::MessageMemoryStrategy<std_msgs::msg::String_<std::allocator<void> >, std::allocator<void> > >]\x1b[m\x1b[K\xe2\x80\x99\n'}
[4.672696] (task_controller_cpp) StderrLine: {'line': b'\x1b[01m\x1b[K/home/samiksha/ros2_ws/src/task_controller_cpp/src/chat_second.cpp:16:65:\x1b[m\x1b[K   required from here\n'}
[4.672741] (task_controller_cpp) StderrLine: {'line': b'\x1b[01m\x1b[K/opt/ros/humble/include/rclcpp/rclcpp/any_subscription_callback.hpp:391:22:\x1b[m\x1b[K \x1b[01;31m\x1b[Kerror: \x1b[m\x1b[Kno matching function for call to \xe2\x80\x98\x1b[01m\x1b[Kstd::function<void(std::shared_ptr<std_msgs::msg::String_<std::allocator<void> > >)>::function(std::_Bind<void (Node2::*(int, Node2*, std::_Placeholder<1>))(std::shared_ptr<std_msgs::msg::String_<std::allocator<void> > >)>&)\x1b[m\x1b[K\xe2\x80\x99\n'}
[4.672792] (task_controller_cpp) StderrLine: {'line': b'  391 |       set_deprecated(\x1b[01;31m\x1b[Kstatic_cast<typename scbth::callback_type>(callback)\x1b[m\x1b[K);\n'}
[4.672832] (task_controller_cpp) StderrLine: {'line': b'      |                      \x1b[01;31m\x1b[K^~~~~~~~~~~~~~~~~~~~~~~~~~~~~~~~~~~~~~~~~~~~~~~~~~~~\x1b[m\x1b[K\n'}
[4.672875] (task_controller_cpp) StderrLine: {'line': b'In file included from \x1b[01m\x1b[K/usr/include/c++/11/functional:59\x1b[m\x1b[K,\n'}
[4.672915] (task_controller_cpp) StderrLine: {'line': b'                 from \x1b[01m\x1b[K/home/samiksha/ros2_ws/src/task_controller_cpp/src/chat_second.cpp:2\x1b[m\x1b[K:\n'}
[4.672952] (task_controller_cpp) StderrLine: {'line': b'\x1b[01m\x1b[K/usr/include/c++/11/bits/std_function.h:435:9:\x1b[m\x1b[K \x1b[01;36m\x1b[Knote: \x1b[m\x1b[Kcandidate: \xe2\x80\x98\x1b[01m\x1b[Ktemplate<class _Functor, class _Constraints> std::function<_Res(_ArgTypes ...)>::function(_Functor&&) [with _Functor = _Functor; _Constraints = _Constraints; _Res = void; _ArgTypes = {std::shared_ptr<std_msgs::msg::String_<std::allocator<void> > >}]\x1b[m\x1b[K\xe2\x80\x99\n'}
[4.672992] (task_controller_cpp) StderrLine: {'line': b'  435 |         \x1b[01;36m\x1b[Kfunction\x1b[m\x1b[K(_Functor&& __f)\n'}
[4.673032] (task_controller_cpp) StderrLine: {'line': b'      |         \x1b[01;36m\x1b[K^~~~~~~~\x1b[m\x1b[K\n'}
[4.673069] (task_controller_cpp) StderrLine: {'line': b'\x1b[01m\x1b[K/usr/include/c++/11/bits/std_function.h:435:9:\x1b[m\x1b[K \x1b[01;36m\x1b[Knote: \x1b[m\x1b[K  template argument deduction/substitution failed:\n'}
[4.673109] (task_controller_cpp) StderrLine: {'line': b'In file included from \x1b[01m\x1b[K/usr/include/c++/11/ratio:39\x1b[m\x1b[K,\n'}
[4.673145] (task_controller_cpp) StderrLine: {'line': b'                 from \x1b[01m\x1b[K/usr/include/c++/11/chrono:39\x1b[m\x1b[K,\n'}
[4.673188] (task_controller_cpp) StderrLine: {'line': b'                 from \x1b[01m\x1b[K/home/samiksha/ros2_ws/src/task_controller_cpp/src/chat_second.cpp:1\x1b[m\x1b[K:\n'}
[4.673229] (task_controller_cpp) StderrLine: {'line': b'/usr/include/c++/11/type_traits: In substitution of \xe2\x80\x98\x1b[01m\x1b[Ktemplate<bool _Cond, class _Tp> using __enable_if_t = typename std::enable_if::type [with bool _Cond = false; _Tp = void]\x1b[m\x1b[K\xe2\x80\x99:\n'}
[4.673272] (task_controller_cpp) StderrLine: {'line': b'\x1b[01m\x1b[K/usr/include/c++/11/bits/std_function.h:353:8:\x1b[m\x1b[K   required by substitution of \xe2\x80\x98\x1b[01m\x1b[Ktemplate<class _Res, class ... _ArgTypes> template<class _Cond, class _Tp> using _Requires = std::__enable_if_t<_Cond::value, _Tp> [with _Cond = std::function<void(std::shared_ptr<std_msgs::msg::String_<std::allocator<void> > >)>::_Callable<std::_Bind<void (Node2::*(int, Node2*, std::_Placeholder<1>))(std::shared_ptr<std_msgs::msg::String_<std::allocator<void> > >)>&, std::_Bind<void (Node2::*(int, Node2*, std::_Placeholder<1>))(std::shared_ptr<std_msgs::msg::String_<std::allocator<void> > >)>, std::__invoke_result<std::_Bind<void (Node2::*(int, Node2*, std::_Placeholder<1>))(std::shared_ptr<std_msgs::msg::String_<std::allocator<void> > >)>&, std::shared_ptr<std_msgs::msg::String_<std::allocator<void> > > > >; _Tp = void; _Res = void; _ArgTypes = {std::shared_ptr<std_msgs::msg::String_<std::allocator<void> > >}]\x1b[m\x1b[K\xe2\x80\x99\n'}
[4.673317] (task_controller_cpp) StderrLine: {'line': b'\x1b[01m\x1b[K/usr/include/c++/11/bits/std_function.h:434:9:\x1b[m\x1b[K   required from \xe2\x80\x98\x1b[01m\x1b[Krclcpp::AnySubscriptionCallback<MessageT, AllocatorT> rclcpp::AnySubscriptionCallback<MessageT, AllocatorT>::set(CallbackT) [with CallbackT = std::_Bind<void (Node2::*(int, Node2*, std::_Placeholder<1>))(std::shared_ptr<std_msgs::msg::String_<std::allocator<void> > >)>; MessageT = std_msgs::msg::String_<std::allocator<void> >; AllocatorT = std::allocator<void>]\x1b[m\x1b[K\xe2\x80\x99\n'}
[4.673373] (task_controller_cpp) StderrLine: {'line': b'\x1b[01m\x1b[K/opt/ros/humble/include/rclcpp/rclcpp/subscription_factory.hpp:94:32:\x1b[m\x1b[K   required from \xe2\x80\x98\x1b[01m\x1b[Krclcpp::SubscriptionFactory rclcpp::create_subscription_factory(CallbackT&&, const rclcpp::SubscriptionOptionsWithAllocator<AllocatorT>&, typename MessageMemoryStrategyT::SharedPtr, std::shared_ptr<rclcpp::topic_statistics::SubscriptionTopicStatistics<ROSMessageType> >) [with MessageT = std_msgs::msg::String_<std::allocator<void> >; CallbackT = std::_Bind<void (Node2::*(int, Node2*, std::_Placeholder<1>))(std::shared_ptr<std_msgs::msg::String_<std::allocator<void> > >)>; AllocatorT = std::allocator<void>; SubscriptionT = rclcpp::Subscription<std_msgs::msg::String_<std::allocator<void> > >; MessageMemoryStrategyT = rclcpp::message_memory_strategy::MessageMemoryStrategy<std_msgs::msg::String_<std::allocator<void> >, std::allocator<void> >; ROSMessageType = std_msgs::msg::String_<std::allocator<void> >; typename MessageMemoryStrategyT::SharedPtr = std::shared_ptr<rclcpp::message_memory_strategy::MessageMemoryStrategy<std_msgs::msg::String_<std::allocator<void> >, std::allocator<void> > >]\x1b[m\x1b[K\xe2\x80\x99\n'}
[4.673426] (task_controller_cpp) StderrLine: {'line': b'\x1b[01m\x1b[K/opt/ros/humble/include/rclcpp/rclcpp/create_subscription.hpp:122:63:\x1b[m\x1b[K   required from \xe2\x80\x98\x1b[01m\x1b[Kstd::shared_ptr<ROSMessageT> rclcpp::detail::create_subscription(NodeParametersT&, NodeTopicsT&, const string&, const rclcpp::QoS&, CallbackT&&, const rclcpp::SubscriptionOptionsWithAllocator<AllocatorT>&, typename MessageMemoryStrategyT::SharedPtr) [with MessageT = std_msgs::msg::String_<std::allocator<void> >; CallbackT = std::_Bind<void (Node2::*(int, Node2*, std::_Placeholder<1>))(std::shared_ptr<std_msgs::msg::String_<std::allocator<void> > >)>; AllocatorT = std::allocator<void>; SubscriptionT = rclcpp::Subscription<std_msgs::msg::String_<std::allocator<void> > >; MessageMemoryStrategyT = rclcpp::message_memory_strategy::MessageMemoryStrategy<std_msgs::msg::String_<std::allocator<void> >, std::allocator<void> >; NodeParametersT = rclcpp::Node; NodeTopicsT = rclcpp::Node; ROSMessageType = std_msgs::msg::String_<std::allocator<void> >; std::string = std::__cxx11::basic_string<char>; typename MessageMemoryStrategyT::SharedPtr = std::shared_ptr<rclcpp::message_memory_strategy::MessageMemoryStrategy<std_msgs::msg::String_<std::allocator<void> >, std::allocator<void> > >]\x1b[m\x1b[K\xe2\x80\x99\n'}
[4.673468] (task_controller_cpp) StderrLine: {'line': b'\x1b[01m\x1b[K/opt/ros/humble/include/rclcpp/rclcpp/create_subscription.hpp:191:76:\x1b[m\x1b[K   required from \xe2\x80\x98\x1b[01m\x1b[Kstd::shared_ptr<ROSMessageT> rclcpp::create_subscription(NodeT&, const string&, const rclcpp::QoS&, CallbackT&&, const rclcpp::SubscriptionOptionsWithAllocator<AllocatorT>&, typename MessageMemoryStrategyT::SharedPtr) [with MessageT = std_msgs::msg::String_<std::allocator<void> >; CallbackT = std::_Bind<void (Node2::*(int, Node2*, std::_Placeholder<1>))(std::shared_ptr<std_msgs::msg::String_<std::allocator<void> > >)>; AllocatorT = std::allocator<void>; SubscriptionT = rclcpp::Subscription<std_msgs::msg::String_<std::allocator<void> > >; MessageMemoryStrategyT = rclcpp::message_memory_strategy::MessageMemoryStrategy<std_msgs::msg::String_<std::allocator<void> >, std::allocator<void> >; NodeT = rclcpp::Node; std::string = std::__cxx11::basic_string<char>; typename MessageMemoryStrategyT::SharedPtr = std::shared_ptr<rclcpp::message_memory_strategy::MessageMemoryStrategy<std_msgs::msg::String_<std::allocator<void> >, std::allocator<void> > >]\x1b[m\x1b[K\xe2\x80\x99\n'}
[4.673513] (task_controller_cpp) StderrLine: {'line': b'\x1b[01m\x1b[K/opt/ros/humble/include/rclcpp/rclcpp/node_impl.hpp:99:47:\x1b[m\x1b[K   required from \xe2\x80\x98\x1b[01m\x1b[Kstd::shared_ptr<ROSMessageT> rclcpp::Node::create_subscription(const string&, const rclcpp::QoS&, CallbackT&&, const rclcpp::SubscriptionOptionsWithAllocator<AllocatorT>&, typename MessageMemoryStrategyT::SharedPtr) [with MessageT = std_msgs::msg::String_<std::allocator<void> >; CallbackT = std::_Bind<void (Node2::*(int, Node2*, std::_Placeholder<1>))(std::shared_ptr<std_msgs::msg::String_<std::allocator<void> > >)>; AllocatorT = std::allocator<void>; SubscriptionT = rclcpp::Subscription<std_msgs::msg::String_<std::allocator<void> > >; MessageMemoryStrategyT = rclcpp::message_memory_strategy::MessageMemoryStrategy<std_msgs::msg::String_<std::allocator<void> >, std::allocator<void> >; std::string = std::__cxx11::basic_string<char>; typename MessageMemoryStrategyT::SharedPtr = std::shared_ptr<rclcpp::message_memory_strategy::MessageMemoryStrategy<std_msgs::msg::String_<std::allocator<void> >, std::allocator<void> > >]\x1b[m\x1b[K\xe2\x80\x99\n'}
[4.673556] (task_controller_cpp) StderrLine: {'line': b'\x1b[01m\x1b[K/home/samiksha/ros2_ws/src/task_controller_cpp/src/chat_second.cpp:16:65:\x1b[m\x1b[K   required from here\n'}
[4.673593] (task_controller_cpp) StderrLine: {'line': b'\x1b[01m\x1b[K/usr/include/c++/11/type_traits:2205:11:\x1b[m\x1b[K \x1b[01;31m\x1b[Kerror: \x1b[m\x1b[Kno type named \xe2\x80\x98\x1b[01m\x1b[Ktype\x1b[m\x1b[K\xe2\x80\x99 in \xe2\x80\x98\x1b[01m\x1b[Kstruct std::enable_if<false, void>\x1b[m\x1b[K\xe2\x80\x99\n'}
[4.673633] (task_controller_cpp) StderrLine: {'line': b' 2205 |     using \x1b[01;31m\x1b[K__enable_if_t\x1b[m\x1b[K = typename enable_if<_Cond, _Tp>::type;\n'}
[4.673670] (task_controller_cpp) StderrLine: {'line': b'      |           \x1b[01;31m\x1b[K^~~~~~~~~~~~~\x1b[m\x1b[K\n'}
[4.673706] (task_controller_cpp) StderrLine: {'line': b'In file included from \x1b[01m\x1b[K/usr/include/c++/11/functional:59\x1b[m\x1b[K,\n'}
[4.673744] (task_controller_cpp) StderrLine: {'line': b'                 from \x1b[01m\x1b[K/home/samiksha/ros2_ws/src/task_controller_cpp/src/chat_second.cpp:2\x1b[m\x1b[K:\n'}
[4.673797] (task_controller_cpp) StderrLine: {'line': b'/opt/ros/humble/include/rclcpp/rclcpp/any_subscription_callback.hpp: In instantiation of \xe2\x80\x98\x1b[01m\x1b[Krclcpp::AnySubscriptionCallback<MessageT, AllocatorT> rclcpp::AnySubscriptionCallback<MessageT, AllocatorT>::set(CallbackT) [with CallbackT = std::_Bind<void (Node2::*(int, Node2*, std::_Placeholder<1>))(std::shared_ptr<std_msgs::msg::String_<std::allocator<void> > >)>; MessageT = std_msgs::msg::String_<std::allocator<void> >; AllocatorT = std::allocator<void>]\x1b[m\x1b[K\xe2\x80\x99:\n'}
[4.673851] (task_controller_cpp) StderrLine: {'line': b'\x1b[01m\x1b[K/opt/ros/humble/include/rclcpp/rclcpp/subscription_factory.hpp:94:32:\x1b[m\x1b[K   required from \xe2\x80\x98\x1b[01m\x1b[Krclcpp::SubscriptionFactory rclcpp::create_subscription_factory(CallbackT&&, const rclcpp::SubscriptionOptionsWithAllocator<AllocatorT>&, typename MessageMemoryStrategyT::SharedPtr, std::shared_ptr<rclcpp::topic_statistics::SubscriptionTopicStatistics<ROSMessageType> >) [with MessageT = std_msgs::msg::String_<std::allocator<void> >; CallbackT = std::_Bind<void (Node2::*(int, Node2*, std::_Placeholder<1>))(std::shared_ptr<std_msgs::msg::String_<std::allocator<void> > >)>; AllocatorT = std::allocator<void>; SubscriptionT = rclcpp::Subscription<std_msgs::msg::String_<std::allocator<void> > >; MessageMemoryStrategyT = rclcpp::message_memory_strategy::MessageMemoryStrategy<std_msgs::msg::String_<std::allocator<void> >, std::allocator<void> >; ROSMessageType = std_msgs::msg::String_<std::allocator<void> >; typename MessageMemoryStrategyT::SharedPtr = std::shared_ptr<rclcpp::message_memory_strategy::MessageMemoryStrategy<std_msgs::msg::String_<std::allocator<void> >, std::allocator<void> > >]\x1b[m\x1b[K\xe2\x80\x99\n'}
[4.673915] (task_controller_cpp) StderrLine: {'line': b'\x1b[01m\x1b[K/opt/ros/humble/include/rclcpp/rclcpp/create_subscription.hpp:122:63:\x1b[m\x1b[K   required from \xe2\x80\x98\x1b[01m\x1b[Kstd::shared_ptr<ROSMessageT> rclcpp::detail::create_subscription(NodeParametersT&, NodeTopicsT&, const string&, const rclcpp::QoS&, CallbackT&&, const rclcpp::SubscriptionOptionsWithAllocator<AllocatorT>&, typename MessageMemoryStrategyT::SharedPtr) [with MessageT = std_msgs::msg::String_<std::allocator<void> >; CallbackT = std::_Bind<void (Node2::*(int, Node2*, std::_Placeholder<1>))(std::shared_ptr<std_msgs::msg::String_<std::allocator<void> > >)>; AllocatorT = std::allocator<void>; SubscriptionT = rclcpp::Subscription<std_msgs::msg::String_<std::allocator<void> > >; MessageMemoryStrategyT = rclcpp::message_memory_strategy::MessageMemoryStrategy<std_msgs::msg::String_<std::allocator<void> >, std::allocator<void> >; NodeParametersT = rclcpp::Node; NodeTopicsT = rclcpp::Node; ROSMessageType = std_msgs::msg::String_<std::allocator<void> >; std::string = std::__cxx11::basic_string<char>; typename MessageMemoryStrategyT::SharedPtr = std::shared_ptr<rclcpp::message_memory_strategy::MessageMemoryStrategy<std_msgs::msg::String_<std::allocator<void> >, std::allocator<void> > >]\x1b[m\x1b[K\xe2\x80\x99\n'}
[4.673988] (task_controller_cpp) StderrLine: {'line': b'\x1b[01m\x1b[K/opt/ros/humble/include/rclcpp/rclcpp/create_subscription.hpp:191:76:\x1b[m\x1b[K   required from \xe2\x80\x98\x1b[01m\x1b[Kstd::shared_ptr<ROSMessageT> rclcpp::create_subscription(NodeT&, const string&, const rclcpp::QoS&, CallbackT&&, const rclcpp::SubscriptionOptionsWithAllocator<AllocatorT>&, typename MessageMemoryStrategyT::SharedPtr) [with MessageT = std_msgs::msg::String_<std::allocator<void> >; CallbackT = std::_Bind<void (Node2::*(int, Node2*, std::_Placeholder<1>))(std::shared_ptr<std_msgs::msg::String_<std::allocator<void> > >)>; AllocatorT = std::allocator<void>; SubscriptionT = rclcpp::Subscription<std_msgs::msg::String_<std::allocator<void> > >; MessageMemoryStrategyT = rclcpp::message_memory_strategy::MessageMemoryStrategy<std_msgs::msg::String_<std::allocator<void> >, std::allocator<void> >; NodeT = rclcpp::Node; std::string = std::__cxx11::basic_string<char>; typename MessageMemoryStrategyT::SharedPtr = std::shared_ptr<rclcpp::message_memory_strategy::MessageMemoryStrategy<std_msgs::msg::String_<std::allocator<void> >, std::allocator<void> > >]\x1b[m\x1b[K\xe2\x80\x99\n'}
[4.674044] (task_controller_cpp) StderrLine: {'line': b'\x1b[01m\x1b[K/opt/ros/humble/include/rclcpp/rclcpp/node_impl.hpp:99:47:\x1b[m\x1b[K   required from \xe2\x80\x98\x1b[01m\x1b[Kstd::shared_ptr<ROSMessageT> rclcpp::Node::create_subscription(const string&, const rclcpp::QoS&, CallbackT&&, const rclcpp::SubscriptionOptionsWithAllocator<AllocatorT>&, typename MessageMemoryStrategyT::SharedPtr) [with MessageT = std_msgs::msg::String_<std::allocator<void> >; CallbackT = std::_Bind<void (Node2::*(int, Node2*, std::_Placeholder<1>))(std::shared_ptr<std_msgs::msg::String_<std::allocator<void> > >)>; AllocatorT = std::allocator<void>; SubscriptionT = rclcpp::Subscription<std_msgs::msg::String_<std::allocator<void> > >; MessageMemoryStrategyT = rclcpp::message_memory_strategy::MessageMemoryStrategy<std_msgs::msg::String_<std::allocator<void> >, std::allocator<void> >; std::string = std::__cxx11::basic_string<char>; typename MessageMemoryStrategyT::SharedPtr = std::shared_ptr<rclcpp::message_memory_strategy::MessageMemoryStrategy<std_msgs::msg::String_<std::allocator<void> >, std::allocator<void> > >]\x1b[m\x1b[K\xe2\x80\x99\n'}
[4.674089] (task_controller_cpp) StderrLine: {'line': b'\x1b[01m\x1b[K/home/samiksha/ros2_ws/src/task_controller_cpp/src/chat_second.cpp:16:65:\x1b[m\x1b[K   required from here\n'}
[4.674125] (task_controller_cpp) StderrLine: {'line': b'\x1b[01m\x1b[K/usr/include/c++/11/bits/std_function.h:404:7:\x1b[m\x1b[K \x1b[01;36m\x1b[Knote: \x1b[m\x1b[Kcandidate: \xe2\x80\x98\x1b[01m\x1b[Kstd::function<_Res(_ArgTypes ...)>::function(std::function<_Res(_ArgTypes ...)>&&) [with _Res = void; _ArgTypes = {std::shared_ptr<std_msgs::msg::String_<std::allocator<void> > >}]\x1b[m\x1b[K\xe2\x80\x99\n'}
[4.674163] (task_controller_cpp) StderrLine: {'line': b'  404 |       \x1b[01;36m\x1b[Kfunction\x1b[m\x1b[K(function&& __x) noexcept\n'}
[4.674199] (task_controller_cpp) StderrLine: {'line': b'      |       \x1b[01;36m\x1b[K^~~~~~~~\x1b[m\x1b[K\n'}
[4.674233] (task_controller_cpp) StderrLine: {'line': b'\x1b[01m\x1b[K/usr/include/c++/11/bits/std_function.h:404:27:\x1b[m\x1b[K \x1b[01;36m\x1b[Knote: \x1b[m\x1b[K  no known conversion for argument 1 from \xe2\x80\x98\x1b[01m\x1b[Kstd::_Bind<void (Node2::*(int, Node2*, std::_Placeholder<1>))(std::shared_ptr<std_msgs::msg::String_<std::allocator<void> > >)>\x1b[m\x1b[K\xe2\x80\x99 to \xe2\x80\x98\x1b[01m\x1b[Kstd::function<void(std::shared_ptr<std_msgs::msg::String_<std::allocator<void> > >)>&&\x1b[m\x1b[K\xe2\x80\x99\n'}
[4.674273] (task_controller_cpp) StderrLine: {'line': b'  404 |       function(\x1b[01;36m\x1b[Kfunction&& __x\x1b[m\x1b[K) noexcept\n'}
[4.674311] (task_controller_cpp) StderrLine: {'line': b'      |                \x1b[01;36m\x1b[K~~~~~~~~~~~^~~\x1b[m\x1b[K\n'}
[4.674367] (task_controller_cpp) StderrLine: {'line': b'\x1b[01m\x1b[K/usr/include/c++/11/bits/std_function.h:386:7:\x1b[m\x1b[K \x1b[01;36m\x1b[Knote: \x1b[m\x1b[Kcandidate: \xe2\x80\x98\x1b[01m\x1b[Kstd::function<_Res(_ArgTypes ...)>::function(const std::function<_Res(_ArgTypes ...)>&) [with _Res = void; _ArgTypes = {std::shared_ptr<std_msgs::msg::String_<std::allocator<void> > >}]\x1b[m\x1b[K\xe2\x80\x99\n'}
[4.674407] (task_controller_cpp) StderrLine: {'line': b'  386 |       \x1b[01;36m\x1b[Kfunction\x1b[m\x1b[K(const function& __x)\n'}
[4.674442] (task_controller_cpp) StderrLine: {'line': b'      |       \x1b[01;36m\x1b[K^~~~~~~~\x1b[m\x1b[K\n'}
[4.674480] (task_controller_cpp) StderrLine: {'line': b'\x1b[01m\x1b[K/usr/include/c++/11/bits/std_function.h:386:32:\x1b[m\x1b[K \x1b[01;36m\x1b[Knote: \x1b[m\x1b[K  no known conversion for argument 1 from \xe2\x80\x98\x1b[01m\x1b[Kstd::_Bind<void (Node2::*(int, Node2*, std::_Placeholder<1>))(std::shared_ptr<std_msgs::msg::String_<std::allocator<void> > >)>\x1b[m\x1b[K\xe2\x80\x99 to \xe2\x80\x98\x1b[01m\x1b[Kconst std::function<void(std::shared_ptr<std_msgs::msg::String_<std::allocator<void> > >)>&\x1b[m\x1b[K\xe2\x80\x99\n'}
[4.674532] (task_controller_cpp) StderrLine: {'line': b'  386 |       function(\x1b[01;36m\x1b[Kconst function& __x\x1b[m\x1b[K)\n'}
[4.674590] (task_controller_cpp) StderrLine: {'line': b'      |                \x1b[01;36m\x1b[K~~~~~~~~~~~~~~~~^~~\x1b[m\x1b[K\n'}
[4.674651] (task_controller_cpp) StderrLine: {'line': b'\x1b[01m\x1b[K/usr/include/c++/11/bits/std_function.h:375:7:\x1b[m\x1b[K \x1b[01;36m\x1b[Knote: \x1b[m\x1b[Kcandidate: \xe2\x80\x98\x1b[01m\x1b[Kstd::function<_Res(_ArgTypes ...)>::function(std::nullptr_t) [with _Res = void; _ArgTypes = {std::shared_ptr<std_msgs::msg::String_<std::allocator<void> > >}; std::nullptr_t = std::nullptr_t]\x1b[m\x1b[K\xe2\x80\x99\n'}
[4.674709] (task_controller_cpp) StderrLine: {'line': b'  375 |       \x1b[01;36m\x1b[Kfunction\x1b[m\x1b[K(nullptr_t) noexcept\n'}
[4.674746] (task_controller_cpp) StderrLine: {'line': b'      |       \x1b[01;36m\x1b[K^~~~~~~~\x1b[m\x1b[K\n'}
[4.674782] (task_controller_cpp) StderrLine: {'line': b'\x1b[01m\x1b[K/usr/include/c++/11/bits/std_function.h:375:16:\x1b[m\x1b[K \x1b[01;36m\x1b[Knote: \x1b[m\x1b[K  no known conversion for argument 1 from \xe2\x80\x98\x1b[01m\x1b[Kstd::_Bind<void (Node2::*(int, Node2*, std::_Placeholder<1>))(std::shared_ptr<std_msgs::msg::String_<std::allocator<void> > >)>\x1b[m\x1b[K\xe2\x80\x99 to \xe2\x80\x98\x1b[01m\x1b[Kstd::nullptr_t\x1b[m\x1b[K\xe2\x80\x99\n'}
[4.674821] (task_controller_cpp) StderrLine: {'line': b'  375 |       function(\x1b[01;36m\x1b[Knullptr_t\x1b[m\x1b[K) noexcept\n'}
[4.674856] (task_controller_cpp) StderrLine: {'line': b'      |                \x1b[01;36m\x1b[K^~~~~~~~~\x1b[m\x1b[K\n'}
[4.674890] (task_controller_cpp) StderrLine: {'line': b'\x1b[01m\x1b[K/usr/include/c++/11/bits/std_function.h:368:7:\x1b[m\x1b[K \x1b[01;36m\x1b[Knote: \x1b[m\x1b[Kcandidate: \xe2\x80\x98\x1b[01m\x1b[Kstd::function<_Res(_ArgTypes ...)>::function() [with _Res = void; _ArgTypes = {std::shared_ptr<std_msgs::msg::String_<std::allocator<void> > >}]\x1b[m\x1b[K\xe2\x80\x99\n'}
[4.674929] (task_controller_cpp) StderrLine: {'line': b'  368 |       \x1b[01;36m\x1b[Kfunction\x1b[m\x1b[K() noexcept\n'}
[4.674963] (task_controller_cpp) StderrLine: {'line': b'      |       \x1b[01;36m\x1b[K^~~~~~~~\x1b[m\x1b[K\n'}
[4.680238] (task_controller_cpp) StderrLine: {'line': b'\x1b[01m\x1b[K/usr/include/c++/11/bits/std_function.h:368:7:\x1b[m\x1b[K \x1b[01;36m\x1b[Knote: \x1b[m\x1b[K  candidate expects 0 arguments, 1 provided\n'}
[4.719060] (-) TimerEvent: {}
[4.819526] (-) TimerEvent: {}
[4.919965] (-) TimerEvent: {}
[5.020410] (-) TimerEvent: {}
[5.120880] (-) TimerEvent: {}
[5.221258] (-) TimerEvent: {}
[5.321764] (-) TimerEvent: {}
[5.341723] (task_controller_cpp) StdoutLine: {'line': b'[ 58%] \x1b[32m\x1b[1mLinking CXX executable client_doc\x1b[0m\n'}
[5.421884] (-) TimerEvent: {}
[5.522337] (-) TimerEvent: {}
[5.526596] (task_controller_cpp) StdoutLine: {'line': b'[ 58%] Built target client_doc\n'}
[5.622433] (-) TimerEvent: {}
[5.722886] (-) TimerEvent: {}
[5.823285] (-) TimerEvent: {}
[5.923880] (-) TimerEvent: {}
[6.024354] (-) TimerEvent: {}
[6.124940] (-) TimerEvent: {}
[6.225342] (-) TimerEvent: {}
[6.325862] (-) TimerEvent: {}
[6.426223] (-) TimerEvent: {}
[6.526673] (-) TimerEvent: {}
[6.610236] (task_controller_cpp) StdoutLine: {'line': b'[ 66%] \x1b[32m\x1b[1mLinking CXX executable talker\x1b[0m\n'}
[6.626880] (-) TimerEvent: {}
[6.727431] (-) TimerEvent: {}
[6.806553] (task_controller_cpp) StdoutLine: {'line': b'[ 66%] Built target talker\n'}
[6.827606] (-) TimerEvent: {}
[6.927562] (task_controller_cpp) StdoutLine: {'line': b'[ 75%] \x1b[32m\x1b[1mLinking CXX executable server_doc\x1b[0m\n'}
[6.927857] (-) TimerEvent: {}
[6.985079] (task_controller_cpp) StderrLine: {'line': b'gmake[2]: *** [CMakeFiles/chatNode2.dir/build.make:76: CMakeFiles/chatNode2.dir/src/chat_second.cpp.o] Error 1\n'}
[6.985301] (task_controller_cpp) StderrLine: {'line': b'gmake[1]: *** [CMakeFiles/Makefile2:277: CMakeFiles/chatNode2.dir/all] Error 2\n'}
[6.985364] (task_controller_cpp) StderrLine: {'line': b'gmake[1]: *** Waiting for unfinished jobs....\n'}
[7.028013] (-) TimerEvent: {}
[7.095844] (task_controller_cpp) StdoutLine: {'line': b'[ 75%] Built target server_doc\n'}
[7.128120] (-) TimerEvent: {}
[7.228512] (-) TimerEvent: {}
[7.328845] (-) TimerEvent: {}
[7.429221] (-) TimerEvent: {}
[7.529596] (-) TimerEvent: {}
[7.630039] (-) TimerEvent: {}
[7.730379] (-) TimerEvent: {}
[7.830829] (-) TimerEvent: {}
[7.931183] (-) TimerEvent: {}
[8.031573] (-) TimerEvent: {}
[8.131887] (-) TimerEvent: {}
[8.232421] (-) TimerEvent: {}
[8.332808] (-) TimerEvent: {}
[8.433150] (-) TimerEvent: {}
[8.533587] (-) TimerEvent: {}
[8.633883] (-) TimerEvent: {}
[8.734303] (-) TimerEvent: {}
[8.834665] (-) TimerEvent: {}
[8.935024] (-) TimerEvent: {}
[9.035360] (-) TimerEvent: {}
[9.135684] (-) TimerEvent: {}
[9.236000] (-) TimerEvent: {}
[9.336387] (-) TimerEvent: {}
[9.436773] (-) TimerEvent: {}
[9.535641] (task_controller_cpp) StdoutLine: {'line': b'[ 83%] \x1b[32m\x1b[1mLinking CXX executable chatNode1\x1b[0m\n'}
[9.536844] (-) TimerEvent: {}
[9.637118] (-) TimerEvent: {}
[9.737472] (-) TimerEvent: {}
[9.805281] (task_controller_cpp) StdoutLine: {'line': b'[ 83%] Built target chatNode1\n'}
[9.837691] (-) TimerEvent: {}
[9.938162] (-) TimerEvent: {}
[10.038650] (-) TimerEvent: {}
[10.138918] (-) TimerEvent: {}
[10.239204] (-) TimerEvent: {}
[10.339835] (-) TimerEvent: {}
[10.440111] (-) TimerEvent: {}
[10.511380] (task_controller_cpp) StdoutLine: {'line': b'[ 91%] \x1b[32m\x1b[1mLinking CXX executable listener\x1b[0m\n'}
[10.540318] (-) TimerEvent: {}
[10.640632] (-) TimerEvent: {}
[10.740938] (-) TimerEvent: {}
[10.764440] (task_controller_cpp) StdoutLine: {'line': b'[ 91%] Built target listener\n'}
[10.765117] (task_controller_cpp) StderrLine: {'line': b'gmake: *** [Makefile:146: all] Error 2\n'}
[10.766677] (task_controller_cpp) CommandEnded: {'returncode': 2}
[10.770382] (task_controller_cpp) JobEnded: {'identifier': 'task_controller_cpp', 'rc': 2}
[10.781075] (-) EventReactorShutdown: {}
