[0.000000] (-) TimerEvent: {}
[0.000377] (custom_interfaces) JobQueued: {'identifier': 'custom_interfaces', 'dependencies': OrderedDict()}
[0.000421] (my_package) JobQueued: {'identifier': 'my_package', 'dependencies': OrderedDict()}
[0.000457] (task_controller) JobQueued: {'identifier': 'task_controller', 'dependencies': OrderedDict()}
[0.000616] (turtlesim) JobQueued: {'identifier': 'turtlesim', 'dependencies': OrderedDict()}
[0.000652] (custom_interfaces) JobStarted: {'identifier': 'custom_interfaces'}
[0.003700] (my_package) JobStarted: {'identifier': 'my_package'}
[0.005713] (task_controller) JobStarted: {'identifier': 'task_controller'}
[0.008763] (turtlesim) JobStarted: {'identifier': 'turtlesim'}
[0.011458] (custom_interfaces) JobProgress: {'identifier': 'custom_interfaces', 'progress': 'cmake'}
[0.011775] (custom_interfaces) Command: {'cmd': ['/usr/bin/cmake', '/home/samiksha/ros2_ws/src/custom_interfaces', '-DCMAKE_INSTALL_PREFIX=/home/samiksha/ros2_ws/install/custom_interfaces'], 'cwd': '/home/samiksha/ros2_ws/build/custom_interfaces', 'env': OrderedDict([('LESSOPEN', '| /usr/bin/lesspipe %s'), ('LANGUAGE', 'en_IN:en'), ('USER', 'samiksha'), ('XDG_SESSION_TYPE', 'wayland'), ('SHLVL', '1'), ('LD_LIBRARY_PATH', '/home/samiksha/ros2_ws/install/custom_interfaces/lib:/home/samiksha/ros2_ws/install/turtlesim/lib:/opt/ros/humble/opt/rviz_ogre_vendor/lib:/opt/ros/humble/lib/x86_64-linux-gnu:/opt/ros/humble/lib'), ('HOME', '/home/samiksha'), ('OLDPWD', '/home/samiksha/ros2_ws'), ('DESKTOP_SESSION', 'ubuntu'), ('ROS_PYTHON_VERSION', '3'), ('GNOME_SHELL_SESSION_MODE', 'ubuntu'), ('GTK_MODULES', 'gail:atk-bridge'), ('SYSTEMD_EXEC_PID', '1661'), ('DBUS_SESSION_BUS_ADDRESS', 'unix:path=/run/user/1000/bus'), ('COLORTERM', 'truecolor'), ('_colcon_cd_root', '/opt/ros/humble/'), ('IM_CONFIG_PHASE', '1'), ('WAYLAND_DISPLAY', 'wayland-0'), ('COLCON_PREFIX_PATH', '/home/samiksha/ros2_ws/install'), ('ROS_DISTRO', 'humble'), ('LOGNAME', 'samiksha'), ('_', '/usr/bin/colcon'), ('ROS_VERSION', '2'), ('XDG_SESSION_CLASS', 'user'), ('USERNAME', 'samiksha'), ('TERM', 'xterm-256color'), ('GNOME_DESKTOP_SESSION_ID', 'this-is-deprecated'), ('ROS_LOCALHOST_ONLY', '0'), ('PATH', '/opt/ros/humble/bin:/home/samiksha/.local/bin:/usr/local/sbin:/usr/local/bin:/usr/sbin:/usr/bin:/sbin:/bin:/usr/games:/usr/local/games:/snap/bin:/snap/bin'), ('SESSION_MANAGER', 'local/samiksha-Victus-by-HP-Gaming-Laptop-15-fa1xxx:@/tmp/.ICE-unix/1629,unix/samiksha-Victus-by-HP-Gaming-Laptop-15-fa1xxx:/tmp/.ICE-unix/1629'), ('XDG_MENU_PREFIX', 'gnome-'), ('GNOME_TERMINAL_SCREEN', '/org/gnome/Terminal/screen/0f748237_c90d_4194_987b_b5133b9fa0a2'), ('GNOME_SETUP_DISPLAY', ':1'), ('XDG_RUNTIME_DIR', '/run/user/1000'), ('DISPLAY', ':0'), ('LANG', 'en_US.UTF-8'), ('XDG_CURRENT_DESKTOP', 'ubuntu:GNOME'), ('XMODIFIERS', '@im=ibus'), ('XDG_SESSION_DESKTOP', 'ubuntu'), ('XAUTHORITY', '/run/user/1000/.mutter-Xwaylandauth.Z1P802'), ('LS_COLORS', 'rs=0:di=01;34:ln=01;36:mh=00:pi=40;33:so=01;35:do=01;35:bd=40;33;01:cd=40;33;01:or=40;31;01:mi=00:su=37;41:sg=30;43:ca=30;41:tw=30;42:ow=34;42:st=37;44:ex=01;32:*.tar=01;31:*.tgz=01;31:*.arc=01;31:*.arj=01;31:*.taz=01;31:*.lha=01;31:*.lz4=01;31:*.lzh=01;31:*.lzma=01;31:*.tlz=01;31:*.txz=01;31:*.tzo=01;31:*.t7z=01;31:*.zip=01;31:*.z=01;31:*.dz=01;31:*.gz=01;31:*.lrz=01;31:*.lz=01;31:*.lzo=01;31:*.xz=01;31:*.zst=01;31:*.tzst=01;31:*.bz2=01;31:*.bz=01;31:*.tbz=01;31:*.tbz2=01;31:*.tz=01;31:*.deb=01;31:*.rpm=01;31:*.jar=01;31:*.war=01;31:*.ear=01;31:*.sar=01;31:*.rar=01;31:*.alz=01;31:*.ace=01;31:*.zoo=01;31:*.cpio=01;31:*.7z=01;31:*.rz=01;31:*.cab=01;31:*.wim=01;31:*.swm=01;31:*.dwm=01;31:*.esd=01;31:*.jpg=01;35:*.jpeg=01;35:*.mjpg=01;35:*.mjpeg=01;35:*.gif=01;35:*.bmp=01;35:*.pbm=01;35:*.pgm=01;35:*.ppm=01;35:*.tga=01;35:*.xbm=01;35:*.xpm=01;35:*.tif=01;35:*.tiff=01;35:*.png=01;35:*.svg=01;35:*.svgz=01;35:*.mng=01;35:*.pcx=01;35:*.mov=01;35:*.mpg=01;35:*.mpeg=01;35:*.m2v=01;35:*.mkv=01;35:*.webm=01;35:*.webp=01;35:*.ogm=01;35:*.mp4=01;35:*.m4v=01;35:*.mp4v=01;35:*.vob=01;35:*.qt=01;35:*.nuv=01;35:*.wmv=01;35:*.asf=01;35:*.rm=01;35:*.rmvb=01;35:*.flc=01;35:*.avi=01;35:*.fli=01;35:*.flv=01;35:*.gl=01;35:*.dl=01;35:*.xcf=01;35:*.xwd=01;35:*.yuv=01;35:*.cgm=01;35:*.emf=01;35:*.ogv=01;35:*.ogx=01;35:*.aac=00;36:*.au=00;36:*.flac=00;36:*.m4a=00;36:*.mid=00;36:*.midi=00;36:*.mka=00;36:*.mp3=00;36:*.mpc=00;36:*.ogg=00;36:*.ra=00;36:*.wav=00;36:*.oga=00;36:*.opus=00;36:*.spx=00;36:*.xspf=00;36:'), ('GNOME_TERMINAL_SERVICE', ':1.118'), ('SSH_AGENT_LAUNCHER', 'gnome-keyring'), ('SSH_AUTH_SOCK', '/run/user/1000/keyring/ssh'), ('AMENT_PREFIX_PATH', '/home/samiksha/ros2_ws/install/custom_interfaces:/home/samiksha/ros2_ws/install/turtlesim:/home/samiksha/ros2_ws/install/task_controller:/home/samiksha/ros2_ws/install/my_package:/opt/ros/humble'), ('SHELL', '/bin/bash'), ('QT_ACCESSIBILITY', '1'), ('GDMSESSION', 'ubuntu'), ('LESSCLOSE', '/usr/bin/lesspipe %s %s'), ('QT_IM_MODULE', 'ibus'), ('PWD', '/home/samiksha/ros2_ws/build/custom_interfaces'), ('LC_ALL', 'en_US.UTF-8'), ('XDG_CONFIG_DIRS', '/etc/xdg/xdg-ubuntu:/etc/xdg'), ('XDG_DATA_DIRS', '/usr/share/ubuntu:/usr/local/share/:/usr/share/:/var/lib/snapd/desktop'), ('PYTHONPATH', '/home/samiksha/ros2_ws/install/custom_interfaces/local/lib/python3.10/dist-packages:/home/samiksha/ros2_ws/install/turtlesim/local/lib/python3.10/dist-packages:/home/samiksha/ros2_ws/build/task_controller:/home/samiksha/ros2_ws/install/task_controller/lib/python3.10/site-packages:/opt/ros/humble/lib/python3.10/site-packages:/opt/ros/humble/local/lib/python3.10/dist-packages'), ('COLCON', '1'), ('VTE_VERSION', '6800'), ('CMAKE_PREFIX_PATH', '/home/samiksha/ros2_ws/install/my_package:/home/samiksha/ros2_ws/install/custom_interfaces:/home/samiksha/ros2_ws/install/turtlesim:/home/samiksha/ros2_ws/install/task_controller:/opt/ros/humble')]), 'shell': False}
[0.013361] (my_package) JobProgress: {'identifier': 'my_package', 'progress': 'cmake'}
[0.013430] (my_package) Command: {'cmd': ['/usr/bin/cmake', '/home/samiksha/ros2_ws/src/task_controller_cpp', '-DCMAKE_INSTALL_PREFIX=/home/samiksha/ros2_ws/install/my_package'], 'cwd': '/home/samiksha/ros2_ws/build/my_package', 'env': OrderedDict([('LESSOPEN', '| /usr/bin/lesspipe %s'), ('LANGUAGE', 'en_IN:en'), ('USER', 'samiksha'), ('XDG_SESSION_TYPE', 'wayland'), ('SHLVL', '1'), ('LD_LIBRARY_PATH', '/home/samiksha/ros2_ws/install/custom_interfaces/lib:/home/samiksha/ros2_ws/install/turtlesim/lib:/opt/ros/humble/opt/rviz_ogre_vendor/lib:/opt/ros/humble/lib/x86_64-linux-gnu:/opt/ros/humble/lib'), ('HOME', '/home/samiksha'), ('OLDPWD', '/home/samiksha/ros2_ws'), ('DESKTOP_SESSION', 'ubuntu'), ('ROS_PYTHON_VERSION', '3'), ('GNOME_SHELL_SESSION_MODE', 'ubuntu'), ('GTK_MODULES', 'gail:atk-bridge'), ('SYSTEMD_EXEC_PID', '1661'), ('DBUS_SESSION_BUS_ADDRESS', 'unix:path=/run/user/1000/bus'), ('COLORTERM', 'truecolor'), ('_colcon_cd_root', '/opt/ros/humble/'), ('IM_CONFIG_PHASE', '1'), ('WAYLAND_DISPLAY', 'wayland-0'), ('COLCON_PREFIX_PATH', '/home/samiksha/ros2_ws/install'), ('ROS_DISTRO', 'humble'), ('LOGNAME', 'samiksha'), ('_', '/usr/bin/colcon'), ('ROS_VERSION', '2'), ('XDG_SESSION_CLASS', 'user'), ('USERNAME', 'samiksha'), ('TERM', 'xterm-256color'), ('GNOME_DESKTOP_SESSION_ID', 'this-is-deprecated'), ('ROS_LOCALHOST_ONLY', '0'), ('PATH', '/opt/ros/humble/bin:/home/samiksha/.local/bin:/usr/local/sbin:/usr/local/bin:/usr/sbin:/usr/bin:/sbin:/bin:/usr/games:/usr/local/games:/snap/bin:/snap/bin'), ('SESSION_MANAGER', 'local/samiksha-Victus-by-HP-Gaming-Laptop-15-fa1xxx:@/tmp/.ICE-unix/1629,unix/samiksha-Victus-by-HP-Gaming-Laptop-15-fa1xxx:/tmp/.ICE-unix/1629'), ('XDG_MENU_PREFIX', 'gnome-'), ('GNOME_TERMINAL_SCREEN', '/org/gnome/Terminal/screen/0f748237_c90d_4194_987b_b5133b9fa0a2'), ('GNOME_SETUP_DISPLAY', ':1'), ('XDG_RUNTIME_DIR', '/run/user/1000'), ('DISPLAY', ':0'), ('LANG', 'en_US.UTF-8'), ('XDG_CURRENT_DESKTOP', 'ubuntu:GNOME'), ('XMODIFIERS', '@im=ibus'), ('XDG_SESSION_DESKTOP', 'ubuntu'), ('XAUTHORITY', '/run/user/1000/.mutter-Xwaylandauth.Z1P802'), ('LS_COLORS', 'rs=0:di=01;34:ln=01;36:mh=00:pi=40;33:so=01;35:do=01;35:bd=40;33;01:cd=40;33;01:or=40;31;01:mi=00:su=37;41:sg=30;43:ca=30;41:tw=30;42:ow=34;42:st=37;44:ex=01;32:*.tar=01;31:*.tgz=01;31:*.arc=01;31:*.arj=01;31:*.taz=01;31:*.lha=01;31:*.lz4=01;31:*.lzh=01;31:*.lzma=01;31:*.tlz=01;31:*.txz=01;31:*.tzo=01;31:*.t7z=01;31:*.zip=01;31:*.z=01;31:*.dz=01;31:*.gz=01;31:*.lrz=01;31:*.lz=01;31:*.lzo=01;31:*.xz=01;31:*.zst=01;31:*.tzst=01;31:*.bz2=01;31:*.bz=01;31:*.tbz=01;31:*.tbz2=01;31:*.tz=01;31:*.deb=01;31:*.rpm=01;31:*.jar=01;31:*.war=01;31:*.ear=01;31:*.sar=01;31:*.rar=01;31:*.alz=01;31:*.ace=01;31:*.zoo=01;31:*.cpio=01;31:*.7z=01;31:*.rz=01;31:*.cab=01;31:*.wim=01;31:*.swm=01;31:*.dwm=01;31:*.esd=01;31:*.jpg=01;35:*.jpeg=01;35:*.mjpg=01;35:*.mjpeg=01;35:*.gif=01;35:*.bmp=01;35:*.pbm=01;35:*.pgm=01;35:*.ppm=01;35:*.tga=01;35:*.xbm=01;35:*.xpm=01;35:*.tif=01;35:*.tiff=01;35:*.png=01;35:*.svg=01;35:*.svgz=01;35:*.mng=01;35:*.pcx=01;35:*.mov=01;35:*.mpg=01;35:*.mpeg=01;35:*.m2v=01;35:*.mkv=01;35:*.webm=01;35:*.webp=01;35:*.ogm=01;35:*.mp4=01;35:*.m4v=01;35:*.mp4v=01;35:*.vob=01;35:*.qt=01;35:*.nuv=01;35:*.wmv=01;35:*.asf=01;35:*.rm=01;35:*.rmvb=01;35:*.flc=01;35:*.avi=01;35:*.fli=01;35:*.flv=01;35:*.gl=01;35:*.dl=01;35:*.xcf=01;35:*.xwd=01;35:*.yuv=01;35:*.cgm=01;35:*.emf=01;35:*.ogv=01;35:*.ogx=01;35:*.aac=00;36:*.au=00;36:*.flac=00;36:*.m4a=00;36:*.mid=00;36:*.midi=00;36:*.mka=00;36:*.mp3=00;36:*.mpc=00;36:*.ogg=00;36:*.ra=00;36:*.wav=00;36:*.oga=00;36:*.opus=00;36:*.spx=00;36:*.xspf=00;36:'), ('GNOME_TERMINAL_SERVICE', ':1.118'), ('SSH_AGENT_LAUNCHER', 'gnome-keyring'), ('SSH_AUTH_SOCK', '/run/user/1000/keyring/ssh'), ('AMENT_PREFIX_PATH', '/home/samiksha/ros2_ws/install/custom_interfaces:/home/samiksha/ros2_ws/install/turtlesim:/home/samiksha/ros2_ws/install/task_controller:/home/samiksha/ros2_ws/install/my_package:/opt/ros/humble'), ('SHELL', '/bin/bash'), ('QT_ACCESSIBILITY', '1'), ('GDMSESSION', 'ubuntu'), ('LESSCLOSE', '/usr/bin/lesspipe %s %s'), ('QT_IM_MODULE', 'ibus'), ('PWD', '/home/samiksha/ros2_ws/build/my_package'), ('LC_ALL', 'en_US.UTF-8'), ('XDG_CONFIG_DIRS', '/etc/xdg/xdg-ubuntu:/etc/xdg'), ('XDG_DATA_DIRS', '/usr/share/ubuntu:/usr/local/share/:/usr/share/:/var/lib/snapd/desktop'), ('PYTHONPATH', '/home/samiksha/ros2_ws/install/custom_interfaces/local/lib/python3.10/dist-packages:/home/samiksha/ros2_ws/install/turtlesim/local/lib/python3.10/dist-packages:/home/samiksha/ros2_ws/build/task_controller:/home/samiksha/ros2_ws/install/task_controller/lib/python3.10/site-packages:/opt/ros/humble/lib/python3.10/site-packages:/opt/ros/humble/local/lib/python3.10/dist-packages'), ('COLCON', '1'), ('VTE_VERSION', '6800'), ('CMAKE_PREFIX_PATH', '/home/samiksha/ros2_ws/install/my_package:/home/samiksha/ros2_ws/install/custom_interfaces:/home/samiksha/ros2_ws/install/turtlesim:/home/samiksha/ros2_ws/install/task_controller:/opt/ros/humble')]), 'shell': False}
[0.099909] (-) TimerEvent: {}
[0.186506] (my_package) StdoutLine: {'line': b'-- The C compiler identification is GNU 11.4.0\n'}
[0.186883] (my_package) StdoutLine: {'line': b'-- The CXX compiler identification is GNU 11.4.0\n'}
[0.186922] (my_package) StdoutLine: {'line': b'-- Detecting C compiler ABI info\n'}
[0.186952] (my_package) StdoutLine: {'line': b'-- Detecting C compiler ABI info - done\n'}
[0.186980] (my_package) StdoutLine: {'line': b'-- Check for working C compiler: /usr/bin/cc - skipped\n'}
[0.187007] (my_package) StdoutLine: {'line': b'-- Detecting C compile features\n'}
[0.187035] (my_package) StdoutLine: {'line': b'-- Detecting C compile features - done\n'}
[0.187062] (my_package) StdoutLine: {'line': b'-- Detecting CXX compiler ABI info\n'}
[0.187089] (custom_interfaces) StdoutLine: {'line': b'-- The C compiler identification is GNU 11.4.0\n'}
[0.187545] (custom_interfaces) StdoutLine: {'line': b'-- The CXX compiler identification is GNU 11.4.0\n'}
[0.187580] (custom_interfaces) StdoutLine: {'line': b'-- Detecting C compiler ABI info\n'}
[0.187611] (custom_interfaces) StdoutLine: {'line': b'-- Detecting C compiler ABI info - done\n'}
[0.187639] (custom_interfaces) StdoutLine: {'line': b'-- Check for working C compiler: /usr/bin/cc - skipped\n'}
[0.187667] (custom_interfaces) StdoutLine: {'line': b'-- Detecting C compile features\n'}
[0.187698] (custom_interfaces) StdoutLine: {'line': b'-- Detecting C compile features - done\n'}
[0.187726] (custom_interfaces) StdoutLine: {'line': b'-- Detecting CXX compiler ABI info\n'}
[0.187884] (turtlesim) JobProgress: {'identifier': 'turtlesim', 'progress': 'cmake'}
[0.188229] (turtlesim) Command: {'cmd': ['/usr/bin/cmake', '/home/samiksha/ros2_ws/src/ros_tutorials/turtlesim', '-DCMAKE_INSTALL_PREFIX=/home/samiksha/ros2_ws/install/turtlesim'], 'cwd': '/home/samiksha/ros2_ws/build/turtlesim', 'env': OrderedDict([('LESSOPEN', '| /usr/bin/lesspipe %s'), ('LANGUAGE', 'en_IN:en'), ('USER', 'samiksha'), ('XDG_SESSION_TYPE', 'wayland'), ('SHLVL', '1'), ('LD_LIBRARY_PATH', '/home/samiksha/ros2_ws/install/custom_interfaces/lib:/home/samiksha/ros2_ws/install/turtlesim/lib:/opt/ros/humble/opt/rviz_ogre_vendor/lib:/opt/ros/humble/lib/x86_64-linux-gnu:/opt/ros/humble/lib'), ('HOME', '/home/samiksha'), ('OLDPWD', '/home/samiksha/ros2_ws'), ('DESKTOP_SESSION', 'ubuntu'), ('ROS_PYTHON_VERSION', '3'), ('GNOME_SHELL_SESSION_MODE', 'ubuntu'), ('GTK_MODULES', 'gail:atk-bridge'), ('SYSTEMD_EXEC_PID', '1661'), ('DBUS_SESSION_BUS_ADDRESS', 'unix:path=/run/user/1000/bus'), ('COLORTERM', 'truecolor'), ('_colcon_cd_root', '/opt/ros/humble/'), ('IM_CONFIG_PHASE', '1'), ('WAYLAND_DISPLAY', 'wayland-0'), ('COLCON_PREFIX_PATH', '/home/samiksha/ros2_ws/install'), ('ROS_DISTRO', 'humble'), ('LOGNAME', 'samiksha'), ('_', '/usr/bin/colcon'), ('ROS_VERSION', '2'), ('XDG_SESSION_CLASS', 'user'), ('USERNAME', 'samiksha'), ('TERM', 'xterm-256color'), ('GNOME_DESKTOP_SESSION_ID', 'this-is-deprecated'), ('ROS_LOCALHOST_ONLY', '0'), ('PATH', '/opt/ros/humble/bin:/home/samiksha/.local/bin:/usr/local/sbin:/usr/local/bin:/usr/sbin:/usr/bin:/sbin:/bin:/usr/games:/usr/local/games:/snap/bin:/snap/bin'), ('SESSION_MANAGER', 'local/samiksha-Victus-by-HP-Gaming-Laptop-15-fa1xxx:@/tmp/.ICE-unix/1629,unix/samiksha-Victus-by-HP-Gaming-Laptop-15-fa1xxx:/tmp/.ICE-unix/1629'), ('XDG_MENU_PREFIX', 'gnome-'), ('GNOME_TERMINAL_SCREEN', '/org/gnome/Terminal/screen/0f748237_c90d_4194_987b_b5133b9fa0a2'), ('GNOME_SETUP_DISPLAY', ':1'), ('XDG_RUNTIME_DIR', '/run/user/1000'), ('DISPLAY', ':0'), ('LANG', 'en_US.UTF-8'), ('XDG_CURRENT_DESKTOP', 'ubuntu:GNOME'), ('XMODIFIERS', '@im=ibus'), ('XDG_SESSION_DESKTOP', 'ubuntu'), ('XAUTHORITY', '/run/user/1000/.mutter-Xwaylandauth.Z1P802'), ('LS_COLORS', 'rs=0:di=01;34:ln=01;36:mh=00:pi=40;33:so=01;35:do=01;35:bd=40;33;01:cd=40;33;01:or=40;31;01:mi=00:su=37;41:sg=30;43:ca=30;41:tw=30;42:ow=34;42:st=37;44:ex=01;32:*.tar=01;31:*.tgz=01;31:*.arc=01;31:*.arj=01;31:*.taz=01;31:*.lha=01;31:*.lz4=01;31:*.lzh=01;31:*.lzma=01;31:*.tlz=01;31:*.txz=01;31:*.tzo=01;31:*.t7z=01;31:*.zip=01;31:*.z=01;31:*.dz=01;31:*.gz=01;31:*.lrz=01;31:*.lz=01;31:*.lzo=01;31:*.xz=01;31:*.zst=01;31:*.tzst=01;31:*.bz2=01;31:*.bz=01;31:*.tbz=01;31:*.tbz2=01;31:*.tz=01;31:*.deb=01;31:*.rpm=01;31:*.jar=01;31:*.war=01;31:*.ear=01;31:*.sar=01;31:*.rar=01;31:*.alz=01;31:*.ace=01;31:*.zoo=01;31:*.cpio=01;31:*.7z=01;31:*.rz=01;31:*.cab=01;31:*.wim=01;31:*.swm=01;31:*.dwm=01;31:*.esd=01;31:*.jpg=01;35:*.jpeg=01;35:*.mjpg=01;35:*.mjpeg=01;35:*.gif=01;35:*.bmp=01;35:*.pbm=01;35:*.pgm=01;35:*.ppm=01;35:*.tga=01;35:*.xbm=01;35:*.xpm=01;35:*.tif=01;35:*.tiff=01;35:*.png=01;35:*.svg=01;35:*.svgz=01;35:*.mng=01;35:*.pcx=01;35:*.mov=01;35:*.mpg=01;35:*.mpeg=01;35:*.m2v=01;35:*.mkv=01;35:*.webm=01;35:*.webp=01;35:*.ogm=01;35:*.mp4=01;35:*.m4v=01;35:*.mp4v=01;35:*.vob=01;35:*.qt=01;35:*.nuv=01;35:*.wmv=01;35:*.asf=01;35:*.rm=01;35:*.rmvb=01;35:*.flc=01;35:*.avi=01;35:*.fli=01;35:*.flv=01;35:*.gl=01;35:*.dl=01;35:*.xcf=01;35:*.xwd=01;35:*.yuv=01;35:*.cgm=01;35:*.emf=01;35:*.ogv=01;35:*.ogx=01;35:*.aac=00;36:*.au=00;36:*.flac=00;36:*.m4a=00;36:*.mid=00;36:*.midi=00;36:*.mka=00;36:*.mp3=00;36:*.mpc=00;36:*.ogg=00;36:*.ra=00;36:*.wav=00;36:*.oga=00;36:*.opus=00;36:*.spx=00;36:*.xspf=00;36:'), ('GNOME_TERMINAL_SERVICE', ':1.118'), ('SSH_AGENT_LAUNCHER', 'gnome-keyring'), ('SSH_AUTH_SOCK', '/run/user/1000/keyring/ssh'), ('AMENT_PREFIX_PATH', '/home/samiksha/ros2_ws/install/custom_interfaces:/home/samiksha/ros2_ws/install/turtlesim:/home/samiksha/ros2_ws/install/task_controller:/home/samiksha/ros2_ws/install/my_package:/opt/ros/humble'), ('SHELL', '/bin/bash'), ('QT_ACCESSIBILITY', '1'), ('GDMSESSION', 'ubuntu'), ('LESSCLOSE', '/usr/bin/lesspipe %s %s'), ('QT_IM_MODULE', 'ibus'), ('PWD', '/home/samiksha/ros2_ws/build/turtlesim'), ('LC_ALL', 'en_US.UTF-8'), ('XDG_CONFIG_DIRS', '/etc/xdg/xdg-ubuntu:/etc/xdg'), ('XDG_DATA_DIRS', '/usr/share/ubuntu:/usr/local/share/:/usr/share/:/var/lib/snapd/desktop'), ('PYTHONPATH', '/home/samiksha/ros2_ws/install/custom_interfaces/local/lib/python3.10/dist-packages:/home/samiksha/ros2_ws/install/turtlesim/local/lib/python3.10/dist-packages:/home/samiksha/ros2_ws/build/task_controller:/home/samiksha/ros2_ws/install/task_controller/lib/python3.10/site-packages:/opt/ros/humble/lib/python3.10/site-packages:/opt/ros/humble/local/lib/python3.10/dist-packages'), ('COLCON', '1'), ('VTE_VERSION', '6800'), ('CMAKE_PREFIX_PATH', '/home/samiksha/ros2_ws/install/my_package:/home/samiksha/ros2_ws/install/custom_interfaces:/home/samiksha/ros2_ws/install/turtlesim:/home/samiksha/ros2_ws/install/task_controller:/opt/ros/humble')]), 'shell': False}
[0.200041] (-) TimerEvent: {}
[0.211610] (my_package) StdoutLine: {'line': b'-- Detecting CXX compiler ABI info - done\n'}
[0.216681] (my_package) StdoutLine: {'line': b'-- Check for working CXX compiler: /usr/bin/c++ - skipped\n'}
[0.216853] (my_package) StdoutLine: {'line': b'-- Detecting CXX compile features\n'}
[0.217085] (my_package) StdoutLine: {'line': b'-- Detecting CXX compile features - done\n'}
[0.218423] (my_package) StdoutLine: {'line': b'-- Found ament_cmake: 1.3.11 (/opt/ros/humble/share/ament_cmake/cmake)\n'}
[0.221546] (custom_interfaces) StdoutLine: {'line': b'-- Detecting CXX compiler ABI info - done\n'}
[0.227499] (custom_interfaces) StdoutLine: {'line': b'-- Check for working CXX compiler: /usr/bin/c++ - skipped\n'}
[0.227696] (custom_interfaces) StdoutLine: {'line': b'-- Detecting CXX compile features\n'}
[0.227880] (custom_interfaces) StdoutLine: {'line': b'-- Detecting CXX compile features - done\n'}
[0.229390] (custom_interfaces) StdoutLine: {'line': b'-- Found ament_cmake: 1.3.11 (/opt/ros/humble/share/ament_cmake/cmake)\n'}
[0.232816] (turtlesim) StdoutLine: {'line': b'-- The C compiler identification is GNU 11.4.0\n'}
[0.279333] (turtlesim) StdoutLine: {'line': b'-- The CXX compiler identification is GNU 11.4.0\n'}
[0.284613] (turtlesim) StdoutLine: {'line': b'-- Detecting C compiler ABI info\n'}
[0.300154] (-) TimerEvent: {}
[0.338919] (turtlesim) StdoutLine: {'line': b'-- Detecting C compiler ABI info - done\n'}
[0.346584] (turtlesim) StdoutLine: {'line': b'-- Check for working C compiler: /usr/bin/cc - skipped\n'}
[0.346775] (turtlesim) StdoutLine: {'line': b'-- Detecting C compile features\n'}
[0.346927] (turtlesim) StdoutLine: {'line': b'-- Detecting C compile features - done\n'}
[0.349226] (turtlesim) StdoutLine: {'line': b'-- Detecting CXX compiler ABI info\n'}
[0.400271] (-) TimerEvent: {}
[0.424187] (turtlesim) StdoutLine: {'line': b'-- Detecting CXX compiler ABI info - done\n'}
[0.432918] (turtlesim) StdoutLine: {'line': b'-- Check for working CXX compiler: /usr/bin/c++ - skipped\n'}
[0.433219] (turtlesim) StdoutLine: {'line': b'-- Detecting CXX compile features\n'}
[0.433560] (turtlesim) StdoutLine: {'line': b'-- Detecting CXX compile features - done\n'}
[0.435559] (turtlesim) StdoutLine: {'line': b'-- Found ament_cmake: 1.3.11 (/opt/ros/humble/share/ament_cmake/cmake)\n'}
[0.444965] (task_controller) Command: {'cmd': ['/usr/bin/python3', '-W', 'ignore:setup.py install is deprecated', '-W', 'ignore:easy_install command is deprecated', 'setup.py', 'egg_info', '--egg-base', '../../build/task_controller', 'build', '--build-base', '/home/samiksha/ros2_ws/build/task_controller/build', 'install', '--record', '/home/samiksha/ros2_ws/build/task_controller/install.log', '--single-version-externally-managed', 'install_data'], 'cwd': '/home/samiksha/ros2_ws/src/task_controller', 'env': {'LESSOPEN': '| /usr/bin/lesspipe %s', 'LANGUAGE': 'en_IN:en', 'USER': 'samiksha', 'XDG_SESSION_TYPE': 'wayland', 'SHLVL': '1', 'LD_LIBRARY_PATH': '/home/samiksha/ros2_ws/install/custom_interfaces/lib:/home/samiksha/ros2_ws/install/turtlesim/lib:/opt/ros/humble/opt/rviz_ogre_vendor/lib:/opt/ros/humble/lib/x86_64-linux-gnu:/opt/ros/humble/lib', 'HOME': '/home/samiksha', 'OLDPWD': '/home/samiksha/ros2_ws', 'DESKTOP_SESSION': 'ubuntu', 'ROS_PYTHON_VERSION': '3', 'GNOME_SHELL_SESSION_MODE': 'ubuntu', 'GTK_MODULES': 'gail:atk-bridge', 'SYSTEMD_EXEC_PID': '1661', 'DBUS_SESSION_BUS_ADDRESS': 'unix:path=/run/user/1000/bus', 'COLORTERM': 'truecolor', '_colcon_cd_root': '/opt/ros/humble/', 'IM_CONFIG_PHASE': '1', 'WAYLAND_DISPLAY': 'wayland-0', 'COLCON_PREFIX_PATH': '/home/samiksha/ros2_ws/install', 'ROS_DISTRO': 'humble', 'LOGNAME': 'samiksha', '_': '/usr/bin/colcon', 'ROS_VERSION': '2', 'XDG_SESSION_CLASS': 'user', 'USERNAME': 'samiksha', 'TERM': 'xterm-256color', 'GNOME_DESKTOP_SESSION_ID': 'this-is-deprecated', 'ROS_LOCALHOST_ONLY': '0', 'PATH': '/opt/ros/humble/bin:/home/samiksha/.local/bin:/usr/local/sbin:/usr/local/bin:/usr/sbin:/usr/bin:/sbin:/bin:/usr/games:/usr/local/games:/snap/bin:/snap/bin', 'SESSION_MANAGER': 'local/samiksha-Victus-by-HP-Gaming-Laptop-15-fa1xxx:@/tmp/.ICE-unix/1629,unix/samiksha-Victus-by-HP-Gaming-Laptop-15-fa1xxx:/tmp/.ICE-unix/1629', 'XDG_MENU_PREFIX': 'gnome-', 'GNOME_TERMINAL_SCREEN': '/org/gnome/Terminal/screen/0f748237_c90d_4194_987b_b5133b9fa0a2', 'GNOME_SETUP_DISPLAY': ':1', 'XDG_RUNTIME_DIR': '/run/user/1000', 'DISPLAY': ':0', 'LANG': 'en_US.UTF-8', 'XDG_CURRENT_DESKTOP': 'ubuntu:GNOME', 'XMODIFIERS': '@im=ibus', 'XDG_SESSION_DESKTOP': 'ubuntu', 'XAUTHORITY': '/run/user/1000/.mutter-Xwaylandauth.Z1P802', 'LS_COLORS': 'rs=0:di=01;34:ln=01;36:mh=00:pi=40;33:so=01;35:do=01;35:bd=40;33;01:cd=40;33;01:or=40;31;01:mi=00:su=37;41:sg=30;43:ca=30;41:tw=30;42:ow=34;42:st=37;44:ex=01;32:*.tar=01;31:*.tgz=01;31:*.arc=01;31:*.arj=01;31:*.taz=01;31:*.lha=01;31:*.lz4=01;31:*.lzh=01;31:*.lzma=01;31:*.tlz=01;31:*.txz=01;31:*.tzo=01;31:*.t7z=01;31:*.zip=01;31:*.z=01;31:*.dz=01;31:*.gz=01;31:*.lrz=01;31:*.lz=01;31:*.lzo=01;31:*.xz=01;31:*.zst=01;31:*.tzst=01;31:*.bz2=01;31:*.bz=01;31:*.tbz=01;31:*.tbz2=01;31:*.tz=01;31:*.deb=01;31:*.rpm=01;31:*.jar=01;31:*.war=01;31:*.ear=01;31:*.sar=01;31:*.rar=01;31:*.alz=01;31:*.ace=01;31:*.zoo=01;31:*.cpio=01;31:*.7z=01;31:*.rz=01;31:*.cab=01;31:*.wim=01;31:*.swm=01;31:*.dwm=01;31:*.esd=01;31:*.jpg=01;35:*.jpeg=01;35:*.mjpg=01;35:*.mjpeg=01;35:*.gif=01;35:*.bmp=01;35:*.pbm=01;35:*.pgm=01;35:*.ppm=01;35:*.tga=01;35:*.xbm=01;35:*.xpm=01;35:*.tif=01;35:*.tiff=01;35:*.png=01;35:*.svg=01;35:*.svgz=01;35:*.mng=01;35:*.pcx=01;35:*.mov=01;35:*.mpg=01;35:*.mpeg=01;35:*.m2v=01;35:*.mkv=01;35:*.webm=01;35:*.webp=01;35:*.ogm=01;35:*.mp4=01;35:*.m4v=01;35:*.mp4v=01;35:*.vob=01;35:*.qt=01;35:*.nuv=01;35:*.wmv=01;35:*.asf=01;35:*.rm=01;35:*.rmvb=01;35:*.flc=01;35:*.avi=01;35:*.fli=01;35:*.flv=01;35:*.gl=01;35:*.dl=01;35:*.xcf=01;35:*.xwd=01;35:*.yuv=01;35:*.cgm=01;35:*.emf=01;35:*.ogv=01;35:*.ogx=01;35:*.aac=00;36:*.au=00;36:*.flac=00;36:*.m4a=00;36:*.mid=00;36:*.midi=00;36:*.mka=00;36:*.mp3=00;36:*.mpc=00;36:*.ogg=00;36:*.ra=00;36:*.wav=00;36:*.oga=00;36:*.opus=00;36:*.spx=00;36:*.xspf=00;36:', 'GNOME_TERMINAL_SERVICE': ':1.118', 'SSH_AGENT_LAUNCHER': 'gnome-keyring', 'SSH_AUTH_SOCK': '/run/user/1000/keyring/ssh', 'AMENT_PREFIX_PATH': '/home/samiksha/ros2_ws/install/custom_interfaces:/home/samiksha/ros2_ws/install/turtlesim:/home/samiksha/ros2_ws/install/task_controller:/home/samiksha/ros2_ws/install/my_package:/opt/ros/humble', 'SHELL': '/bin/bash', 'QT_ACCESSIBILITY': '1', 'GDMSESSION': 'ubuntu', 'LESSCLOSE': '/usr/bin/lesspipe %s %s', 'QT_IM_MODULE': 'ibus', 'PWD': '/home/samiksha/ros2_ws/build/task_controller', 'LC_ALL': 'en_US.UTF-8', 'XDG_CONFIG_DIRS': '/etc/xdg/xdg-ubuntu:/etc/xdg', 'XDG_DATA_DIRS': '/usr/share/ubuntu:/usr/local/share/:/usr/share/:/var/lib/snapd/desktop', 'PYTHONPATH': '/home/samiksha/ros2_ws/build/task_controller/prefix_override:/usr/lib/python3/dist-packages/colcon_core/task/python/colcon_distutils_commands:/home/samiksha/ros2_ws/install/task_controller/lib/python3.10/site-packages:/home/samiksha/ros2_ws/install/custom_interfaces/local/lib/python3.10/dist-packages:/home/samiksha/ros2_ws/install/turtlesim/local/lib/python3.10/dist-packages:/home/samiksha/ros2_ws/build/task_controller:/home/samiksha/ros2_ws/install/task_controller/lib/python3.10/site-packages:/opt/ros/humble/lib/python3.10/site-packages:/opt/ros/humble/local/lib/python3.10/dist-packages', 'COLCON': '1', 'VTE_VERSION': '6800', 'CMAKE_PREFIX_PATH': '/home/samiksha/ros2_ws/install/my_package:/home/samiksha/ros2_ws/install/custom_interfaces:/home/samiksha/ros2_ws/install/turtlesim'}, 'shell': False}
[0.500372] (-) TimerEvent: {}
[0.600675] (-) TimerEvent: {}
[0.645662] (task_controller) StdoutLine: {'line': b'running egg_info\n'}
[0.646093] (task_controller) StdoutLine: {'line': b'creating ../../build/task_controller/task_controller.egg-info\n'}
[0.647219] (task_controller) StdoutLine: {'line': b"writing manifest file '../../build/task_controller/task_controller.egg-info/SOURCES.txt'\n"}
[0.649020] (task_controller) StdoutLine: {'line': b"writing manifest file '../../build/task_controller/task_controller.egg-info/SOURCES.txt'\n"}
[0.649145] (task_controller) StdoutLine: {'line': b'running build\n'}
[0.649194] (task_controller) StdoutLine: {'line': b'running build_py\n'}
[0.649314] (task_controller) StdoutLine: {'line': b'creating /home/samiksha/ros2_ws/build/task_controller/build\n'}
[0.649367] (task_controller) StdoutLine: {'line': b'creating /home/samiksha/ros2_ws/build/task_controller/build/lib\n'}
[0.649415] (task_controller) StdoutLine: {'line': b'creating /home/samiksha/ros2_ws/build/task_controller/build/lib/task_controller\n'}
[0.649501] (task_controller) StdoutLine: {'line': b'copying task_controller/polygon_turtle.py -> /home/samiksha/ros2_ws/build/task_controller/build/lib/task_controller\n'}
[0.649545] (task_controller) StdoutLine: {'line': b'copying task_controller/polygon_service_server.py -> /home/samiksha/ros2_ws/build/task_controller/build/lib/task_controller\n'}
[0.649586] (task_controller) StdoutLine: {'line': b'copying task_controller/polygon_service_client.py -> /home/samiksha/ros2_ws/build/task_controller/build/lib/task_controller\n'}
[0.649668] (task_controller) StdoutLine: {'line': b'copying task_controller/control_turtle.py -> /home/samiksha/ros2_ws/build/task_controller/build/lib/task_controller\n'}
[0.649712] (task_controller) StdoutLine: {'line': b'copying task_controller/__init__.py -> /home/samiksha/ros2_ws/build/task_controller/build/lib/task_controller\n'}
[0.649752] (task_controller) StdoutLine: {'line': b'copying task_controller/service_doc.py -> /home/samiksha/ros2_ws/build/task_controller/build/lib/task_controller\n'}
[0.649813] (task_controller) StdoutLine: {'line': b'copying task_controller/client_doc.py -> /home/samiksha/ros2_ws/build/task_controller/build/lib/task_controller\n'}
[0.649882] (task_controller) StdoutLine: {'line': b'copying task_controller/circle_turtle.py -> /home/samiksha/ros2_ws/build/task_controller/build/lib/task_controller\n'}
[0.649919] (task_controller) StdoutLine: {'line': b'copying task_controller/letter_turtle.py -> /home/samiksha/ros2_ws/build/task_controller/build/lib/task_controller\n'}
[0.649988] (task_controller) StdoutLine: {'line': b'running install\n'}
[0.652212] (task_controller) StdoutLine: {'line': b'running install_lib\n'}
[0.652750] (task_controller) StdoutLine: {'line': b'creating /home/samiksha/ros2_ws/install/task_controller/lib/python3.10/site-packages/task_controller\n'}
[0.652846] (task_controller) StdoutLine: {'line': b'copying /home/samiksha/ros2_ws/build/task_controller/build/lib/task_controller/polygon_turtle.py -> /home/samiksha/ros2_ws/install/task_controller/lib/python3.10/site-packages/task_controller\n'}
[0.652912] (task_controller) StdoutLine: {'line': b'copying /home/samiksha/ros2_ws/build/task_controller/build/lib/task_controller/polygon_service_server.py -> /home/samiksha/ros2_ws/install/task_controller/lib/python3.10/site-packages/task_controller\n'}
[0.652972] (task_controller) StdoutLine: {'line': b'copying /home/samiksha/ros2_ws/build/task_controller/build/lib/task_controller/polygon_service_client.py -> /home/samiksha/ros2_ws/install/task_controller/lib/python3.10/site-packages/task_controller\n'}
[0.653019] (task_controller) StdoutLine: {'line': b'copying /home/samiksha/ros2_ws/build/task_controller/build/lib/task_controller/control_turtle.py -> /home/samiksha/ros2_ws/install/task_controller/lib/python3.10/site-packages/task_controller\n'}
[0.653066] (task_controller) StdoutLine: {'line': b'copying /home/samiksha/ros2_ws/build/task_controller/build/lib/task_controller/__init__.py -> /home/samiksha/ros2_ws/install/task_controller/lib/python3.10/site-packages/task_controller\n'}
[0.653139] (task_controller) StdoutLine: {'line': b'copying /home/samiksha/ros2_ws/build/task_controller/build/lib/task_controller/service_doc.py -> /home/samiksha/ros2_ws/install/task_controller/lib/python3.10/site-packages/task_controller\n'}
[0.653199] (task_controller) StdoutLine: {'line': b'copying /home/samiksha/ros2_ws/build/task_controller/build/lib/task_controller/client_doc.py -> /home/samiksha/ros2_ws/install/task_controller/lib/python3.10/site-packages/task_controller\n'}
[0.653254] (task_controller) StdoutLine: {'line': b'copying /home/samiksha/ros2_ws/build/task_controller/build/lib/task_controller/circle_turtle.py -> /home/samiksha/ros2_ws/install/task_controller/lib/python3.10/site-packages/task_controller\n'}
[0.653323] (task_controller) StdoutLine: {'line': b'copying /home/samiksha/ros2_ws/build/task_controller/build/lib/task_controller/letter_turtle.py -> /home/samiksha/ros2_ws/install/task_controller/lib/python3.10/site-packages/task_controller\n'}
[0.653826] (task_controller) StdoutLine: {'line': b'byte-compiling /home/samiksha/ros2_ws/install/task_controller/lib/python3.10/site-packages/task_controller/polygon_turtle.py to polygon_turtle.cpython-310.pyc\n'}
[0.654630] (task_controller) StdoutLine: {'line': b'byte-compiling /home/samiksha/ros2_ws/install/task_controller/lib/python3.10/site-packages/task_controller/polygon_service_server.py to polygon_service_server.cpython-310.pyc\n'}
[0.655264] (task_controller) StdoutLine: {'line': b'byte-compiling /home/samiksha/ros2_ws/install/task_controller/lib/python3.10/site-packages/task_controller/polygon_service_client.py to polygon_service_client.cpython-310.pyc\n'}
[0.655566] (task_controller) StdoutLine: {'line': b'byte-compiling /home/samiksha/ros2_ws/install/task_controller/lib/python3.10/site-packages/task_controller/control_turtle.py to control_turtle.cpython-310.pyc\n'}
[0.655984] (task_controller) StdoutLine: {'line': b'byte-compiling /home/samiksha/ros2_ws/install/task_controller/lib/python3.10/site-packages/task_controller/__init__.py to __init__.cpython-310.pyc\n'}
[0.656175] (task_controller) StdoutLine: {'line': b'byte-compiling /home/samiksha/ros2_ws/install/task_controller/lib/python3.10/site-packages/task_controller/service_doc.py to service_doc.cpython-310.pyc\n'}
[0.656471] (task_controller) StdoutLine: {'line': b'byte-compiling /home/samiksha/ros2_ws/install/task_controller/lib/python3.10/site-packages/task_controller/client_doc.py to client_doc.cpython-310.pyc\n'}
[0.656750] (task_controller) StdoutLine: {'line': b'byte-compiling /home/samiksha/ros2_ws/install/task_controller/lib/python3.10/site-packages/task_controller/circle_turtle.py to circle_turtle.cpython-310.pyc\n'}
[0.657064] (task_controller) StdoutLine: {'line': b'byte-compiling /home/samiksha/ros2_ws/install/task_controller/lib/python3.10/site-packages/task_controller/letter_turtle.py to letter_turtle.cpython-310.pyc\n'}
[0.657511] (task_controller) StdoutLine: {'line': b'running install_data\n'}
[0.657628] (task_controller) StdoutLine: {'line': b'creating /home/samiksha/ros2_ws/install/task_controller/share/ament_index\n'}
[0.657703] (task_controller) StdoutLine: {'line': b'creating /home/samiksha/ros2_ws/install/task_controller/share/ament_index/resource_index\n'}
[0.657786] (task_controller) StdoutLine: {'line': b'creating /home/samiksha/ros2_ws/install/task_controller/share/ament_index/resource_index/packages\n'}
[0.657895] (task_controller) StdoutLine: {'line': b'copying resource/task_controller -> /home/samiksha/ros2_ws/install/task_controller/share/ament_index/resource_index/packages\n'}
[0.657967] (task_controller) StdoutLine: {'line': b'copying package.xml -> /home/samiksha/ros2_ws/install/task_controller/share/task_controller\n'}
[0.658038] (task_controller) StdoutLine: {'line': b'creating /home/samiksha/ros2_ws/install/task_controller/share/task_controllersrv\n'}
[0.658116] (task_controller) StdoutLine: {'line': b'running install_egg_info\n'}
[0.659731] (task_controller) StdoutLine: {'line': b'Copying ../../build/task_controller/task_controller.egg-info to /home/samiksha/ros2_ws/install/task_controller/lib/python3.10/site-packages/task_controller-60.0.0-py3.10.egg-info\n'}
[0.660076] (task_controller) StdoutLine: {'line': b'running install_scripts\n'}
[0.677010] (task_controller) StdoutLine: {'line': b"writing list of installed files to '/home/samiksha/ros2_ws/build/task_controller/install.log'\n"}
[0.690813] (custom_interfaces) StdoutLine: {'line': b'-- Found Python3: /usr/bin/python3 (found version "3.10.12") found components: Interpreter \n'}
[0.700778] (-) TimerEvent: {}
[0.703877] (task_controller) CommandEnded: {'returncode': 0}
[0.711247] (task_controller) JobEnded: {'identifier': 'task_controller', 'rc': 0}
[0.763722] (custom_interfaces) StdoutLine: {'line': b'-- Found geometry_msgs: 4.2.4 (/opt/ros/humble/share/geometry_msgs/cmake)\n'}
[0.773713] (my_package) StdoutLine: {'line': b'-- Found Python3: /usr/bin/python3 (found version "3.10.12") found components: Interpreter \n'}
[0.791076] (custom_interfaces) StdoutLine: {'line': b'-- Found rosidl_generator_c: 3.1.6 (/opt/ros/humble/share/rosidl_generator_c/cmake)\n'}
[0.796360] (custom_interfaces) StdoutLine: {'line': b'-- Found rosidl_adapter: 3.1.6 (/opt/ros/humble/share/rosidl_adapter/cmake)\n'}
[0.800869] (-) TimerEvent: {}
[0.805179] (custom_interfaces) StdoutLine: {'line': b'-- Found rosidl_generator_cpp: 3.1.6 (/opt/ros/humble/share/rosidl_generator_cpp/cmake)\n'}
[0.819005] (custom_interfaces) StdoutLine: {'line': b'-- Using all available rosidl_typesupport_c: rosidl_typesupport_fastrtps_c;rosidl_typesupport_introspection_c\n'}
[0.829894] (custom_interfaces) StdoutLine: {'line': b'-- Using all available rosidl_typesupport_cpp: rosidl_typesupport_fastrtps_cpp;rosidl_typesupport_introspection_cpp\n'}
[0.843404] (my_package) StdoutLine: {'line': b'-- Found rclcpp: 16.0.11 (/opt/ros/humble/share/rclcpp/cmake)\n'}
[0.856124] (custom_interfaces) StdoutLine: {'line': b'-- Found rosidl_default_generators: 1.2.0 (/opt/ros/humble/share/rosidl_default_generators/cmake)\n'}
[0.866250] (my_package) StdoutLine: {'line': b'-- Found rosidl_generator_c: 3.1.6 (/opt/ros/humble/share/rosidl_generator_c/cmake)\n'}
[0.869199] (my_package) StdoutLine: {'line': b'-- Found rosidl_adapter: 3.1.6 (/opt/ros/humble/share/rosidl_adapter/cmake)\n'}
[0.873987] (my_package) StdoutLine: {'line': b'-- Found rosidl_generator_cpp: 3.1.6 (/opt/ros/humble/share/rosidl_generator_cpp/cmake)\n'}
[0.881501] (my_package) StdoutLine: {'line': b'-- Using all available rosidl_typesupport_c: rosidl_typesupport_fastrtps_c;rosidl_typesupport_introspection_c\n'}
[0.893676] (my_package) StdoutLine: {'line': b'-- Using all available rosidl_typesupport_cpp: rosidl_typesupport_fastrtps_cpp;rosidl_typesupport_introspection_cpp\n'}
[0.900972] (-) TimerEvent: {}
[0.946103] (my_package) StdoutLine: {'line': b'-- Found rmw_implementation_cmake: 6.1.2 (/opt/ros/humble/share/rmw_implementation_cmake/cmake)\n'}
[0.949271] (my_package) StdoutLine: {'line': b'-- Found rmw_fastrtps_cpp: 6.2.7 (/opt/ros/humble/share/rmw_fastrtps_cpp/cmake)\n'}
[0.964690] (turtlesim) StdoutLine: {'line': b'-- Found Python3: /usr/bin/python3 (found version "3.10.12") found components: Interpreter \n'}
[1.001244] (-) TimerEvent: {}
[1.058431] (my_package) StdoutLine: {'line': b'-- Found OpenSSL: /usr/lib/x86_64-linux-gnu/libcrypto.so (found version "3.0.2")  \n'}
[1.080407] (turtlesim) StdoutLine: {'line': b'-- Found ament_index_cpp: 1.4.0 (/opt/ros/humble/share/ament_index_cpp/cmake)\n'}
[1.082734] (turtlesim) StdoutLine: {'line': b'-- Found geometry_msgs: 4.2.4 (/opt/ros/humble/share/geometry_msgs/cmake)\n'}
[1.084270] (my_package) StdoutLine: {'line': b'-- Found FastRTPS: /opt/ros/humble/include  \n'}
[1.101314] (-) TimerEvent: {}
[1.123544] (my_package) StdoutLine: {'line': b"-- Using RMW implementation 'rmw_fastrtps_cpp' as default\n"}
[1.130947] (turtlesim) StdoutLine: {'line': b'-- Found rosidl_generator_c: 3.1.6 (/opt/ros/humble/share/rosidl_generator_c/cmake)\n'}
[1.131445] (my_package) StdoutLine: {'line': b'-- Looking for pthread.h\n'}
[1.137805] (turtlesim) StdoutLine: {'line': b'-- Found rosidl_adapter: 3.1.6 (/opt/ros/humble/share/rosidl_adapter/cmake)\n'}
[1.148998] (turtlesim) StdoutLine: {'line': b'-- Found rosidl_generator_cpp: 3.1.6 (/opt/ros/humble/share/rosidl_generator_cpp/cmake)\n'}
[1.154348] (custom_interfaces) StdoutLine: {'line': b'-- Found ament_cmake_ros: 0.10.0 (/opt/ros/humble/share/ament_cmake_ros/cmake)\n'}
[1.164408] (turtlesim) StdoutLine: {'line': b'-- Using all available rosidl_typesupport_c: rosidl_typesupport_fastrtps_c;rosidl_typesupport_introspection_c\n'}
[1.187016] (turtlesim) StdoutLine: {'line': b'-- Using all available rosidl_typesupport_cpp: rosidl_typesupport_fastrtps_cpp;rosidl_typesupport_introspection_cpp\n'}
[1.201432] (-) TimerEvent: {}
[1.202210] (my_package) StdoutLine: {'line': b'-- Looking for pthread.h - found\n'}
[1.202972] (my_package) StdoutLine: {'line': b'-- Performing Test CMAKE_HAVE_LIBC_PTHREAD\n'}
[1.256293] (turtlesim) StdoutLine: {'line': b'-- Found rclcpp: 16.0.11 (/opt/ros/humble/share/rclcpp/cmake)\n'}
[1.285277] (my_package) StdoutLine: {'line': b'-- Performing Test CMAKE_HAVE_LIBC_PTHREAD - Success\n'}
[1.286604] (my_package) StdoutLine: {'line': b'-- Found Threads: TRUE  \n'}
[1.287958] (turtlesim) StdoutLine: {'line': b'-- Found rmw_implementation_cmake: 6.1.2 (/opt/ros/humble/share/rmw_implementation_cmake/cmake)\n'}
[1.290682] (turtlesim) StdoutLine: {'line': b'-- Found rmw_fastrtps_cpp: 6.2.7 (/opt/ros/humble/share/rmw_fastrtps_cpp/cmake)\n'}
[1.301544] (-) TimerEvent: {}
[1.360671] (my_package) StdoutLine: {'line': b'-- Found example_interfaces: 0.9.3 (/opt/ros/humble/share/example_interfaces/cmake)\n'}
[1.378450] (turtlesim) StdoutLine: {'line': b'-- Found OpenSSL: /usr/lib/x86_64-linux-gnu/libcrypto.so (found version "3.0.2")  \n'}
[1.401800] (-) TimerEvent: {}
[1.416019] (turtlesim) StdoutLine: {'line': b'-- Found FastRTPS: /opt/ros/humble/include  \n'}
[1.466061] (turtlesim) StdoutLine: {'line': b"-- Using RMW implementation 'rmw_fastrtps_cpp' as default\n"}
[1.473072] (turtlesim) StdoutLine: {'line': b'-- Looking for pthread.h\n'}
[1.490235] (my_package) StdoutLine: {'line': b'-- Configuring done\n'}
[1.501908] (-) TimerEvent: {}
[1.502738] (my_package) StdoutLine: {'line': b'-- Generating done\n'}
[1.508110] (my_package) StdoutLine: {'line': b'-- Build files have been written to: /home/samiksha/ros2_ws/build/my_package\n'}
[1.514970] (my_package) CommandEnded: {'returncode': 0}
[1.515390] (my_package) JobProgress: {'identifier': 'my_package', 'progress': 'build'}
[1.515828] (my_package) Command: {'cmd': ['/usr/bin/cmake', '--build', '/home/samiksha/ros2_ws/build/my_package', '--', '-j12', '-l12'], 'cwd': '/home/samiksha/ros2_ws/build/my_package', 'env': OrderedDict([('LESSOPEN', '| /usr/bin/lesspipe %s'), ('LANGUAGE', 'en_IN:en'), ('USER', 'samiksha'), ('XDG_SESSION_TYPE', 'wayland'), ('SHLVL', '1'), ('LD_LIBRARY_PATH', '/home/samiksha/ros2_ws/install/custom_interfaces/lib:/home/samiksha/ros2_ws/install/turtlesim/lib:/opt/ros/humble/opt/rviz_ogre_vendor/lib:/opt/ros/humble/lib/x86_64-linux-gnu:/opt/ros/humble/lib'), ('HOME', '/home/samiksha'), ('OLDPWD', '/home/samiksha/ros2_ws'), ('DESKTOP_SESSION', 'ubuntu'), ('ROS_PYTHON_VERSION', '3'), ('GNOME_SHELL_SESSION_MODE', 'ubuntu'), ('GTK_MODULES', 'gail:atk-bridge'), ('SYSTEMD_EXEC_PID', '1661'), ('DBUS_SESSION_BUS_ADDRESS', 'unix:path=/run/user/1000/bus'), ('COLORTERM', 'truecolor'), ('_colcon_cd_root', '/opt/ros/humble/'), ('IM_CONFIG_PHASE', '1'), ('WAYLAND_DISPLAY', 'wayland-0'), ('COLCON_PREFIX_PATH', '/home/samiksha/ros2_ws/install'), ('ROS_DISTRO', 'humble'), ('LOGNAME', 'samiksha'), ('_', '/usr/bin/colcon'), ('ROS_VERSION', '2'), ('XDG_SESSION_CLASS', 'user'), ('USERNAME', 'samiksha'), ('TERM', 'xterm-256color'), ('GNOME_DESKTOP_SESSION_ID', 'this-is-deprecated'), ('ROS_LOCALHOST_ONLY', '0'), ('PATH', '/opt/ros/humble/bin:/home/samiksha/.local/bin:/usr/local/sbin:/usr/local/bin:/usr/sbin:/usr/bin:/sbin:/bin:/usr/games:/usr/local/games:/snap/bin:/snap/bin'), ('SESSION_MANAGER', 'local/samiksha-Victus-by-HP-Gaming-Laptop-15-fa1xxx:@/tmp/.ICE-unix/1629,unix/samiksha-Victus-by-HP-Gaming-Laptop-15-fa1xxx:/tmp/.ICE-unix/1629'), ('XDG_MENU_PREFIX', 'gnome-'), ('GNOME_TERMINAL_SCREEN', '/org/gnome/Terminal/screen/0f748237_c90d_4194_987b_b5133b9fa0a2'), ('GNOME_SETUP_DISPLAY', ':1'), ('XDG_RUNTIME_DIR', '/run/user/1000'), ('DISPLAY', ':0'), ('LANG', 'en_US.UTF-8'), ('XDG_CURRENT_DESKTOP', 'ubuntu:GNOME'), ('XMODIFIERS', '@im=ibus'), ('XDG_SESSION_DESKTOP', 'ubuntu'), ('XAUTHORITY', '/run/user/1000/.mutter-Xwaylandauth.Z1P802'), ('LS_COLORS', 'rs=0:di=01;34:ln=01;36:mh=00:pi=40;33:so=01;35:do=01;35:bd=40;33;01:cd=40;33;01:or=40;31;01:mi=00:su=37;41:sg=30;43:ca=30;41:tw=30;42:ow=34;42:st=37;44:ex=01;32:*.tar=01;31:*.tgz=01;31:*.arc=01;31:*.arj=01;31:*.taz=01;31:*.lha=01;31:*.lz4=01;31:*.lzh=01;31:*.lzma=01;31:*.tlz=01;31:*.txz=01;31:*.tzo=01;31:*.t7z=01;31:*.zip=01;31:*.z=01;31:*.dz=01;31:*.gz=01;31:*.lrz=01;31:*.lz=01;31:*.lzo=01;31:*.xz=01;31:*.zst=01;31:*.tzst=01;31:*.bz2=01;31:*.bz=01;31:*.tbz=01;31:*.tbz2=01;31:*.tz=01;31:*.deb=01;31:*.rpm=01;31:*.jar=01;31:*.war=01;31:*.ear=01;31:*.sar=01;31:*.rar=01;31:*.alz=01;31:*.ace=01;31:*.zoo=01;31:*.cpio=01;31:*.7z=01;31:*.rz=01;31:*.cab=01;31:*.wim=01;31:*.swm=01;31:*.dwm=01;31:*.esd=01;31:*.jpg=01;35:*.jpeg=01;35:*.mjpg=01;35:*.mjpeg=01;35:*.gif=01;35:*.bmp=01;35:*.pbm=01;35:*.pgm=01;35:*.ppm=01;35:*.tga=01;35:*.xbm=01;35:*.xpm=01;35:*.tif=01;35:*.tiff=01;35:*.png=01;35:*.svg=01;35:*.svgz=01;35:*.mng=01;35:*.pcx=01;35:*.mov=01;35:*.mpg=01;35:*.mpeg=01;35:*.m2v=01;35:*.mkv=01;35:*.webm=01;35:*.webp=01;35:*.ogm=01;35:*.mp4=01;35:*.m4v=01;35:*.mp4v=01;35:*.vob=01;35:*.qt=01;35:*.nuv=01;35:*.wmv=01;35:*.asf=01;35:*.rm=01;35:*.rmvb=01;35:*.flc=01;35:*.avi=01;35:*.fli=01;35:*.flv=01;35:*.gl=01;35:*.dl=01;35:*.xcf=01;35:*.xwd=01;35:*.yuv=01;35:*.cgm=01;35:*.emf=01;35:*.ogv=01;35:*.ogx=01;35:*.aac=00;36:*.au=00;36:*.flac=00;36:*.m4a=00;36:*.mid=00;36:*.midi=00;36:*.mka=00;36:*.mp3=00;36:*.mpc=00;36:*.ogg=00;36:*.ra=00;36:*.wav=00;36:*.oga=00;36:*.opus=00;36:*.spx=00;36:*.xspf=00;36:'), ('GNOME_TERMINAL_SERVICE', ':1.118'), ('SSH_AGENT_LAUNCHER', 'gnome-keyring'), ('SSH_AUTH_SOCK', '/run/user/1000/keyring/ssh'), ('AMENT_PREFIX_PATH', '/home/samiksha/ros2_ws/install/custom_interfaces:/home/samiksha/ros2_ws/install/turtlesim:/home/samiksha/ros2_ws/install/task_controller:/home/samiksha/ros2_ws/install/my_package:/opt/ros/humble'), ('SHELL', '/bin/bash'), ('QT_ACCESSIBILITY', '1'), ('GDMSESSION', 'ubuntu'), ('LESSCLOSE', '/usr/bin/lesspipe %s %s'), ('QT_IM_MODULE', 'ibus'), ('PWD', '/home/samiksha/ros2_ws/build/my_package'), ('LC_ALL', 'en_US.UTF-8'), ('XDG_CONFIG_DIRS', '/etc/xdg/xdg-ubuntu:/etc/xdg'), ('XDG_DATA_DIRS', '/usr/share/ubuntu:/usr/local/share/:/usr/share/:/var/lib/snapd/desktop'), ('PYTHONPATH', '/home/samiksha/ros2_ws/install/custom_interfaces/local/lib/python3.10/dist-packages:/home/samiksha/ros2_ws/install/turtlesim/local/lib/python3.10/dist-packages:/home/samiksha/ros2_ws/build/task_controller:/home/samiksha/ros2_ws/install/task_controller/lib/python3.10/site-packages:/opt/ros/humble/lib/python3.10/site-packages:/opt/ros/humble/local/lib/python3.10/dist-packages'), ('COLCON', '1'), ('VTE_VERSION', '6800'), ('CMAKE_PREFIX_PATH', '/home/samiksha/ros2_ws/install/my_package:/home/samiksha/ros2_ws/install/custom_interfaces:/home/samiksha/ros2_ws/install/turtlesim:/home/samiksha/ros2_ws/install/task_controller:/opt/ros/humble')]), 'shell': False}
[1.536074] (turtlesim) StdoutLine: {'line': b'-- Looking for pthread.h - found\n'}
[1.536265] (turtlesim) StdoutLine: {'line': b'-- Performing Test CMAKE_HAVE_LIBC_PTHREAD\n'}
[1.559078] (my_package) StdoutLine: {'line': b'[ 12%] \x1b[32mBuilding CXX object CMakeFiles/server_doc.dir/src/service_doc.cpp.o\x1b[0m\n'}
[1.561283] (my_package) StdoutLine: {'line': b'[ 25%] \x1b[32mBuilding CXX object CMakeFiles/listener.dir/src/subscriber_member_function.cpp.o\x1b[0m\n'}
[1.561943] (my_package) StdoutLine: {'line': b'[ 37%] \x1b[32mBuilding CXX object CMakeFiles/talker.dir/src/publisher_member_function.cpp.o\x1b[0m\n'}
[1.562166] (my_package) StdoutLine: {'line': b'[ 50%] \x1b[32mBuilding CXX object CMakeFiles/client_doc.dir/src/client_doc.cpp.o\x1b[0m\n'}
[1.563717] (custom_interfaces) StdoutLine: {'line': b'-- Using all available rosidl_typesupport_c: rosidl_typesupport_fastrtps_c;rosidl_typesupport_introspection_c\n'}
[1.598553] (turtlesim) StdoutLine: {'line': b'-- Performing Test CMAKE_HAVE_LIBC_PTHREAD - Success\n'}
[1.599818] (turtlesim) StdoutLine: {'line': b'-- Found Threads: TRUE  \n'}
[1.601990] (-) TimerEvent: {}
[1.636652] (turtlesim) StdoutLine: {'line': b'-- Found rclcpp_action: 16.0.11 (/opt/ros/humble/share/rclcpp_action/cmake)\n'}
[1.668646] (turtlesim) StdoutLine: {'line': b'-- Found rosidl_default_generators: 1.2.0 (/opt/ros/humble/share/rosidl_default_generators/cmake)\n'}
[1.676646] (turtlesim) StdoutLine: {'line': b'-- Found std_srvs: 4.2.4 (/opt/ros/humble/share/std_srvs/cmake)\n'}
[1.702114] (-) TimerEvent: {}
[1.749445] (custom_interfaces) StdoutLine: {'line': b'-- Using all available rosidl_typesupport_cpp: rosidl_typesupport_fastrtps_cpp;rosidl_typesupport_introspection_cpp\n'}
[1.780646] (custom_interfaces) StdoutLine: {'line': b'-- Found PythonInterp: /usr/bin/python3 (found suitable version "3.10.12", minimum required is "3.6") \n'}
[1.782676] (custom_interfaces) StdoutLine: {'line': b'-- Found python_cmake_module: 0.10.0 (/opt/ros/humble/share/python_cmake_module/cmake)\n'}
[1.802167] (-) TimerEvent: {}
[1.824346] (custom_interfaces) StdoutLine: {'line': b'-- Found PythonLibs: /usr/lib/x86_64-linux-gnu/libpython3.10.so (found suitable version "3.10.12", minimum required is "3.5") \n'}
[1.824592] (custom_interfaces) StdoutLine: {'line': b'-- Using PYTHON_EXECUTABLE: /usr/bin/python3\n'}
[1.824684] (custom_interfaces) StdoutLine: {'line': b'-- Using PYTHON_INCLUDE_DIRS: /usr/include/python3.10\n'}
[1.824765] (custom_interfaces) StdoutLine: {'line': b'-- Using PYTHON_LIBRARIES: /usr/lib/x86_64-linux-gnu/libpython3.10.so\n'}
[1.855359] (custom_interfaces) StdoutLine: {'line': b'-- Found PythonExtra: .so  \n'}
[1.902400] (-) TimerEvent: {}
[1.920692] (custom_interfaces) StdoutLine: {'line': b'-- Found ament_lint_auto: 0.12.11 (/opt/ros/humble/share/ament_lint_auto/cmake)\n'}
[1.940550] (custom_interfaces) StdoutLine: {'line': b"-- Added test 'lint_cmake' to check CMake code style\n"}
[1.941916] (custom_interfaces) StdoutLine: {'line': b"-- Added test 'xmllint' to check XML markup files\n"}
[1.944903] (custom_interfaces) StdoutLine: {'line': b'-- Configuring done\n'}
[1.983157] (custom_interfaces) StdoutLine: {'line': b'-- Generating done\n'}
[1.995890] (custom_interfaces) StdoutLine: {'line': b'-- Build files have been written to: /home/samiksha/ros2_ws/build/custom_interfaces\n'}
[2.002504] (-) TimerEvent: {}
[2.005906] (custom_interfaces) CommandEnded: {'returncode': 0}
[2.007506] (custom_interfaces) JobProgress: {'identifier': 'custom_interfaces', 'progress': 'build'}
[2.007543] (custom_interfaces) Command: {'cmd': ['/usr/bin/cmake', '--build', '/home/samiksha/ros2_ws/build/custom_interfaces', '--', '-j12', '-l12'], 'cwd': '/home/samiksha/ros2_ws/build/custom_interfaces', 'env': OrderedDict([('LESSOPEN', '| /usr/bin/lesspipe %s'), ('LANGUAGE', 'en_IN:en'), ('USER', 'samiksha'), ('XDG_SESSION_TYPE', 'wayland'), ('SHLVL', '1'), ('LD_LIBRARY_PATH', '/home/samiksha/ros2_ws/install/custom_interfaces/lib:/home/samiksha/ros2_ws/install/turtlesim/lib:/opt/ros/humble/opt/rviz_ogre_vendor/lib:/opt/ros/humble/lib/x86_64-linux-gnu:/opt/ros/humble/lib'), ('HOME', '/home/samiksha'), ('OLDPWD', '/home/samiksha/ros2_ws'), ('DESKTOP_SESSION', 'ubuntu'), ('ROS_PYTHON_VERSION', '3'), ('GNOME_SHELL_SESSION_MODE', 'ubuntu'), ('GTK_MODULES', 'gail:atk-bridge'), ('SYSTEMD_EXEC_PID', '1661'), ('DBUS_SESSION_BUS_ADDRESS', 'unix:path=/run/user/1000/bus'), ('COLORTERM', 'truecolor'), ('_colcon_cd_root', '/opt/ros/humble/'), ('IM_CONFIG_PHASE', '1'), ('WAYLAND_DISPLAY', 'wayland-0'), ('COLCON_PREFIX_PATH', '/home/samiksha/ros2_ws/install'), ('ROS_DISTRO', 'humble'), ('LOGNAME', 'samiksha'), ('_', '/usr/bin/colcon'), ('ROS_VERSION', '2'), ('XDG_SESSION_CLASS', 'user'), ('USERNAME', 'samiksha'), ('TERM', 'xterm-256color'), ('GNOME_DESKTOP_SESSION_ID', 'this-is-deprecated'), ('ROS_LOCALHOST_ONLY', '0'), ('PATH', '/opt/ros/humble/bin:/home/samiksha/.local/bin:/usr/local/sbin:/usr/local/bin:/usr/sbin:/usr/bin:/sbin:/bin:/usr/games:/usr/local/games:/snap/bin:/snap/bin'), ('SESSION_MANAGER', 'local/samiksha-Victus-by-HP-Gaming-Laptop-15-fa1xxx:@/tmp/.ICE-unix/1629,unix/samiksha-Victus-by-HP-Gaming-Laptop-15-fa1xxx:/tmp/.ICE-unix/1629'), ('XDG_MENU_PREFIX', 'gnome-'), ('GNOME_TERMINAL_SCREEN', '/org/gnome/Terminal/screen/0f748237_c90d_4194_987b_b5133b9fa0a2'), ('GNOME_SETUP_DISPLAY', ':1'), ('XDG_RUNTIME_DIR', '/run/user/1000'), ('DISPLAY', ':0'), ('LANG', 'en_US.UTF-8'), ('XDG_CURRENT_DESKTOP', 'ubuntu:GNOME'), ('XMODIFIERS', '@im=ibus'), ('XDG_SESSION_DESKTOP', 'ubuntu'), ('XAUTHORITY', '/run/user/1000/.mutter-Xwaylandauth.Z1P802'), ('LS_COLORS', 'rs=0:di=01;34:ln=01;36:mh=00:pi=40;33:so=01;35:do=01;35:bd=40;33;01:cd=40;33;01:or=40;31;01:mi=00:su=37;41:sg=30;43:ca=30;41:tw=30;42:ow=34;42:st=37;44:ex=01;32:*.tar=01;31:*.tgz=01;31:*.arc=01;31:*.arj=01;31:*.taz=01;31:*.lha=01;31:*.lz4=01;31:*.lzh=01;31:*.lzma=01;31:*.tlz=01;31:*.txz=01;31:*.tzo=01;31:*.t7z=01;31:*.zip=01;31:*.z=01;31:*.dz=01;31:*.gz=01;31:*.lrz=01;31:*.lz=01;31:*.lzo=01;31:*.xz=01;31:*.zst=01;31:*.tzst=01;31:*.bz2=01;31:*.bz=01;31:*.tbz=01;31:*.tbz2=01;31:*.tz=01;31:*.deb=01;31:*.rpm=01;31:*.jar=01;31:*.war=01;31:*.ear=01;31:*.sar=01;31:*.rar=01;31:*.alz=01;31:*.ace=01;31:*.zoo=01;31:*.cpio=01;31:*.7z=01;31:*.rz=01;31:*.cab=01;31:*.wim=01;31:*.swm=01;31:*.dwm=01;31:*.esd=01;31:*.jpg=01;35:*.jpeg=01;35:*.mjpg=01;35:*.mjpeg=01;35:*.gif=01;35:*.bmp=01;35:*.pbm=01;35:*.pgm=01;35:*.ppm=01;35:*.tga=01;35:*.xbm=01;35:*.xpm=01;35:*.tif=01;35:*.tiff=01;35:*.png=01;35:*.svg=01;35:*.svgz=01;35:*.mng=01;35:*.pcx=01;35:*.mov=01;35:*.mpg=01;35:*.mpeg=01;35:*.m2v=01;35:*.mkv=01;35:*.webm=01;35:*.webp=01;35:*.ogm=01;35:*.mp4=01;35:*.m4v=01;35:*.mp4v=01;35:*.vob=01;35:*.qt=01;35:*.nuv=01;35:*.wmv=01;35:*.asf=01;35:*.rm=01;35:*.rmvb=01;35:*.flc=01;35:*.avi=01;35:*.fli=01;35:*.flv=01;35:*.gl=01;35:*.dl=01;35:*.xcf=01;35:*.xwd=01;35:*.yuv=01;35:*.cgm=01;35:*.emf=01;35:*.ogv=01;35:*.ogx=01;35:*.aac=00;36:*.au=00;36:*.flac=00;36:*.m4a=00;36:*.mid=00;36:*.midi=00;36:*.mka=00;36:*.mp3=00;36:*.mpc=00;36:*.ogg=00;36:*.ra=00;36:*.wav=00;36:*.oga=00;36:*.opus=00;36:*.spx=00;36:*.xspf=00;36:'), ('GNOME_TERMINAL_SERVICE', ':1.118'), ('SSH_AGENT_LAUNCHER', 'gnome-keyring'), ('SSH_AUTH_SOCK', '/run/user/1000/keyring/ssh'), ('AMENT_PREFIX_PATH', '/home/samiksha/ros2_ws/install/custom_interfaces:/home/samiksha/ros2_ws/install/turtlesim:/home/samiksha/ros2_ws/install/task_controller:/home/samiksha/ros2_ws/install/my_package:/opt/ros/humble'), ('SHELL', '/bin/bash'), ('QT_ACCESSIBILITY', '1'), ('GDMSESSION', 'ubuntu'), ('LESSCLOSE', '/usr/bin/lesspipe %s %s'), ('QT_IM_MODULE', 'ibus'), ('PWD', '/home/samiksha/ros2_ws/build/custom_interfaces'), ('LC_ALL', 'en_US.UTF-8'), ('XDG_CONFIG_DIRS', '/etc/xdg/xdg-ubuntu:/etc/xdg'), ('XDG_DATA_DIRS', '/usr/share/ubuntu:/usr/local/share/:/usr/share/:/var/lib/snapd/desktop'), ('PYTHONPATH', '/home/samiksha/ros2_ws/install/custom_interfaces/local/lib/python3.10/dist-packages:/home/samiksha/ros2_ws/install/turtlesim/local/lib/python3.10/dist-packages:/home/samiksha/ros2_ws/build/task_controller:/home/samiksha/ros2_ws/install/task_controller/lib/python3.10/site-packages:/opt/ros/humble/lib/python3.10/site-packages:/opt/ros/humble/local/lib/python3.10/dist-packages'), ('COLCON', '1'), ('VTE_VERSION', '6800'), ('CMAKE_PREFIX_PATH', '/home/samiksha/ros2_ws/install/my_package:/home/samiksha/ros2_ws/install/custom_interfaces:/home/samiksha/ros2_ws/install/turtlesim:/home/samiksha/ros2_ws/install/task_controller:/opt/ros/humble')]), 'shell': False}
[2.056204] (custom_interfaces) StdoutLine: {'line': b'[  3%] \x1b[34m\x1b[1mGenerating C code for ROS interfaces\x1b[0m\n'}
[2.065138] (turtlesim) StdoutLine: {'line': b'-- Found ament_cmake_ros: 0.10.0 (/opt/ros/humble/share/ament_cmake_ros/cmake)\n'}
[2.068040] (custom_interfaces) StdoutLine: {'line': b'[  6%] \x1b[34m\x1b[1mGenerating C++ code for ROS interfaces\x1b[0m\n'}
[2.079911] (custom_interfaces) StdoutLine: {'line': b'[  6%] Built target ament_cmake_python_copy_custom_interfaces\n'}
[2.105175] (-) TimerEvent: {}
[2.205560] (-) TimerEvent: {}
[2.305943] (-) TimerEvent: {}
[2.331450] (custom_interfaces) StdoutLine: {'line': b'[  6%] Built target custom_interfaces__cpp\n'}
[2.344559] (custom_interfaces) StdoutLine: {'line': b'[ 16%] \x1b[34m\x1b[1mGenerating C++ introspection for ROS interfaces\x1b[0m\n'}
[2.344869] (custom_interfaces) StdoutLine: {'line': b'[ 16%] \x1b[34m\x1b[1mGenerating C++ type support for eProsima Fast-RTPS\x1b[0m\n'}
[2.345032] (custom_interfaces) StdoutLine: {'line': b'[ 16%] \x1b[34m\x1b[1mGenerating C++ type support dispatch for ROS interfaces\x1b[0m\n'}
[2.406053] (-) TimerEvent: {}
[2.454317] (custom_interfaces) StdoutLine: {'line': b'running egg_info\n'}
[2.455030] (custom_interfaces) StdoutLine: {'line': b'creating custom_interfaces.egg-info\n'}
[2.456074] (custom_interfaces) StdoutLine: {'line': b"writing manifest file 'custom_interfaces.egg-info/SOURCES.txt'\n"}
[2.459717] (custom_interfaces) StdoutLine: {'line': b"writing manifest file 'custom_interfaces.egg-info/SOURCES.txt'\n"}
[2.500680] (custom_interfaces) StdoutLine: {'line': b'[ 16%] Built target ament_cmake_python_build_custom_interfaces_egg\n'}
[2.506161] (-) TimerEvent: {}
[2.516843] (custom_interfaces) StdoutLine: {'line': b'[ 19%] \x1b[32mBuilding C object CMakeFiles/custom_interfaces__rosidl_generator_c.dir/rosidl_generator_c/custom_interfaces/srv/detail/polygon_server__functions.c.o\x1b[0m\n'}
[2.578344] (turtlesim) StdoutLine: {'line': b'-- Using all available rosidl_typesupport_c: rosidl_typesupport_fastrtps_c;rosidl_typesupport_introspection_c\n'}
[2.585338] (custom_interfaces) StdoutLine: {'line': b'[ 22%] \x1b[32m\x1b[1mLinking C shared library libcustom_interfaces__rosidl_generator_c.so\x1b[0m\n'}
[2.606303] (-) TimerEvent: {}
[2.643467] (custom_interfaces) StdoutLine: {'line': b'[ 22%] Built target custom_interfaces__rosidl_generator_c\n'}
[2.670721] (custom_interfaces) StdoutLine: {'line': b'[ 25%] \x1b[34m\x1b[1mGenerating C introspection for ROS interfaces\x1b[0m\n'}
[2.671232] (custom_interfaces) StdoutLine: {'line': b'[ 29%] \x1b[34m\x1b[1mGenerating C type support dispatch for ROS interfaces\x1b[0m\n'}
[2.679413] (custom_interfaces) StdoutLine: {'line': b'[ 32%] \x1b[34m\x1b[1mGenerating C type support for eProsima Fast-RTPS\x1b[0m\n'}
[2.706449] (-) TimerEvent: {}
[2.746226] (custom_interfaces) StdoutLine: {'line': b'[ 35%] \x1b[32mBuilding CXX object CMakeFiles/custom_interfaces__rosidl_typesupport_cpp.dir/rosidl_typesupport_cpp/custom_interfaces/srv/polygon_server__type_support.cpp.o\x1b[0m\n'}
[2.762232] (custom_interfaces) StdoutLine: {'line': b'[ 38%] \x1b[32mBuilding CXX object CMakeFiles/custom_interfaces__rosidl_typesupport_introspection_cpp.dir/rosidl_typesupport_introspection_cpp/custom_interfaces/srv/detail/polygon_server__type_support.cpp.o\x1b[0m\n'}
[2.781188] (custom_interfaces) StdoutLine: {'line': b'[ 41%] \x1b[32mBuilding CXX object CMakeFiles/custom_interfaces__rosidl_typesupport_fastrtps_cpp.dir/rosidl_typesupport_fastrtps_cpp/custom_interfaces/srv/detail/dds_fastrtps/polygon_server__type_support.cpp.o\x1b[0m\n'}
[2.806567] (-) TimerEvent: {}
[2.841215] (turtlesim) StdoutLine: {'line': b'-- Using all available rosidl_typesupport_cpp: rosidl_typesupport_fastrtps_cpp;rosidl_typesupport_introspection_cpp\n'}
[2.881176] (turtlesim) StdoutLine: {'line': b'-- Found PythonInterp: /usr/bin/python3 (found suitable version "3.10.12", minimum required is "3.6") \n'}
[2.882729] (turtlesim) StdoutLine: {'line': b'-- Found python_cmake_module: 0.10.0 (/opt/ros/humble/share/python_cmake_module/cmake)\n'}
[2.907472] (-) TimerEvent: {}
[2.928488] (turtlesim) StdoutLine: {'line': b'-- Found PythonLibs: /usr/lib/x86_64-linux-gnu/libpython3.10.so (found suitable version "3.10.12", minimum required is "3.5") \n'}
[2.928758] (turtlesim) StdoutLine: {'line': b'-- Using PYTHON_EXECUTABLE: /usr/bin/python3\n'}
[2.928856] (turtlesim) StdoutLine: {'line': b'-- Using PYTHON_INCLUDE_DIRS: /usr/include/python3.10\n'}
[2.928932] (turtlesim) StdoutLine: {'line': b'-- Using PYTHON_LIBRARIES: /usr/lib/x86_64-linux-gnu/libpython3.10.so\n'}
[2.973820] (turtlesim) StdoutLine: {'line': b'-- Found PythonExtra: .so  \n'}
[3.000776] (custom_interfaces) StdoutLine: {'line': b'[ 45%] \x1b[32mBuilding CXX object CMakeFiles/custom_interfaces__rosidl_typesupport_c.dir/rosidl_typesupport_c/custom_interfaces/srv/polygon_server__type_support.cpp.o\x1b[0m\n'}
[3.007584] (-) TimerEvent: {}
[3.043509] (custom_interfaces) StdoutLine: {'line': b'[ 48%] \x1b[32m\x1b[1mLinking CXX shared library libcustom_interfaces__rosidl_typesupport_c.so\x1b[0m\n'}
[3.065248] (turtlesim) StdoutLine: {'line': b'-- Configuring done\n'}
[3.107730] (-) TimerEvent: {}
[3.110904] (custom_interfaces) StdoutLine: {'line': b'[ 48%] Built target custom_interfaces__rosidl_typesupport_c\n'}
[3.111387] (custom_interfaces) StdoutLine: {'line': b'[ 51%] \x1b[32m\x1b[1mLinking CXX shared library libcustom_interfaces__rosidl_typesupport_cpp.so\x1b[0m\n'}
[3.129558] (custom_interfaces) StdoutLine: {'line': b'[ 54%] \x1b[32mBuilding C object CMakeFiles/custom_interfaces__rosidl_typesupport_introspection_c.dir/rosidl_typesupport_introspection_c/custom_interfaces/srv/detail/polygon_server__type_support.c.o\x1b[0m\n'}
[3.173880] (turtlesim) StdoutLine: {'line': b'-- Generating done\n'}
[3.178811] (custom_interfaces) StdoutLine: {'line': b'[ 54%] Built target custom_interfaces__rosidl_typesupport_cpp\n'}
[3.179033] (custom_interfaces) StdoutLine: {'line': b'[ 58%] \x1b[32m\x1b[1mLinking C shared library libcustom_interfaces__rosidl_typesupport_introspection_c.so\x1b[0m\n'}
[3.206280] (turtlesim) StdoutLine: {'line': b'-- Build files have been written to: /home/samiksha/ros2_ws/build/turtlesim\n'}
[3.207868] (-) TimerEvent: {}
[3.216401] (custom_interfaces) StdoutLine: {'line': b'[ 58%] Built target custom_interfaces__rosidl_typesupport_introspection_c\n'}
[3.225767] (turtlesim) CommandEnded: {'returncode': 0}
[3.226466] (turtlesim) JobProgress: {'identifier': 'turtlesim', 'progress': 'build'}
[3.226792] (turtlesim) Command: {'cmd': ['/usr/bin/cmake', '--build', '/home/samiksha/ros2_ws/build/turtlesim', '--', '-j12', '-l12'], 'cwd': '/home/samiksha/ros2_ws/build/turtlesim', 'env': OrderedDict([('LESSOPEN', '| /usr/bin/lesspipe %s'), ('LANGUAGE', 'en_IN:en'), ('USER', 'samiksha'), ('XDG_SESSION_TYPE', 'wayland'), ('SHLVL', '1'), ('LD_LIBRARY_PATH', '/home/samiksha/ros2_ws/install/custom_interfaces/lib:/home/samiksha/ros2_ws/install/turtlesim/lib:/opt/ros/humble/opt/rviz_ogre_vendor/lib:/opt/ros/humble/lib/x86_64-linux-gnu:/opt/ros/humble/lib'), ('HOME', '/home/samiksha'), ('OLDPWD', '/home/samiksha/ros2_ws'), ('DESKTOP_SESSION', 'ubuntu'), ('ROS_PYTHON_VERSION', '3'), ('GNOME_SHELL_SESSION_MODE', 'ubuntu'), ('GTK_MODULES', 'gail:atk-bridge'), ('SYSTEMD_EXEC_PID', '1661'), ('DBUS_SESSION_BUS_ADDRESS', 'unix:path=/run/user/1000/bus'), ('COLORTERM', 'truecolor'), ('_colcon_cd_root', '/opt/ros/humble/'), ('IM_CONFIG_PHASE', '1'), ('WAYLAND_DISPLAY', 'wayland-0'), ('COLCON_PREFIX_PATH', '/home/samiksha/ros2_ws/install'), ('ROS_DISTRO', 'humble'), ('LOGNAME', 'samiksha'), ('_', '/usr/bin/colcon'), ('ROS_VERSION', '2'), ('XDG_SESSION_CLASS', 'user'), ('USERNAME', 'samiksha'), ('TERM', 'xterm-256color'), ('GNOME_DESKTOP_SESSION_ID', 'this-is-deprecated'), ('ROS_LOCALHOST_ONLY', '0'), ('PATH', '/opt/ros/humble/bin:/home/samiksha/.local/bin:/usr/local/sbin:/usr/local/bin:/usr/sbin:/usr/bin:/sbin:/bin:/usr/games:/usr/local/games:/snap/bin:/snap/bin'), ('SESSION_MANAGER', 'local/samiksha-Victus-by-HP-Gaming-Laptop-15-fa1xxx:@/tmp/.ICE-unix/1629,unix/samiksha-Victus-by-HP-Gaming-Laptop-15-fa1xxx:/tmp/.ICE-unix/1629'), ('XDG_MENU_PREFIX', 'gnome-'), ('GNOME_TERMINAL_SCREEN', '/org/gnome/Terminal/screen/0f748237_c90d_4194_987b_b5133b9fa0a2'), ('GNOME_SETUP_DISPLAY', ':1'), ('XDG_RUNTIME_DIR', '/run/user/1000'), ('DISPLAY', ':0'), ('LANG', 'en_US.UTF-8'), ('XDG_CURRENT_DESKTOP', 'ubuntu:GNOME'), ('XMODIFIERS', '@im=ibus'), ('XDG_SESSION_DESKTOP', 'ubuntu'), ('XAUTHORITY', '/run/user/1000/.mutter-Xwaylandauth.Z1P802'), ('LS_COLORS', 'rs=0:di=01;34:ln=01;36:mh=00:pi=40;33:so=01;35:do=01;35:bd=40;33;01:cd=40;33;01:or=40;31;01:mi=00:su=37;41:sg=30;43:ca=30;41:tw=30;42:ow=34;42:st=37;44:ex=01;32:*.tar=01;31:*.tgz=01;31:*.arc=01;31:*.arj=01;31:*.taz=01;31:*.lha=01;31:*.lz4=01;31:*.lzh=01;31:*.lzma=01;31:*.tlz=01;31:*.txz=01;31:*.tzo=01;31:*.t7z=01;31:*.zip=01;31:*.z=01;31:*.dz=01;31:*.gz=01;31:*.lrz=01;31:*.lz=01;31:*.lzo=01;31:*.xz=01;31:*.zst=01;31:*.tzst=01;31:*.bz2=01;31:*.bz=01;31:*.tbz=01;31:*.tbz2=01;31:*.tz=01;31:*.deb=01;31:*.rpm=01;31:*.jar=01;31:*.war=01;31:*.ear=01;31:*.sar=01;31:*.rar=01;31:*.alz=01;31:*.ace=01;31:*.zoo=01;31:*.cpio=01;31:*.7z=01;31:*.rz=01;31:*.cab=01;31:*.wim=01;31:*.swm=01;31:*.dwm=01;31:*.esd=01;31:*.jpg=01;35:*.jpeg=01;35:*.mjpg=01;35:*.mjpeg=01;35:*.gif=01;35:*.bmp=01;35:*.pbm=01;35:*.pgm=01;35:*.ppm=01;35:*.tga=01;35:*.xbm=01;35:*.xpm=01;35:*.tif=01;35:*.tiff=01;35:*.png=01;35:*.svg=01;35:*.svgz=01;35:*.mng=01;35:*.pcx=01;35:*.mov=01;35:*.mpg=01;35:*.mpeg=01;35:*.m2v=01;35:*.mkv=01;35:*.webm=01;35:*.webp=01;35:*.ogm=01;35:*.mp4=01;35:*.m4v=01;35:*.mp4v=01;35:*.vob=01;35:*.qt=01;35:*.nuv=01;35:*.wmv=01;35:*.asf=01;35:*.rm=01;35:*.rmvb=01;35:*.flc=01;35:*.avi=01;35:*.fli=01;35:*.flv=01;35:*.gl=01;35:*.dl=01;35:*.xcf=01;35:*.xwd=01;35:*.yuv=01;35:*.cgm=01;35:*.emf=01;35:*.ogv=01;35:*.ogx=01;35:*.aac=00;36:*.au=00;36:*.flac=00;36:*.m4a=00;36:*.mid=00;36:*.midi=00;36:*.mka=00;36:*.mp3=00;36:*.mpc=00;36:*.ogg=00;36:*.ra=00;36:*.wav=00;36:*.oga=00;36:*.opus=00;36:*.spx=00;36:*.xspf=00;36:'), ('GNOME_TERMINAL_SERVICE', ':1.118'), ('SSH_AGENT_LAUNCHER', 'gnome-keyring'), ('SSH_AUTH_SOCK', '/run/user/1000/keyring/ssh'), ('AMENT_PREFIX_PATH', '/home/samiksha/ros2_ws/install/custom_interfaces:/home/samiksha/ros2_ws/install/turtlesim:/home/samiksha/ros2_ws/install/task_controller:/home/samiksha/ros2_ws/install/my_package:/opt/ros/humble'), ('SHELL', '/bin/bash'), ('QT_ACCESSIBILITY', '1'), ('GDMSESSION', 'ubuntu'), ('LESSCLOSE', '/usr/bin/lesspipe %s %s'), ('QT_IM_MODULE', 'ibus'), ('PWD', '/home/samiksha/ros2_ws/build/turtlesim'), ('LC_ALL', 'en_US.UTF-8'), ('XDG_CONFIG_DIRS', '/etc/xdg/xdg-ubuntu:/etc/xdg'), ('XDG_DATA_DIRS', '/usr/share/ubuntu:/usr/local/share/:/usr/share/:/var/lib/snapd/desktop'), ('PYTHONPATH', '/home/samiksha/ros2_ws/install/custom_interfaces/local/lib/python3.10/dist-packages:/home/samiksha/ros2_ws/install/turtlesim/local/lib/python3.10/dist-packages:/home/samiksha/ros2_ws/build/task_controller:/home/samiksha/ros2_ws/install/task_controller/lib/python3.10/site-packages:/opt/ros/humble/lib/python3.10/site-packages:/opt/ros/humble/local/lib/python3.10/dist-packages'), ('COLCON', '1'), ('VTE_VERSION', '6800'), ('CMAKE_PREFIX_PATH', '/home/samiksha/ros2_ws/install/my_package:/home/samiksha/ros2_ws/install/custom_interfaces:/home/samiksha/ros2_ws/install/turtlesim:/home/samiksha/ros2_ws/install/task_controller:/opt/ros/humble')]), 'shell': False}
[3.233281] (custom_interfaces) StdoutLine: {'line': b'[ 61%] \x1b[32mBuilding CXX object CMakeFiles/custom_interfaces__rosidl_typesupport_fastrtps_c.dir/rosidl_typesupport_fastrtps_c/custom_interfaces/srv/detail/polygon_server__type_support_c.cpp.o\x1b[0m\n'}
[3.240877] (custom_interfaces) StdoutLine: {'line': b'[ 64%] \x1b[32m\x1b[1mLinking CXX shared library libcustom_interfaces__rosidl_typesupport_introspection_cpp.so\x1b[0m\n'}
[3.274304] (custom_interfaces) StdoutLine: {'line': b'[ 67%] \x1b[32m\x1b[1mLinking CXX shared library libcustom_interfaces__rosidl_typesupport_fastrtps_cpp.so\x1b[0m\n'}
[3.277575] (turtlesim) StdoutLine: {'line': b'[  1%] \x1b[34m\x1b[1mGenerating C code for ROS interfaces\x1b[0m\n'}
[3.289852] (turtlesim) StdoutLine: {'line': b'[  2%] \x1b[34m\x1b[1mGenerating C++ code for ROS interfaces\x1b[0m\n'}
[3.299741] (turtlesim) StdoutLine: {'line': b'[  2%] Built target ament_cmake_python_copy_turtlesim\n'}
[3.307999] (-) TimerEvent: {}
[3.328089] (custom_interfaces) StdoutLine: {'line': b'[ 67%] Built target custom_interfaces__rosidl_typesupport_introspection_cpp\n'}
[3.384090] (custom_interfaces) StdoutLine: {'line': b'[ 67%] Built target custom_interfaces__rosidl_typesupport_fastrtps_cpp\n'}
[3.408121] (-) TimerEvent: {}
[3.508449] (-) TimerEvent: {}
[3.608771] (-) TimerEvent: {}
[3.688117] (turtlesim) StdoutLine: {'line': b'running egg_info\n'}
[3.688758] (turtlesim) StdoutLine: {'line': b'creating turtlesim.egg-info\n'}
[3.689721] (turtlesim) StdoutLine: {'line': b"writing manifest file 'turtlesim.egg-info/SOURCES.txt'\n"}
[3.693053] (turtlesim) StdoutLine: {'line': b"writing manifest file 'turtlesim.egg-info/SOURCES.txt'\n"}
[3.706696] (custom_interfaces) StdoutLine: {'line': b'[ 70%] \x1b[32m\x1b[1mLinking CXX shared library libcustom_interfaces__rosidl_typesupport_fastrtps_c.so\x1b[0m\n'}
[3.708890] (-) TimerEvent: {}
[3.731817] (turtlesim) StdoutLine: {'line': b'[  2%] Built target ament_cmake_python_build_turtlesim_egg\n'}
[3.806144] (custom_interfaces) StdoutLine: {'line': b'[ 70%] Built target custom_interfaces__rosidl_typesupport_fastrtps_c\n'}
[3.808995] (-) TimerEvent: {}
[3.828751] (custom_interfaces) StdoutLine: {'line': b'[ 70%] Built target custom_interfaces\n'}
[3.853167] (custom_interfaces) StdoutLine: {'line': b'[ 74%] \x1b[34m\x1b[1mGenerating Python code for ROS interfaces\x1b[0m\n'}
[3.909172] (-) TimerEvent: {}
[4.009922] (-) TimerEvent: {}
[4.033134] (turtlesim) StdoutLine: {'line': b'[  5%] \x1b[32mBuilding C object CMakeFiles/turtlesim__rosidl_generator_c.dir/rosidl_generator_c/turtlesim/srv/detail/kill__functions.c.o\x1b[0m\n'}
[4.033445] (turtlesim) StdoutLine: {'line': b'[  5%] \x1b[32mBuilding C object CMakeFiles/turtlesim__rosidl_generator_c.dir/rosidl_generator_c/turtlesim/msg/detail/pose__functions.c.o\x1b[0m\n'}
[4.034618] (turtlesim) StdoutLine: {'line': b'[  6%] \x1b[32mBuilding C object CMakeFiles/turtlesim__rosidl_generator_c.dir/rosidl_generator_c/turtlesim/srv/detail/spawn__functions.c.o\x1b[0m\n'}
[4.034883] (turtlesim) StdoutLine: {'line': b'[  5%] \x1b[32mBuilding C object CMakeFiles/turtlesim__rosidl_generator_c.dir/rosidl_generator_c/turtlesim/msg/detail/color__functions.c.o\x1b[0m\n'}
[4.035048] (turtlesim) StdoutLine: {'line': b'[  8%] \x1b[32mBuilding C object CMakeFiles/turtlesim__rosidl_generator_c.dir/rosidl_generator_c/turtlesim/action/detail/rotate_absolute__functions.c.o\x1b[0m\n'}
[4.035391] (turtlesim) StdoutLine: {'line': b'[  8%] \x1b[32mBuilding C object CMakeFiles/turtlesim__rosidl_generator_c.dir/rosidl_generator_c/turtlesim/srv/detail/teleport_absolute__functions.c.o\x1b[0m\n'}
[4.039042] (turtlesim) StdoutLine: {'line': b'[  9%] \x1b[32mBuilding C object CMakeFiles/turtlesim__rosidl_generator_c.dir/rosidl_generator_c/turtlesim/srv/detail/set_pen__functions.c.o\x1b[0m\n'}
[4.044445] (turtlesim) StdoutLine: {'line': b'[ 10%] \x1b[32mBuilding C object CMakeFiles/turtlesim__rosidl_generator_c.dir/rosidl_generator_c/turtlesim/srv/detail/teleport_relative__functions.c.o\x1b[0m\n'}
[4.110415] (-) TimerEvent: {}
[4.210783] (-) TimerEvent: {}
[4.231432] (turtlesim) StdoutLine: {'line': b'[ 11%] \x1b[32m\x1b[1mLinking C shared library libturtlesim__rosidl_generator_c.so\x1b[0m\n'}
[4.269724] (turtlesim) StdoutLine: {'line': b'[ 11%] Built target turtlesim__rosidl_generator_c\n'}
[4.280410] (turtlesim) StdoutLine: {'line': b'[ 12%] \x1b[34m\x1b[1mGenerating C type support dispatch for ROS interfaces\x1b[0m\n'}
[4.282410] (turtlesim) StdoutLine: {'line': b'[ 13%] \x1b[34m\x1b[1mGenerating C introspection for ROS interfaces\x1b[0m\n'}
[4.283632] (turtlesim) StdoutLine: {'line': b'[ 14%] \x1b[34m\x1b[1mGenerating C type support for eProsima Fast-RTPS\x1b[0m\n'}
[4.311037] (-) TimerEvent: {}
[4.412623] (-) TimerEvent: {}
[4.429423] (custom_interfaces) StdoutLine: {'line': b'[ 74%] Built target custom_interfaces__py\n'}
[4.450982] (turtlesim) StdoutLine: {'line': b'[ 14%] Built target turtlesim__cpp\n'}
[4.457796] (custom_interfaces) StdoutLine: {'line': b'[ 77%] \x1b[32mBuilding C object CMakeFiles/custom_interfaces__rosidl_generator_py.dir/rosidl_generator_py/custom_interfaces/srv/_polygon_server_s.c.o\x1b[0m\n'}
[4.462514] (turtlesim) StdoutLine: {'line': b'[ 15%] \x1b[34m\x1b[1mGenerating C++ type support dispatch for ROS interfaces\x1b[0m\n'}
[4.464378] (turtlesim) StdoutLine: {'line': b'[ 16%] \x1b[34m\x1b[1mGenerating C++ introspection for ROS interfaces\x1b[0m\n'}
[4.467864] (turtlesim) StdoutLine: {'line': b'[ 17%] \x1b[34m\x1b[1mGenerating C++ type support for eProsima Fast-RTPS\x1b[0m\n'}
[4.512743] (-) TimerEvent: {}
[4.615147] (-) TimerEvent: {}
[4.624830] (custom_interfaces) StdoutLine: {'line': b'[ 80%] \x1b[32m\x1b[1mLinking C shared library rosidl_generator_py/custom_interfaces/libcustom_interfaces__rosidl_generator_py.so\x1b[0m\n'}
[4.678145] (custom_interfaces) StdoutLine: {'line': b'[ 80%] Built target custom_interfaces__rosidl_generator_py\n'}
[4.704154] (custom_interfaces) StdoutLine: {'line': b'[ 87%] \x1b[32mBuilding C object CMakeFiles/custom_interfaces__rosidl_typesupport_introspection_c__pyext.dir/rosidl_generator_py/custom_interfaces/_custom_interfaces_s.ep.rosidl_typesupport_introspection_c.c.o\x1b[0m\n'}
[4.704401] (custom_interfaces) StdoutLine: {'line': b'[ 87%] \x1b[32mBuilding C object CMakeFiles/custom_interfaces__rosidl_typesupport_fastrtps_c__pyext.dir/rosidl_generator_py/custom_interfaces/_custom_interfaces_s.ep.rosidl_typesupport_fastrtps_c.c.o\x1b[0m\n'}
[4.715277] (-) TimerEvent: {}
[4.722201] (custom_interfaces) StdoutLine: {'line': b'[ 90%] \x1b[32mBuilding C object CMakeFiles/custom_interfaces__rosidl_typesupport_c__pyext.dir/rosidl_generator_py/custom_interfaces/_custom_interfaces_s.ep.rosidl_typesupport_c.c.o\x1b[0m\n'}
[4.815395] (-) TimerEvent: {}
[4.829071] (custom_interfaces) StdoutLine: {'line': b'[ 93%] \x1b[32m\x1b[1mLinking C shared library rosidl_generator_py/custom_interfaces/custom_interfaces_s__rosidl_typesupport_introspection_c.cpython-310-x86_64-linux-gnu.so\x1b[0m\n'}
[4.845650] (custom_interfaces) StdoutLine: {'line': b'[ 96%] \x1b[32m\x1b[1mLinking C shared library rosidl_generator_py/custom_interfaces/custom_interfaces_s__rosidl_typesupport_fastrtps_c.cpython-310-x86_64-linux-gnu.so\x1b[0m\n'}
[4.874840] (custom_interfaces) StdoutLine: {'line': b'[ 96%] Built target custom_interfaces__rosidl_typesupport_introspection_c__pyext\n'}
[4.888253] (custom_interfaces) StdoutLine: {'line': b'[ 96%] Built target custom_interfaces__rosidl_typesupport_fastrtps_c__pyext\n'}
[4.915492] (-) TimerEvent: {}
[4.932241] (custom_interfaces) StdoutLine: {'line': b'[100%] \x1b[32m\x1b[1mLinking C shared library rosidl_generator_py/custom_interfaces/custom_interfaces_s__rosidl_typesupport_c.cpython-310-x86_64-linux-gnu.so\x1b[0m\n'}
[4.976135] (custom_interfaces) StdoutLine: {'line': b'[100%] Built target custom_interfaces__rosidl_typesupport_c__pyext\n'}
[4.993783] (custom_interfaces) CommandEnded: {'returncode': 0}
[4.994233] (custom_interfaces) JobProgress: {'identifier': 'custom_interfaces', 'progress': 'install'}
[5.004727] (custom_interfaces) Command: {'cmd': ['/usr/bin/cmake', '--install', '/home/samiksha/ros2_ws/build/custom_interfaces'], 'cwd': '/home/samiksha/ros2_ws/build/custom_interfaces', 'env': OrderedDict([('LESSOPEN', '| /usr/bin/lesspipe %s'), ('LANGUAGE', 'en_IN:en'), ('USER', 'samiksha'), ('XDG_SESSION_TYPE', 'wayland'), ('SHLVL', '1'), ('LD_LIBRARY_PATH', '/home/samiksha/ros2_ws/install/custom_interfaces/lib:/home/samiksha/ros2_ws/install/turtlesim/lib:/opt/ros/humble/opt/rviz_ogre_vendor/lib:/opt/ros/humble/lib/x86_64-linux-gnu:/opt/ros/humble/lib'), ('HOME', '/home/samiksha'), ('OLDPWD', '/home/samiksha/ros2_ws'), ('DESKTOP_SESSION', 'ubuntu'), ('ROS_PYTHON_VERSION', '3'), ('GNOME_SHELL_SESSION_MODE', 'ubuntu'), ('GTK_MODULES', 'gail:atk-bridge'), ('SYSTEMD_EXEC_PID', '1661'), ('DBUS_SESSION_BUS_ADDRESS', 'unix:path=/run/user/1000/bus'), ('COLORTERM', 'truecolor'), ('_colcon_cd_root', '/opt/ros/humble/'), ('IM_CONFIG_PHASE', '1'), ('WAYLAND_DISPLAY', 'wayland-0'), ('COLCON_PREFIX_PATH', '/home/samiksha/ros2_ws/install'), ('ROS_DISTRO', 'humble'), ('LOGNAME', 'samiksha'), ('_', '/usr/bin/colcon'), ('ROS_VERSION', '2'), ('XDG_SESSION_CLASS', 'user'), ('USERNAME', 'samiksha'), ('TERM', 'xterm-256color'), ('GNOME_DESKTOP_SESSION_ID', 'this-is-deprecated'), ('ROS_LOCALHOST_ONLY', '0'), ('PATH', '/opt/ros/humble/bin:/home/samiksha/.local/bin:/usr/local/sbin:/usr/local/bin:/usr/sbin:/usr/bin:/sbin:/bin:/usr/games:/usr/local/games:/snap/bin:/snap/bin'), ('SESSION_MANAGER', 'local/samiksha-Victus-by-HP-Gaming-Laptop-15-fa1xxx:@/tmp/.ICE-unix/1629,unix/samiksha-Victus-by-HP-Gaming-Laptop-15-fa1xxx:/tmp/.ICE-unix/1629'), ('XDG_MENU_PREFIX', 'gnome-'), ('GNOME_TERMINAL_SCREEN', '/org/gnome/Terminal/screen/0f748237_c90d_4194_987b_b5133b9fa0a2'), ('GNOME_SETUP_DISPLAY', ':1'), ('XDG_RUNTIME_DIR', '/run/user/1000'), ('DISPLAY', ':0'), ('LANG', 'en_US.UTF-8'), ('XDG_CURRENT_DESKTOP', 'ubuntu:GNOME'), ('XMODIFIERS', '@im=ibus'), ('XDG_SESSION_DESKTOP', 'ubuntu'), ('XAUTHORITY', '/run/user/1000/.mutter-Xwaylandauth.Z1P802'), ('LS_COLORS', 'rs=0:di=01;34:ln=01;36:mh=00:pi=40;33:so=01;35:do=01;35:bd=40;33;01:cd=40;33;01:or=40;31;01:mi=00:su=37;41:sg=30;43:ca=30;41:tw=30;42:ow=34;42:st=37;44:ex=01;32:*.tar=01;31:*.tgz=01;31:*.arc=01;31:*.arj=01;31:*.taz=01;31:*.lha=01;31:*.lz4=01;31:*.lzh=01;31:*.lzma=01;31:*.tlz=01;31:*.txz=01;31:*.tzo=01;31:*.t7z=01;31:*.zip=01;31:*.z=01;31:*.dz=01;31:*.gz=01;31:*.lrz=01;31:*.lz=01;31:*.lzo=01;31:*.xz=01;31:*.zst=01;31:*.tzst=01;31:*.bz2=01;31:*.bz=01;31:*.tbz=01;31:*.tbz2=01;31:*.tz=01;31:*.deb=01;31:*.rpm=01;31:*.jar=01;31:*.war=01;31:*.ear=01;31:*.sar=01;31:*.rar=01;31:*.alz=01;31:*.ace=01;31:*.zoo=01;31:*.cpio=01;31:*.7z=01;31:*.rz=01;31:*.cab=01;31:*.wim=01;31:*.swm=01;31:*.dwm=01;31:*.esd=01;31:*.jpg=01;35:*.jpeg=01;35:*.mjpg=01;35:*.mjpeg=01;35:*.gif=01;35:*.bmp=01;35:*.pbm=01;35:*.pgm=01;35:*.ppm=01;35:*.tga=01;35:*.xbm=01;35:*.xpm=01;35:*.tif=01;35:*.tiff=01;35:*.png=01;35:*.svg=01;35:*.svgz=01;35:*.mng=01;35:*.pcx=01;35:*.mov=01;35:*.mpg=01;35:*.mpeg=01;35:*.m2v=01;35:*.mkv=01;35:*.webm=01;35:*.webp=01;35:*.ogm=01;35:*.mp4=01;35:*.m4v=01;35:*.mp4v=01;35:*.vob=01;35:*.qt=01;35:*.nuv=01;35:*.wmv=01;35:*.asf=01;35:*.rm=01;35:*.rmvb=01;35:*.flc=01;35:*.avi=01;35:*.fli=01;35:*.flv=01;35:*.gl=01;35:*.dl=01;35:*.xcf=01;35:*.xwd=01;35:*.yuv=01;35:*.cgm=01;35:*.emf=01;35:*.ogv=01;35:*.ogx=01;35:*.aac=00;36:*.au=00;36:*.flac=00;36:*.m4a=00;36:*.mid=00;36:*.midi=00;36:*.mka=00;36:*.mp3=00;36:*.mpc=00;36:*.ogg=00;36:*.ra=00;36:*.wav=00;36:*.oga=00;36:*.opus=00;36:*.spx=00;36:*.xspf=00;36:'), ('GNOME_TERMINAL_SERVICE', ':1.118'), ('SSH_AGENT_LAUNCHER', 'gnome-keyring'), ('SSH_AUTH_SOCK', '/run/user/1000/keyring/ssh'), ('AMENT_PREFIX_PATH', '/home/samiksha/ros2_ws/install/custom_interfaces:/home/samiksha/ros2_ws/install/turtlesim:/home/samiksha/ros2_ws/install/task_controller:/home/samiksha/ros2_ws/install/my_package:/opt/ros/humble'), ('SHELL', '/bin/bash'), ('QT_ACCESSIBILITY', '1'), ('GDMSESSION', 'ubuntu'), ('LESSCLOSE', '/usr/bin/lesspipe %s %s'), ('QT_IM_MODULE', 'ibus'), ('PWD', '/home/samiksha/ros2_ws/build/custom_interfaces'), ('LC_ALL', 'en_US.UTF-8'), ('XDG_CONFIG_DIRS', '/etc/xdg/xdg-ubuntu:/etc/xdg'), ('XDG_DATA_DIRS', '/usr/share/ubuntu:/usr/local/share/:/usr/share/:/var/lib/snapd/desktop'), ('PYTHONPATH', '/home/samiksha/ros2_ws/install/custom_interfaces/local/lib/python3.10/dist-packages:/home/samiksha/ros2_ws/install/turtlesim/local/lib/python3.10/dist-packages:/home/samiksha/ros2_ws/build/task_controller:/home/samiksha/ros2_ws/install/task_controller/lib/python3.10/site-packages:/opt/ros/humble/lib/python3.10/site-packages:/opt/ros/humble/local/lib/python3.10/dist-packages'), ('COLCON', '1'), ('VTE_VERSION', '6800'), ('CMAKE_PREFIX_PATH', '/home/samiksha/ros2_ws/install/my_package:/home/samiksha/ros2_ws/install/custom_interfaces:/home/samiksha/ros2_ws/install/turtlesim:/home/samiksha/ros2_ws/install/task_controller:/opt/ros/humble')]), 'shell': False}
[5.013685] (custom_interfaces) StdoutLine: {'line': b'-- Install configuration: ""\n'}
[5.013922] (custom_interfaces) StdoutLine: {'line': b'-- Installing: /home/samiksha/ros2_ws/install/custom_interfaces/share/ament_index/resource_index/rosidl_interfaces/custom_interfaces\n'}
[5.014082] (custom_interfaces) StdoutLine: {'line': b'-- Installing: /home/samiksha/ros2_ws/install/custom_interfaces/include/custom_interfaces/custom_interfaces\n'}
[5.014159] (custom_interfaces) StdoutLine: {'line': b'-- Installing: /home/samiksha/ros2_ws/install/custom_interfaces/include/custom_interfaces/custom_interfaces/msg\n'}
[5.014264] (custom_interfaces) StdoutLine: {'line': b'-- Installing: /home/samiksha/ros2_ws/install/custom_interfaces/include/custom_interfaces/custom_interfaces/msg/rosidl_generator_c__visibility_control.h\n'}
[5.014405] (custom_interfaces) StdoutLine: {'line': b'-- Installing: /home/samiksha/ros2_ws/install/custom_interfaces/include/custom_interfaces/custom_interfaces/srv\n'}
[5.014479] (custom_interfaces) StdoutLine: {'line': b'-- Installing: /home/samiksha/ros2_ws/install/custom_interfaces/include/custom_interfaces/custom_interfaces/srv/detail\n'}
[5.014542] (custom_interfaces) StdoutLine: {'line': b'-- Installing: /home/samiksha/ros2_ws/install/custom_interfaces/include/custom_interfaces/custom_interfaces/srv/detail/polygon_server__type_support.h\n'}
[5.014648] (custom_interfaces) StdoutLine: {'line': b'-- Installing: /home/samiksha/ros2_ws/install/custom_interfaces/include/custom_interfaces/custom_interfaces/srv/detail/polygon_server__functions.c\n'}
[5.014794] (custom_interfaces) StdoutLine: {'line': b'-- Installing: /home/samiksha/ros2_ws/install/custom_interfaces/include/custom_interfaces/custom_interfaces/srv/detail/polygon_server__struct.h\n'}
[5.016352] (-) TimerEvent: {}
[5.016558] (custom_interfaces) StdoutLine: {'line': b'-- Installing: /home/samiksha/ros2_ws/install/custom_interfaces/include/custom_interfaces/custom_interfaces/srv/detail/polygon_server__functions.h\n'}
[5.016681] (custom_interfaces) StdoutLine: {'line': b'-- Installing: /home/samiksha/ros2_ws/install/custom_interfaces/include/custom_interfaces/custom_interfaces/srv/polygon_server.h\n'}
[5.016775] (custom_interfaces) StdoutLine: {'line': b'-- Installing: /home/samiksha/ros2_ws/install/custom_interfaces/share/custom_interfaces/environment/library_path.sh\n'}
[5.016864] (custom_interfaces) StdoutLine: {'line': b'-- Installing: /home/samiksha/ros2_ws/install/custom_interfaces/share/custom_interfaces/environment/library_path.dsv\n'}
[5.016950] (custom_interfaces) StdoutLine: {'line': b'-- Installing: /home/samiksha/ros2_ws/install/custom_interfaces/lib/libcustom_interfaces__rosidl_generator_c.so\n'}
[5.017035] (custom_interfaces) StdoutLine: {'line': b'-- Set runtime path of "/home/samiksha/ros2_ws/install/custom_interfaces/lib/libcustom_interfaces__rosidl_generator_c.so" to ""\n'}
[5.017138] (custom_interfaces) StdoutLine: {'line': b'-- Up-to-date: /home/samiksha/ros2_ws/install/custom_interfaces/include/custom_interfaces/custom_interfaces\n'}
[5.017232] (custom_interfaces) StdoutLine: {'line': b'-- Up-to-date: /home/samiksha/ros2_ws/install/custom_interfaces/include/custom_interfaces/custom_interfaces/msg\n'}
[5.017314] (custom_interfaces) StdoutLine: {'line': b'-- Installing: /home/samiksha/ros2_ws/install/custom_interfaces/include/custom_interfaces/custom_interfaces/msg/rosidl_typesupport_fastrtps_c__visibility_control.h\n'}
[5.017406] (custom_interfaces) StdoutLine: {'line': b'-- Up-to-date: /home/samiksha/ros2_ws/install/custom_interfaces/include/custom_interfaces/custom_interfaces/srv\n'}
[5.017499] (custom_interfaces) StdoutLine: {'line': b'-- Up-to-date: /home/samiksha/ros2_ws/install/custom_interfaces/include/custom_interfaces/custom_interfaces/srv/detail\n'}
[5.017580] (custom_interfaces) StdoutLine: {'line': b'-- Installing: /home/samiksha/ros2_ws/install/custom_interfaces/include/custom_interfaces/custom_interfaces/srv/detail/polygon_server__rosidl_typesupport_fastrtps_c.h\n'}
[5.017659] (custom_interfaces) StdoutLine: {'line': b'-- Installing: /home/samiksha/ros2_ws/install/custom_interfaces/lib/libcustom_interfaces__rosidl_typesupport_fastrtps_c.so\n'}
[5.019082] (custom_interfaces) StdoutLine: {'line': b'-- Set runtime path of "/home/samiksha/ros2_ws/install/custom_interfaces/lib/libcustom_interfaces__rosidl_typesupport_fastrtps_c.so" to ""\n'}
[5.019218] (custom_interfaces) StdoutLine: {'line': b'-- Up-to-date: /home/samiksha/ros2_ws/install/custom_interfaces/include/custom_interfaces/custom_interfaces\n'}
[5.019261] (custom_interfaces) StdoutLine: {'line': b'-- Up-to-date: /home/samiksha/ros2_ws/install/custom_interfaces/include/custom_interfaces/custom_interfaces/msg\n'}
[5.019300] (custom_interfaces) StdoutLine: {'line': b'-- Installing: /home/samiksha/ros2_ws/install/custom_interfaces/include/custom_interfaces/custom_interfaces/msg/rosidl_generator_cpp__visibility_control.hpp\n'}
[5.019335] (custom_interfaces) StdoutLine: {'line': b'-- Up-to-date: /home/samiksha/ros2_ws/install/custom_interfaces/include/custom_interfaces/custom_interfaces/srv\n'}
[5.019368] (custom_interfaces) StdoutLine: {'line': b'-- Up-to-date: /home/samiksha/ros2_ws/install/custom_interfaces/include/custom_interfaces/custom_interfaces/srv/detail\n'}
[5.019400] (custom_interfaces) StdoutLine: {'line': b'-- Installing: /home/samiksha/ros2_ws/install/custom_interfaces/include/custom_interfaces/custom_interfaces/srv/detail/polygon_server__builder.hpp\n'}
[5.019433] (custom_interfaces) StdoutLine: {'line': b'-- Installing: /home/samiksha/ros2_ws/install/custom_interfaces/include/custom_interfaces/custom_interfaces/srv/detail/polygon_server__struct.hpp\n'}
[5.019464] (custom_interfaces) StdoutLine: {'line': b'-- Installing: /home/samiksha/ros2_ws/install/custom_interfaces/include/custom_interfaces/custom_interfaces/srv/detail/polygon_server__type_support.hpp\n'}
[5.019496] (custom_interfaces) StdoutLine: {'line': b'-- Installing: /home/samiksha/ros2_ws/install/custom_interfaces/include/custom_interfaces/custom_interfaces/srv/detail/polygon_server__traits.hpp\n'}
[5.019526] (custom_interfaces) StdoutLine: {'line': b'-- Installing: /home/samiksha/ros2_ws/install/custom_interfaces/include/custom_interfaces/custom_interfaces/srv/polygon_server.hpp\n'}
[5.019557] (custom_interfaces) StdoutLine: {'line': b'-- Up-to-date: /home/samiksha/ros2_ws/install/custom_interfaces/include/custom_interfaces/custom_interfaces\n'}
[5.019589] (custom_interfaces) StdoutLine: {'line': b'-- Up-to-date: /home/samiksha/ros2_ws/install/custom_interfaces/include/custom_interfaces/custom_interfaces/msg\n'}
[5.019620] (custom_interfaces) StdoutLine: {'line': b'-- Installing: /home/samiksha/ros2_ws/install/custom_interfaces/include/custom_interfaces/custom_interfaces/msg/rosidl_typesupport_fastrtps_cpp__visibility_control.h\n'}
[5.019787] (custom_interfaces) StdoutLine: {'line': b'-- Up-to-date: /home/samiksha/ros2_ws/install/custom_interfaces/include/custom_interfaces/custom_interfaces/srv\n'}
[5.019870] (custom_interfaces) StdoutLine: {'line': b'-- Up-to-date: /home/samiksha/ros2_ws/install/custom_interfaces/include/custom_interfaces/custom_interfaces/srv/detail\n'}
[5.019932] (custom_interfaces) StdoutLine: {'line': b'-- Installing: /home/samiksha/ros2_ws/install/custom_interfaces/include/custom_interfaces/custom_interfaces/srv/detail/polygon_server__rosidl_typesupport_fastrtps_cpp.hpp\n'}
[5.019993] (custom_interfaces) StdoutLine: {'line': b'-- Installing: /home/samiksha/ros2_ws/install/custom_interfaces/include/custom_interfaces/custom_interfaces/srv/detail/dds_fastrtps\n'}
[5.020053] (custom_interfaces) StdoutLine: {'line': b'-- Installing: /home/samiksha/ros2_ws/install/custom_interfaces/lib/libcustom_interfaces__rosidl_typesupport_fastrtps_cpp.so\n'}
[5.020127] (custom_interfaces) StdoutLine: {'line': b'-- Set runtime path of "/home/samiksha/ros2_ws/install/custom_interfaces/lib/libcustom_interfaces__rosidl_typesupport_fastrtps_cpp.so" to ""\n'}
[5.020194] (custom_interfaces) StdoutLine: {'line': b'-- Up-to-date: /home/samiksha/ros2_ws/install/custom_interfaces/include/custom_interfaces/custom_interfaces\n'}
[5.020254] (custom_interfaces) StdoutLine: {'line': b'-- Up-to-date: /home/samiksha/ros2_ws/install/custom_interfaces/include/custom_interfaces/custom_interfaces/msg\n'}
[5.020317] (custom_interfaces) StdoutLine: {'line': b'-- Installing: /home/samiksha/ros2_ws/install/custom_interfaces/include/custom_interfaces/custom_interfaces/msg/rosidl_typesupport_introspection_c__visibility_control.h\n'}
[5.020376] (custom_interfaces) StdoutLine: {'line': b'-- Up-to-date: /home/samiksha/ros2_ws/install/custom_interfaces/include/custom_interfaces/custom_interfaces/srv\n'}
[5.020438] (custom_interfaces) StdoutLine: {'line': b'-- Up-to-date: /home/samiksha/ros2_ws/install/custom_interfaces/include/custom_interfaces/custom_interfaces/srv/detail\n'}
[5.020502] (custom_interfaces) StdoutLine: {'line': b'-- Installing: /home/samiksha/ros2_ws/install/custom_interfaces/include/custom_interfaces/custom_interfaces/srv/detail/polygon_server__rosidl_typesupport_introspection_c.h\n'}
[5.020565] (custom_interfaces) StdoutLine: {'line': b'-- Installing: /home/samiksha/ros2_ws/install/custom_interfaces/include/custom_interfaces/custom_interfaces/srv/detail/polygon_server__type_support.c\n'}
[5.020625] (custom_interfaces) StdoutLine: {'line': b'-- Installing: /home/samiksha/ros2_ws/install/custom_interfaces/lib/libcustom_interfaces__rosidl_typesupport_introspection_c.so\n'}
[5.020690] (custom_interfaces) StdoutLine: {'line': b'-- Set runtime path of "/home/samiksha/ros2_ws/install/custom_interfaces/lib/libcustom_interfaces__rosidl_typesupport_introspection_c.so" to ""\n'}
[5.020754] (custom_interfaces) StdoutLine: {'line': b'-- Installing: /home/samiksha/ros2_ws/install/custom_interfaces/lib/libcustom_interfaces__rosidl_typesupport_c.so\n'}
[5.029328] (custom_interfaces) StdoutLine: {'line': b'-- Set runtime path of "/home/samiksha/ros2_ws/install/custom_interfaces/lib/libcustom_interfaces__rosidl_typesupport_c.so" to ""\n'}
[5.029512] (custom_interfaces) StdoutLine: {'line': b'-- Up-to-date: /home/samiksha/ros2_ws/install/custom_interfaces/include/custom_interfaces/custom_interfaces\n'}
[5.029586] (custom_interfaces) StdoutLine: {'line': b'-- Up-to-date: /home/samiksha/ros2_ws/install/custom_interfaces/include/custom_interfaces/custom_interfaces/srv\n'}
[5.029648] (custom_interfaces) StdoutLine: {'line': b'-- Up-to-date: /home/samiksha/ros2_ws/install/custom_interfaces/include/custom_interfaces/custom_interfaces/srv/detail\n'}
[5.029705] (custom_interfaces) StdoutLine: {'line': b'-- Installing: /home/samiksha/ros2_ws/install/custom_interfaces/include/custom_interfaces/custom_interfaces/srv/detail/polygon_server__rosidl_typesupport_introspection_cpp.hpp\n'}
[5.029765] (custom_interfaces) StdoutLine: {'line': b'-- Installing: /home/samiksha/ros2_ws/install/custom_interfaces/include/custom_interfaces/custom_interfaces/srv/detail/polygon_server__type_support.cpp\n'}
[5.029822] (custom_interfaces) StdoutLine: {'line': b'-- Installing: /home/samiksha/ros2_ws/install/custom_interfaces/lib/libcustom_interfaces__rosidl_typesupport_introspection_cpp.so\n'}
[5.029877] (custom_interfaces) StdoutLine: {'line': b'-- Set runtime path of "/home/samiksha/ros2_ws/install/custom_interfaces/lib/libcustom_interfaces__rosidl_typesupport_introspection_cpp.so" to ""\n'}
[5.029936] (custom_interfaces) StdoutLine: {'line': b'-- Installing: /home/samiksha/ros2_ws/install/custom_interfaces/lib/libcustom_interfaces__rosidl_typesupport_cpp.so\n'}
[5.029995] (custom_interfaces) StdoutLine: {'line': b'-- Set runtime path of "/home/samiksha/ros2_ws/install/custom_interfaces/lib/libcustom_interfaces__rosidl_typesupport_cpp.so" to ""\n'}
[5.030068] (custom_interfaces) StdoutLine: {'line': b'-- Installing: /home/samiksha/ros2_ws/install/custom_interfaces/share/custom_interfaces/environment/pythonpath.sh\n'}
[5.030141] (custom_interfaces) StdoutLine: {'line': b'-- Installing: /home/samiksha/ros2_ws/install/custom_interfaces/share/custom_interfaces/environment/pythonpath.dsv\n'}
[5.030201] (custom_interfaces) StdoutLine: {'line': b'-- Installing: /home/samiksha/ros2_ws/install/custom_interfaces/local/lib/python3.10/dist-packages/custom_interfaces-0.0.0-py3.10.egg-info\n'}
[5.030261] (custom_interfaces) StdoutLine: {'line': b'-- Installing: /home/samiksha/ros2_ws/install/custom_interfaces/local/lib/python3.10/dist-packages/custom_interfaces-0.0.0-py3.10.egg-info/dependency_links.txt\n'}
[5.030322] (custom_interfaces) StdoutLine: {'line': b'-- Installing: /home/samiksha/ros2_ws/install/custom_interfaces/local/lib/python3.10/dist-packages/custom_interfaces-0.0.0-py3.10.egg-info/PKG-INFO\n'}
[5.030393] (custom_interfaces) StdoutLine: {'line': b'-- Installing: /home/samiksha/ros2_ws/install/custom_interfaces/local/lib/python3.10/dist-packages/custom_interfaces-0.0.0-py3.10.egg-info/SOURCES.txt\n'}
[5.030452] (custom_interfaces) StdoutLine: {'line': b'-- Installing: /home/samiksha/ros2_ws/install/custom_interfaces/local/lib/python3.10/dist-packages/custom_interfaces-0.0.0-py3.10.egg-info/top_level.txt\n'}
[5.030514] (custom_interfaces) StdoutLine: {'line': b'-- Installing: /home/samiksha/ros2_ws/install/custom_interfaces/local/lib/python3.10/dist-packages/custom_interfaces\n'}
[5.030572] (custom_interfaces) StdoutLine: {'line': b'-- Installing: /home/samiksha/ros2_ws/install/custom_interfaces/local/lib/python3.10/dist-packages/custom_interfaces/libcustom_interfaces__rosidl_generator_py.so\n'}
[5.030638] (custom_interfaces) StdoutLine: {'line': b'-- Installing: /home/samiksha/ros2_ws/install/custom_interfaces/local/lib/python3.10/dist-packages/custom_interfaces/_custom_interfaces_s.ep.rosidl_typesupport_introspection_c.c\n'}
[5.030696] (custom_interfaces) StdoutLine: {'line': b'-- Installing: /home/samiksha/ros2_ws/install/custom_interfaces/local/lib/python3.10/dist-packages/custom_interfaces/custom_interfaces_s__rosidl_typesupport_fastrtps_c.cpython-310-x86_64-linux-gnu.so\n'}
[5.030754] (custom_interfaces) StdoutLine: {'line': b'-- Installing: /home/samiksha/ros2_ws/install/custom_interfaces/local/lib/python3.10/dist-packages/custom_interfaces/custom_interfaces_s__rosidl_typesupport_c.cpython-310-x86_64-linux-gnu.so\n'}
[5.030819] (custom_interfaces) StdoutLine: {'line': b'-- Installing: /home/samiksha/ros2_ws/install/custom_interfaces/local/lib/python3.10/dist-packages/custom_interfaces/_custom_interfaces_s.ep.rosidl_typesupport_c.c\n'}
[5.030877] (custom_interfaces) StdoutLine: {'line': b'-- Installing: /home/samiksha/ros2_ws/install/custom_interfaces/local/lib/python3.10/dist-packages/custom_interfaces/srv\n'}
[5.030934] (custom_interfaces) StdoutLine: {'line': b'-- Installing: /home/samiksha/ros2_ws/install/custom_interfaces/local/lib/python3.10/dist-packages/custom_interfaces/srv/_polygon_server.py\n'}
[5.030991] (custom_interfaces) StdoutLine: {'line': b'-- Installing: /home/samiksha/ros2_ws/install/custom_interfaces/local/lib/python3.10/dist-packages/custom_interfaces/srv/_polygon_server_s.c\n'}
[5.031051] (custom_interfaces) StdoutLine: {'line': b'-- Installing: /home/samiksha/ros2_ws/install/custom_interfaces/local/lib/python3.10/dist-packages/custom_interfaces/srv/__init__.py\n'}
[5.031122] (custom_interfaces) StdoutLine: {'line': b'-- Installing: /home/samiksha/ros2_ws/install/custom_interfaces/local/lib/python3.10/dist-packages/custom_interfaces/__init__.py\n'}
[5.031194] (custom_interfaces) StdoutLine: {'line': b'-- Installing: /home/samiksha/ros2_ws/install/custom_interfaces/local/lib/python3.10/dist-packages/custom_interfaces/_custom_interfaces_s.ep.rosidl_typesupport_fastrtps_c.c\n'}
[5.031258] (custom_interfaces) StdoutLine: {'line': b'-- Installing: /home/samiksha/ros2_ws/install/custom_interfaces/local/lib/python3.10/dist-packages/custom_interfaces/custom_interfaces_s__rosidl_typesupport_introspection_c.cpython-310-x86_64-linux-gnu.so\n'}
[5.076298] (custom_interfaces) StdoutLine: {'line': b"Listing '/home/samiksha/ros2_ws/install/custom_interfaces/local/lib/python3.10/dist-packages/custom_interfaces'...\n"}
[5.076496] (custom_interfaces) StdoutLine: {'line': b"Compiling '/home/samiksha/ros2_ws/install/custom_interfaces/local/lib/python3.10/dist-packages/custom_interfaces/__init__.py'...\n"}
[5.076570] (custom_interfaces) StdoutLine: {'line': b"Listing '/home/samiksha/ros2_ws/install/custom_interfaces/local/lib/python3.10/dist-packages/custom_interfaces/srv'...\n"}
[5.076633] (custom_interfaces) StdoutLine: {'line': b"Compiling '/home/samiksha/ros2_ws/install/custom_interfaces/local/lib/python3.10/dist-packages/custom_interfaces/srv/__init__.py'...\n"}
[5.076692] (custom_interfaces) StdoutLine: {'line': b"Compiling '/home/samiksha/ros2_ws/install/custom_interfaces/local/lib/python3.10/dist-packages/custom_interfaces/srv/_polygon_server.py'...\n"}
[5.091172] (custom_interfaces) StdoutLine: {'line': b'-- Installing: /home/samiksha/ros2_ws/install/custom_interfaces/local/lib/python3.10/dist-packages/custom_interfaces/custom_interfaces_s__rosidl_typesupport_fastrtps_c.cpython-310-x86_64-linux-gnu.so\n'}
[5.091382] (custom_interfaces) StdoutLine: {'line': b'-- Set runtime path of "/home/samiksha/ros2_ws/install/custom_interfaces/local/lib/python3.10/dist-packages/custom_interfaces/custom_interfaces_s__rosidl_typesupport_fastrtps_c.cpython-310-x86_64-linux-gnu.so" to ""\n'}
[5.091456] (custom_interfaces) StdoutLine: {'line': b'-- Installing: /home/samiksha/ros2_ws/install/custom_interfaces/local/lib/python3.10/dist-packages/custom_interfaces/custom_interfaces_s__rosidl_typesupport_introspection_c.cpython-310-x86_64-linux-gnu.so\n'}
[5.091516] (custom_interfaces) StdoutLine: {'line': b'-- Set runtime path of "/home/samiksha/ros2_ws/install/custom_interfaces/local/lib/python3.10/dist-packages/custom_interfaces/custom_interfaces_s__rosidl_typesupport_introspection_c.cpython-310-x86_64-linux-gnu.so" to ""\n'}
[5.091577] (custom_interfaces) StdoutLine: {'line': b'-- Installing: /home/samiksha/ros2_ws/install/custom_interfaces/local/lib/python3.10/dist-packages/custom_interfaces/custom_interfaces_s__rosidl_typesupport_c.cpython-310-x86_64-linux-gnu.so\n'}
[5.091651] (custom_interfaces) StdoutLine: {'line': b'-- Set runtime path of "/home/samiksha/ros2_ws/install/custom_interfaces/local/lib/python3.10/dist-packages/custom_interfaces/custom_interfaces_s__rosidl_typesupport_c.cpython-310-x86_64-linux-gnu.so" to ""\n'}
[5.091717] (custom_interfaces) StdoutLine: {'line': b'-- Installing: /home/samiksha/ros2_ws/install/custom_interfaces/lib/libcustom_interfaces__rosidl_generator_py.so\n'}
[5.091778] (custom_interfaces) StdoutLine: {'line': b'-- Set runtime path of "/home/samiksha/ros2_ws/install/custom_interfaces/lib/libcustom_interfaces__rosidl_generator_py.so" to ""\n'}
[5.091838] (custom_interfaces) StdoutLine: {'line': b'-- Installing: /home/samiksha/ros2_ws/install/custom_interfaces/share/custom_interfaces/srv/PolygonServer.idl\n'}
[5.091895] (custom_interfaces) StdoutLine: {'line': b'-- Installing: /home/samiksha/ros2_ws/install/custom_interfaces/share/custom_interfaces/srv/PolygonServer.srv\n'}
[5.091950] (custom_interfaces) StdoutLine: {'line': b'-- Installing: /home/samiksha/ros2_ws/install/custom_interfaces/share/custom_interfaces/srv/PolygonServer_Request.msg\n'}
[5.092001] (custom_interfaces) StdoutLine: {'line': b'-- Installing: /home/samiksha/ros2_ws/install/custom_interfaces/share/custom_interfaces/srv/PolygonServer_Response.msg\n'}
[5.092049] (custom_interfaces) StdoutLine: {'line': b'-- Installing: /home/samiksha/ros2_ws/install/custom_interfaces/share/ament_index/resource_index/package_run_dependencies/custom_interfaces\n'}
[5.092124] (custom_interfaces) StdoutLine: {'line': b'-- Installing: /home/samiksha/ros2_ws/install/custom_interfaces/share/ament_index/resource_index/parent_prefix_path/custom_interfaces\n'}
[5.092199] (custom_interfaces) StdoutLine: {'line': b'-- Installing: /home/samiksha/ros2_ws/install/custom_interfaces/share/custom_interfaces/environment/ament_prefix_path.sh\n'}
[5.092261] (custom_interfaces) StdoutLine: {'line': b'-- Installing: /home/samiksha/ros2_ws/install/custom_interfaces/share/custom_interfaces/environment/ament_prefix_path.dsv\n'}
[5.092313] (custom_interfaces) StdoutLine: {'line': b'-- Installing: /home/samiksha/ros2_ws/install/custom_interfaces/share/custom_interfaces/environment/path.sh\n'}
[5.092362] (custom_interfaces) StdoutLine: {'line': b'-- Installing: /home/samiksha/ros2_ws/install/custom_interfaces/share/custom_interfaces/environment/path.dsv\n'}
[5.092409] (custom_interfaces) StdoutLine: {'line': b'-- Installing: /home/samiksha/ros2_ws/install/custom_interfaces/share/custom_interfaces/local_setup.bash\n'}
[5.092466] (custom_interfaces) StdoutLine: {'line': b'-- Installing: /home/samiksha/ros2_ws/install/custom_interfaces/share/custom_interfaces/local_setup.sh\n'}
[5.092525] (custom_interfaces) StdoutLine: {'line': b'-- Installing: /home/samiksha/ros2_ws/install/custom_interfaces/share/custom_interfaces/local_setup.zsh\n'}
[5.092580] (custom_interfaces) StdoutLine: {'line': b'-- Installing: /home/samiksha/ros2_ws/install/custom_interfaces/share/custom_interfaces/local_setup.dsv\n'}
[5.092641] (custom_interfaces) StdoutLine: {'line': b'-- Installing: /home/samiksha/ros2_ws/install/custom_interfaces/share/custom_interfaces/package.dsv\n'}
[5.092696] (custom_interfaces) StdoutLine: {'line': b'-- Installing: /home/samiksha/ros2_ws/install/custom_interfaces/share/ament_index/resource_index/packages/custom_interfaces\n'}
[5.092757] (custom_interfaces) StdoutLine: {'line': b'-- Installing: /home/samiksha/ros2_ws/install/custom_interfaces/share/custom_interfaces/cmake/export_custom_interfaces__rosidl_generator_cExport.cmake\n'}
[5.092818] (custom_interfaces) StdoutLine: {'line': b'-- Installing: /home/samiksha/ros2_ws/install/custom_interfaces/share/custom_interfaces/cmake/export_custom_interfaces__rosidl_generator_cExport-noconfig.cmake\n'}
[5.092878] (custom_interfaces) StdoutLine: {'line': b'-- Installing: /home/samiksha/ros2_ws/install/custom_interfaces/share/custom_interfaces/cmake/export_custom_interfaces__rosidl_typesupport_fastrtps_cExport.cmake\n'}
[5.092935] (custom_interfaces) StdoutLine: {'line': b'-- Installing: /home/samiksha/ros2_ws/install/custom_interfaces/share/custom_interfaces/cmake/export_custom_interfaces__rosidl_typesupport_fastrtps_cExport-noconfig.cmake\n'}
[5.092990] (custom_interfaces) StdoutLine: {'line': b'-- Installing: /home/samiksha/ros2_ws/install/custom_interfaces/share/custom_interfaces/cmake/export_custom_interfaces__rosidl_generator_cppExport.cmake\n'}
[5.093044] (custom_interfaces) StdoutLine: {'line': b'-- Installing: /home/samiksha/ros2_ws/install/custom_interfaces/share/custom_interfaces/cmake/export_custom_interfaces__rosidl_typesupport_fastrtps_cppExport.cmake\n'}
[5.093296] (custom_interfaces) StdoutLine: {'line': b'-- Installing: /home/samiksha/ros2_ws/install/custom_interfaces/share/custom_interfaces/cmake/export_custom_interfaces__rosidl_typesupport_fastrtps_cppExport-noconfig.cmake\n'}
[5.093415] (custom_interfaces) StdoutLine: {'line': b'-- Installing: /home/samiksha/ros2_ws/install/custom_interfaces/share/custom_interfaces/cmake/custom_interfaces__rosidl_typesupport_introspection_cExport.cmake\n'}
[5.093480] (custom_interfaces) StdoutLine: {'line': b'-- Installing: /home/samiksha/ros2_ws/install/custom_interfaces/share/custom_interfaces/cmake/custom_interfaces__rosidl_typesupport_introspection_cExport-noconfig.cmake\n'}
[5.097153] (custom_interfaces) StdoutLine: {'line': b'-- Installing: /home/samiksha/ros2_ws/install/custom_interfaces/share/custom_interfaces/cmake/custom_interfaces__rosidl_typesupport_cExport.cmake\n'}
[5.098597] (turtlesim) StdoutLine: {'line': b'[ 18%] \x1b[32mBuilding CXX object CMakeFiles/turtlesim__rosidl_typesupport_c.dir/rosidl_typesupport_c/turtlesim/msg/pose__type_support.cpp.o\x1b[0m\n'}
[5.098704] (custom_interfaces) StdoutLine: {'line': b'-- Installing: /home/samiksha/ros2_ws/install/custom_interfaces/share/custom_interfaces/cmake/custom_interfaces__rosidl_typesupport_cExport-noconfig.cmake\n'}
[5.098787] (custom_interfaces) StdoutLine: {'line': b'-- Installing: /home/samiksha/ros2_ws/install/custom_interfaces/share/custom_interfaces/cmake/custom_interfaces__rosidl_typesupport_introspection_cppExport.cmake\n'}
[5.098855] (custom_interfaces) StdoutLine: {'line': b'-- Installing: /home/samiksha/ros2_ws/install/custom_interfaces/share/custom_interfaces/cmake/custom_interfaces__rosidl_typesupport_introspection_cppExport-noconfig.cmake\n'}
[5.098918] (custom_interfaces) StdoutLine: {'line': b'-- Installing: /home/samiksha/ros2_ws/install/custom_interfaces/share/custom_interfaces/cmake/custom_interfaces__rosidl_typesupport_cppExport.cmake\n'}
[5.098981] (custom_interfaces) StdoutLine: {'line': b'-- Installing: /home/samiksha/ros2_ws/install/custom_interfaces/share/custom_interfaces/cmake/custom_interfaces__rosidl_typesupport_cppExport-noconfig.cmake\n'}
[5.099040] (custom_interfaces) StdoutLine: {'line': b'-- Installing: /home/samiksha/ros2_ws/install/custom_interfaces/share/custom_interfaces/cmake/export_custom_interfaces__rosidl_generator_pyExport.cmake\n'}
[5.099112] (turtlesim) StdoutLine: {'line': b'[ 19%] \x1b[32mBuilding CXX object CMakeFiles/turtlesim__rosidl_typesupport_c.dir/rosidl_typesupport_c/turtlesim/action/rotate_absolute__type_support.cpp.o\x1b[0m\n'}
[5.099185] (turtlesim) StdoutLine: {'line': b'[ 20%] \x1b[32mBuilding CXX object CMakeFiles/turtlesim__rosidl_typesupport_c.dir/rosidl_typesupport_c/turtlesim/msg/color__type_support.cpp.o\x1b[0m\n'}
[5.099253] (custom_interfaces) StdoutLine: {'line': b'-- Installing: /home/samiksha/ros2_ws/install/custom_interfaces/share/custom_interfaces/cmake/export_custom_interfaces__rosidl_generator_pyExport-noconfig.cmake\n'}
[5.099319] (custom_interfaces) StdoutLine: {'line': b'-- Installing: /home/samiksha/ros2_ws/install/custom_interfaces/share/custom_interfaces/cmake/rosidl_cmake-extras.cmake\n'}
[5.099380] (custom_interfaces) StdoutLine: {'line': b'-- Installing: /home/samiksha/ros2_ws/install/custom_interfaces/share/custom_interfaces/cmake/ament_cmake_export_dependencies-extras.cmake\n'}
[5.099443] (custom_interfaces) StdoutLine: {'line': b'-- Installing: /home/samiksha/ros2_ws/install/custom_interfaces/share/custom_interfaces/cmake/ament_cmake_export_include_directories-extras.cmake\n'}
[5.099501] (custom_interfaces) StdoutLine: {'line': b'-- Installing: /home/samiksha/ros2_ws/install/custom_interfaces/share/custom_interfaces/cmake/ament_cmake_export_libraries-extras.cmake\n'}
[5.099558] (custom_interfaces) StdoutLine: {'line': b'-- Installing: /home/samiksha/ros2_ws/install/custom_interfaces/share/custom_interfaces/cmake/ament_cmake_export_targets-extras.cmake\n'}
[5.099618] (custom_interfaces) StdoutLine: {'line': b'-- Installing: /home/samiksha/ros2_ws/install/custom_interfaces/share/custom_interfaces/cmake/rosidl_cmake_export_typesupport_targets-extras.cmake\n'}
[5.099676] (custom_interfaces) StdoutLine: {'line': b'-- Installing: /home/samiksha/ros2_ws/install/custom_interfaces/share/custom_interfaces/cmake/rosidl_cmake_export_typesupport_libraries-extras.cmake\n'}
[5.099732] (custom_interfaces) StdoutLine: {'line': b'-- Installing: /home/samiksha/ros2_ws/install/custom_interfaces/share/custom_interfaces/cmake/custom_interfacesConfig.cmake\n'}
[5.099788] (custom_interfaces) StdoutLine: {'line': b'-- Installing: /home/samiksha/ros2_ws/install/custom_interfaces/share/custom_interfaces/cmake/custom_interfacesConfig-version.cmake\n'}
[5.099844] (custom_interfaces) StdoutLine: {'line': b'-- Installing: /home/samiksha/ros2_ws/install/custom_interfaces/share/custom_interfaces/package.xml\n'}
[5.107485] (custom_interfaces) CommandEnded: {'returncode': 0}
[5.109462] (turtlesim) StdoutLine: {'line': b'[ 21%] \x1b[32mBuilding CXX object CMakeFiles/turtlesim__rosidl_typesupport_c.dir/rosidl_typesupport_c/turtlesim/srv/set_pen__type_support.cpp.o\x1b[0m\n'}
[5.117647] (-) TimerEvent: {}
[5.124182] (turtlesim) StdoutLine: {'line': b'[ 22%] \x1b[32mBuilding CXX object CMakeFiles/turtlesim__rosidl_typesupport_c.dir/rosidl_typesupport_c/turtlesim/srv/kill__type_support.cpp.o\x1b[0m\n'}
[5.125196] (turtlesim) StdoutLine: {'line': b'[ 23%] \x1b[32mBuilding CXX object CMakeFiles/turtlesim__rosidl_typesupport_c.dir/rosidl_typesupport_c/turtlesim/srv/teleport_absolute__type_support.cpp.o\x1b[0m\n'}
[5.125962] (turtlesim) StdoutLine: {'line': b'[ 24%] \x1b[32mBuilding CXX object CMakeFiles/turtlesim__rosidl_typesupport_c.dir/rosidl_typesupport_c/turtlesim/srv/spawn__type_support.cpp.o\x1b[0m\n'}
[5.148263] (turtlesim) StdoutLine: {'line': b'[ 25%] \x1b[32mBuilding CXX object CMakeFiles/turtlesim__rosidl_typesupport_fastrtps_c.dir/rosidl_typesupport_fastrtps_c/turtlesim/action/detail/rotate_absolute__type_support_c.cpp.o\x1b[0m\n'}
[5.154781] (custom_interfaces) JobEnded: {'identifier': 'custom_interfaces', 'rc': 0}
[5.156178] (turtlesim) StdoutLine: {'line': b'[ 26%] \x1b[32mBuilding CXX object CMakeFiles/turtlesim__rosidl_typesupport_fastrtps_c.dir/rosidl_typesupport_fastrtps_c/turtlesim/msg/detail/color__type_support_c.cpp.o\x1b[0m\n'}
[5.162756] (turtlesim) StdoutLine: {'line': b'[ 27%] \x1b[32mBuilding CXX object CMakeFiles/turtlesim__rosidl_typesupport_c.dir/rosidl_typesupport_c/turtlesim/srv/teleport_relative__type_support.cpp.o\x1b[0m\n'}
[5.176399] (turtlesim) StdoutLine: {'line': b'[ 28%] \x1b[32mBuilding CXX object CMakeFiles/turtlesim__rosidl_typesupport_fastrtps_c.dir/rosidl_typesupport_fastrtps_c/turtlesim/msg/detail/pose__type_support_c.cpp.o\x1b[0m\n'}
[5.196129] (turtlesim) StdoutLine: {'line': b'[ 29%] \x1b[32mBuilding CXX object CMakeFiles/turtlesim__rosidl_typesupport_fastrtps_c.dir/rosidl_typesupport_fastrtps_c/turtlesim/srv/detail/kill__type_support_c.cpp.o\x1b[0m\n'}
[5.203092] (turtlesim) StdoutLine: {'line': b'[ 31%] \x1b[32mBuilding CXX object CMakeFiles/turtlesim__rosidl_typesupport_fastrtps_c.dir/rosidl_typesupport_fastrtps_c/turtlesim/srv/detail/set_pen__type_support_c.cpp.o\x1b[0m\n'}
[5.206212] (turtlesim) StdoutLine: {'line': b'[ 32%] \x1b[32mBuilding CXX object CMakeFiles/turtlesim__rosidl_typesupport_fastrtps_c.dir/rosidl_typesupport_fastrtps_c/turtlesim/srv/detail/spawn__type_support_c.cpp.o\x1b[0m\n'}
[5.206499] (turtlesim) StdoutLine: {'line': b'[ 30%] \x1b[32mBuilding CXX object CMakeFiles/turtlesim__rosidl_typesupport_fastrtps_c.dir/rosidl_typesupport_fastrtps_c/turtlesim/srv/detail/teleport_absolute__type_support_c.cpp.o\x1b[0m\n'}
[5.217754] (-) TimerEvent: {}
[5.232218] (turtlesim) StdoutLine: {'line': b'[ 33%] \x1b[32m\x1b[1mLinking CXX shared library libturtlesim__rosidl_typesupport_c.so\x1b[0m\n'}
[5.317897] (-) TimerEvent: {}
[5.346299] (turtlesim) StdoutLine: {'line': b'[ 33%] Built target turtlesim__rosidl_typesupport_c\n'}
[5.364230] (turtlesim) StdoutLine: {'line': b'[ 34%] \x1b[32mBuilding CXX object CMakeFiles/turtlesim__rosidl_typesupport_cpp.dir/rosidl_typesupport_cpp/turtlesim/action/rotate_absolute__type_support.cpp.o\x1b[0m\n'}
[5.367254] (turtlesim) StdoutLine: {'line': b'[ 35%] \x1b[32mBuilding CXX object CMakeFiles/turtlesim__rosidl_typesupport_fastrtps_c.dir/rosidl_typesupport_fastrtps_c/turtlesim/srv/detail/teleport_relative__type_support_c.cpp.o\x1b[0m\n'}
[5.418020] (-) TimerEvent: {}
[5.463268] (my_package) StdoutLine: {'line': b'[ 62%] \x1b[32m\x1b[1mLinking CXX executable server_doc\x1b[0m\n'}
[5.518306] (-) TimerEvent: {}
[5.560834] (turtlesim) StdoutLine: {'line': b'[ 36%] \x1b[32mBuilding C object CMakeFiles/turtlesim__rosidl_typesupport_introspection_c.dir/rosidl_typesupport_introspection_c/turtlesim/action/detail/rotate_absolute__type_support.c.o\x1b[0m\n'}
[5.618454] (-) TimerEvent: {}
[5.632690] (turtlesim) StdoutLine: {'line': b'[ 37%] \x1b[32mBuilding CXX object CMakeFiles/turtlesim__rosidl_typesupport_introspection_cpp.dir/rosidl_typesupport_introspection_cpp/turtlesim/action/detail/rotate_absolute__type_support.cpp.o\x1b[0m\n'}
[5.695774] (turtlesim) StdoutLine: {'line': b'[ 38%] \x1b[32mBuilding C object CMakeFiles/turtlesim__rosidl_typesupport_introspection_c.dir/rosidl_typesupport_introspection_c/turtlesim/msg/detail/color__type_support.c.o\x1b[0m\n'}
[5.698776] (turtlesim) StdoutLine: {'line': b'[ 39%] \x1b[32mBuilding CXX object CMakeFiles/turtlesim__rosidl_typesupport_cpp.dir/rosidl_typesupport_cpp/turtlesim/msg/color__type_support.cpp.o\x1b[0m\n'}
[5.709181] (turtlesim) StdoutLine: {'line': b'[ 40%] \x1b[32mBuilding CXX object CMakeFiles/turtlesim__rosidl_typesupport_introspection_cpp.dir/rosidl_typesupport_introspection_cpp/turtlesim/msg/detail/color__type_support.cpp.o\x1b[0m\n'}
[5.721185] (-) TimerEvent: {}
[5.738195] (turtlesim) StdoutLine: {'line': b'[ 41%] \x1b[32mBuilding CXX object CMakeFiles/turtlesim__rosidl_typesupport_introspection_cpp.dir/rosidl_typesupport_introspection_cpp/turtlesim/msg/detail/pose__type_support.cpp.o\x1b[0m\n'}
[5.751126] (turtlesim) StdoutLine: {'line': b'[ 42%] \x1b[32mBuilding CXX object CMakeFiles/turtlesim__rosidl_typesupport_cpp.dir/rosidl_typesupport_cpp/turtlesim/msg/pose__type_support.cpp.o\x1b[0m\n'}
[5.755273] (my_package) StdoutLine: {'line': b'[ 62%] Built target server_doc\n'}
[5.769227] (turtlesim) StdoutLine: {'line': b'[ 43%] \x1b[32mBuilding CXX object CMakeFiles/turtlesim__rosidl_typesupport_introspection_cpp.dir/rosidl_typesupport_introspection_cpp/turtlesim/srv/detail/kill__type_support.cpp.o\x1b[0m\n'}
[5.778450] (turtlesim) StdoutLine: {'line': b'[ 44%] \x1b[32mBuilding C object CMakeFiles/turtlesim__rosidl_typesupport_introspection_c.dir/rosidl_typesupport_introspection_c/turtlesim/msg/detail/pose__type_support.c.o\x1b[0m\n'}
[5.789631] (turtlesim) StdoutLine: {'line': b'[ 45%] \x1b[32mBuilding C object CMakeFiles/turtlesim__rosidl_typesupport_introspection_c.dir/rosidl_typesupport_introspection_c/turtlesim/srv/detail/kill__type_support.c.o\x1b[0m\n'}
[5.817243] (turtlesim) StdoutLine: {'line': b'[ 46%] \x1b[32mBuilding CXX object CMakeFiles/turtlesim__rosidl_typesupport_fastrtps_cpp.dir/rosidl_typesupport_fastrtps_cpp/turtlesim/action/detail/dds_fastrtps/rotate_absolute__type_support.cpp.o\x1b[0m\n'}
[5.821324] (-) TimerEvent: {}
[5.830164] (turtlesim) StdoutLine: {'line': b'[ 47%] \x1b[32mBuilding CXX object CMakeFiles/turtlesim__rosidl_typesupport_fastrtps_cpp.dir/rosidl_typesupport_fastrtps_cpp/turtlesim/msg/detail/dds_fastrtps/color__type_support.cpp.o\x1b[0m\n'}
[5.853376] (turtlesim) StdoutLine: {'line': b'[ 48%] \x1b[32mBuilding C object CMakeFiles/turtlesim__rosidl_typesupport_introspection_c.dir/rosidl_typesupport_introspection_c/turtlesim/srv/detail/set_pen__type_support.c.o\x1b[0m\n'}
[5.917716] (turtlesim) StdoutLine: {'line': b'[ 49%] \x1b[32mBuilding CXX object CMakeFiles/turtlesim__rosidl_typesupport_introspection_cpp.dir/rosidl_typesupport_introspection_cpp/turtlesim/srv/detail/set_pen__type_support.cpp.o\x1b[0m\n'}
[5.921445] (-) TimerEvent: {}
[5.961505] (turtlesim) StdoutLine: {'line': b'[ 50%] \x1b[32mBuilding C object CMakeFiles/turtlesim__rosidl_typesupport_introspection_c.dir/rosidl_typesupport_introspection_c/turtlesim/srv/detail/spawn__type_support.c.o\x1b[0m\n'}
[6.012234] (turtlesim) StdoutLine: {'line': b'[ 51%] \x1b[32m\x1b[1mLinking CXX shared library libturtlesim__rosidl_typesupport_fastrtps_c.so\x1b[0m\n'}
[6.021580] (-) TimerEvent: {}
[6.072237] (turtlesim) StdoutLine: {'line': b'[ 52%] \x1b[32mBuilding C object CMakeFiles/turtlesim__rosidl_typesupport_introspection_c.dir/rosidl_typesupport_introspection_c/turtlesim/srv/detail/teleport_absolute__type_support.c.o\x1b[0m\n'}
[6.121727] (-) TimerEvent: {}
[6.144223] (turtlesim) StdoutLine: {'line': b'[ 53%] \x1b[32mBuilding CXX object CMakeFiles/turtlesim__rosidl_typesupport_introspection_cpp.dir/rosidl_typesupport_introspection_cpp/turtlesim/srv/detail/spawn__type_support.cpp.o\x1b[0m\n'}
[6.186474] (turtlesim) StdoutLine: {'line': b'[ 54%] \x1b[32mBuilding CXX object CMakeFiles/turtlesim__rosidl_typesupport_fastrtps_cpp.dir/rosidl_typesupport_fastrtps_cpp/turtlesim/msg/detail/dds_fastrtps/pose__type_support.cpp.o\x1b[0m\n'}
[6.190213] (turtlesim) StdoutLine: {'line': b'[ 55%] \x1b[32mBuilding C object CMakeFiles/turtlesim__rosidl_typesupport_introspection_c.dir/rosidl_typesupport_introspection_c/turtlesim/srv/detail/teleport_relative__type_support.c.o\x1b[0m\n'}
[6.221857] (-) TimerEvent: {}
[6.246264] (turtlesim) StdoutLine: {'line': b'[ 56%] \x1b[32mBuilding CXX object CMakeFiles/turtlesim__rosidl_typesupport_cpp.dir/rosidl_typesupport_cpp/turtlesim/srv/kill__type_support.cpp.o\x1b[0m\n'}
[6.277343] (turtlesim) StdoutLine: {'line': b'[ 57%] \x1b[32m\x1b[1mLinking C shared library libturtlesim__rosidl_typesupport_introspection_c.so\x1b[0m\n'}
[6.293756] (turtlesim) StdoutLine: {'line': b'[ 57%] Built target turtlesim__rosidl_typesupport_fastrtps_c\n'}
[6.320523] (turtlesim) StdoutLine: {'line': b'[ 58%] \x1b[32mBuilding CXX object CMakeFiles/turtlesim__rosidl_typesupport_cpp.dir/rosidl_typesupport_cpp/turtlesim/srv/set_pen__type_support.cpp.o\x1b[0m\n'}
[6.321984] (-) TimerEvent: {}
[6.343671] (turtlesim) StdoutLine: {'line': b'[ 59%] \x1b[32mBuilding CXX object CMakeFiles/turtlesim__rosidl_typesupport_cpp.dir/rosidl_typesupport_cpp/turtlesim/srv/spawn__type_support.cpp.o\x1b[0m\n'}
[6.357281] (turtlesim) StdoutLine: {'line': b'[ 59%] Built target turtlesim__rosidl_typesupport_introspection_c\n'}
[6.379881] (turtlesim) StdoutLine: {'line': b'[ 60%] \x1b[32mBuilding CXX object CMakeFiles/turtlesim__rosidl_typesupport_cpp.dir/rosidl_typesupport_cpp/turtlesim/srv/teleport_absolute__type_support.cpp.o\x1b[0m\n'}
[6.411088] (turtlesim) StdoutLine: {'line': b'[ 61%] \x1b[32mBuilding CXX object CMakeFiles/turtlesim__rosidl_typesupport_fastrtps_cpp.dir/rosidl_typesupport_fastrtps_cpp/turtlesim/srv/detail/dds_fastrtps/kill__type_support.cpp.o\x1b[0m\n'}
[6.422122] (-) TimerEvent: {}
[6.522509] (-) TimerEvent: {}
[6.612326] (turtlesim) StdoutLine: {'line': b'[ 62%] \x1b[32mBuilding CXX object CMakeFiles/turtlesim__rosidl_typesupport_fastrtps_cpp.dir/rosidl_typesupport_fastrtps_cpp/turtlesim/srv/detail/dds_fastrtps/set_pen__type_support.cpp.o\x1b[0m\n'}
[6.616223] (turtlesim) StdoutLine: {'line': b'[ 63%] \x1b[32mBuilding CXX object CMakeFiles/turtlesim__rosidl_typesupport_cpp.dir/rosidl_typesupport_cpp/turtlesim/srv/teleport_relative__type_support.cpp.o\x1b[0m\n'}
[6.624151] (-) TimerEvent: {}
[6.646158] (my_package) StdoutLine: {'line': b'[ 75%] \x1b[32m\x1b[1mLinking CXX executable client_doc\x1b[0m\n'}
[6.714075] (turtlesim) StdoutLine: {'line': b'[ 64%] \x1b[32mBuilding CXX object CMakeFiles/turtlesim__rosidl_typesupport_introspection_cpp.dir/rosidl_typesupport_introspection_cpp/turtlesim/srv/detail/teleport_absolute__type_support.cpp.o\x1b[0m\n'}
[6.716165] (turtlesim) StdoutLine: {'line': b'[ 65%] \x1b[32mBuilding CXX object CMakeFiles/turtlesim__rosidl_typesupport_fastrtps_cpp.dir/rosidl_typesupport_fastrtps_cpp/turtlesim/srv/detail/dds_fastrtps/spawn__type_support.cpp.o\x1b[0m\n'}
[6.725300] (-) TimerEvent: {}
[6.731210] (turtlesim) StdoutLine: {'line': b'[ 66%] \x1b[32mBuilding CXX object CMakeFiles/turtlesim__rosidl_typesupport_fastrtps_cpp.dir/rosidl_typesupport_fastrtps_cpp/turtlesim/srv/detail/dds_fastrtps/teleport_absolute__type_support.cpp.o\x1b[0m\n'}
[6.785671] (turtlesim) StdoutLine: {'line': b'[ 67%] \x1b[32mBuilding CXX object CMakeFiles/turtlesim__rosidl_typesupport_fastrtps_cpp.dir/rosidl_typesupport_fastrtps_cpp/turtlesim/srv/detail/dds_fastrtps/teleport_relative__type_support.cpp.o\x1b[0m\n'}
[6.824329] (turtlesim) StdoutLine: {'line': b'[ 68%] \x1b[32mBuilding CXX object CMakeFiles/turtlesim__rosidl_typesupport_introspection_cpp.dir/rosidl_typesupport_introspection_cpp/turtlesim/srv/detail/teleport_relative__type_support.cpp.o\x1b[0m\n'}
[6.825411] (-) TimerEvent: {}
[6.925824] (-) TimerEvent: {}
[6.944915] (my_package) StdoutLine: {'line': b'[ 75%] Built target client_doc\n'}
[7.023494] (turtlesim) StdoutLine: {'line': b'[ 69%] \x1b[32m\x1b[1mLinking CXX shared library libturtlesim__rosidl_typesupport_cpp.so\x1b[0m\n'}
[7.025975] (-) TimerEvent: {}
[7.080324] (turtlesim) StdoutLine: {'line': b'[ 69%] Built target turtlesim__rosidl_typesupport_cpp\n'}
[7.097443] (turtlesim) StdoutLine: {'line': b'[ 70%] \x1b[34m\x1b[1mGenerating include/turtlesim/moc_turtle_frame.cpp\x1b[0m\n'}
[7.107041] (turtlesim) StdoutLine: {'line': b'[ 72%] \x1b[32mBuilding CXX object CMakeFiles/mimic.dir/tutorials/mimic.cpp.o\x1b[0m\n'}
[7.107327] (turtlesim) StdoutLine: {'line': b'[ 72%] \x1b[32mBuilding CXX object CMakeFiles/turtle_teleop_key.dir/tutorials/teleop_turtle_key.cpp.o\x1b[0m\n'}
[7.109162] (turtlesim) StdoutLine: {'line': b'[ 73%] \x1b[32mBuilding CXX object CMakeFiles/draw_square.dir/tutorials/draw_square.cpp.o\x1b[0m\n'}
[7.120642] (my_package) StdoutLine: {'line': b'[ 87%] \x1b[32m\x1b[1mLinking CXX executable talker\x1b[0m\n'}
[7.128176] (-) TimerEvent: {}
[7.205280] (turtlesim) StdoutLine: {'line': b'[ 74%] \x1b[32mBuilding CXX object CMakeFiles/turtlesim_node.dir/src/turtlesim.cpp.o\x1b[0m\n'}
[7.207456] (turtlesim) StdoutLine: {'line': b'[ 75%] \x1b[32mBuilding CXX object CMakeFiles/turtlesim_node.dir/src/turtle.cpp.o\x1b[0m\n'}
[7.213207] (turtlesim) StdoutLine: {'line': b'[ 76%] \x1b[32mBuilding CXX object CMakeFiles/turtlesim_node.dir/src/turtle_frame.cpp.o\x1b[0m\n'}
[7.228314] (-) TimerEvent: {}
[7.242941] (turtlesim) StdoutLine: {'line': b'[ 77%] \x1b[32mBuilding CXX object CMakeFiles/turtlesim_node.dir/include/turtlesim/moc_turtle_frame.cpp.o\x1b[0m\n'}
[7.290234] (turtlesim) StdoutLine: {'line': b'[ 78%] \x1b[32m\x1b[1mLinking CXX shared library libturtlesim__rosidl_typesupport_fastrtps_cpp.so\x1b[0m\n'}
[7.328472] (-) TimerEvent: {}
[7.379180] (turtlesim) StdoutLine: {'line': b'[ 79%] \x1b[32m\x1b[1mLinking CXX shared library libturtlesim__rosidl_typesupport_introspection_cpp.so\x1b[0m\n'}
[7.385024] (my_package) StdoutLine: {'line': b'[ 87%] Built target talker\n'}
[7.395986] (turtlesim) StdoutLine: {'line': b'[ 79%] Built target turtlesim__rosidl_typesupport_fastrtps_cpp\n'}
[7.428587] (-) TimerEvent: {}
[7.483185] (turtlesim) StdoutLine: {'line': b'[ 79%] Built target turtlesim__rosidl_typesupport_introspection_cpp\n'}
[7.502638] (turtlesim) StdoutLine: {'line': b'[ 79%] Built target turtlesim\n'}
[7.526084] (turtlesim) StdoutLine: {'line': b'[ 80%] \x1b[34m\x1b[1mGenerating Python code for ROS interfaces\x1b[0m\n'}
[7.528708] (-) TimerEvent: {}
[7.629045] (-) TimerEvent: {}
[7.729424] (-) TimerEvent: {}
[7.829760] (-) TimerEvent: {}
[7.930080] (-) TimerEvent: {}
[8.030429] (-) TimerEvent: {}
[8.130784] (-) TimerEvent: {}
[8.231135] (-) TimerEvent: {}
[8.331493] (-) TimerEvent: {}
[8.431871] (-) TimerEvent: {}
[8.532225] (-) TimerEvent: {}
[8.632557] (-) TimerEvent: {}
[8.732900] (-) TimerEvent: {}
[8.833250] (-) TimerEvent: {}
[8.933623] (-) TimerEvent: {}
[9.033981] (-) TimerEvent: {}
[9.134354] (-) TimerEvent: {}
[9.234699] (-) TimerEvent: {}
[9.335044] (-) TimerEvent: {}
[9.435384] (-) TimerEvent: {}
[9.535747] (-) TimerEvent: {}
[9.638302] (-) TimerEvent: {}
[9.678846] (turtlesim) StdoutLine: {'line': b'[ 80%] Built target turtlesim__py\n'}
[9.704038] (turtlesim) StdoutLine: {'line': b'[ 83%] \x1b[32mBuilding C object CMakeFiles/turtlesim__rosidl_generator_py.dir/rosidl_generator_py/turtlesim/msg/_pose_s.c.o\x1b[0m\n'}
[9.704287] (turtlesim) StdoutLine: {'line': b'[ 83%] \x1b[32mBuilding C object CMakeFiles/turtlesim__rosidl_generator_py.dir/rosidl_generator_py/turtlesim/action/_rotate_absolute_s.c.o\x1b[0m\n'}
[9.704384] (turtlesim) StdoutLine: {'line': b'[ 83%] \x1b[32mBuilding C object CMakeFiles/turtlesim__rosidl_generator_py.dir/rosidl_generator_py/turtlesim/msg/_color_s.c.o\x1b[0m\n'}
[9.704495] (turtlesim) StdoutLine: {'line': b'[ 84%] \x1b[32mBuilding C object CMakeFiles/turtlesim__rosidl_generator_py.dir/rosidl_generator_py/turtlesim/srv/_set_pen_s.c.o\x1b[0m\n'}
[9.718256] (turtlesim) StdoutLine: {'line': b'[ 85%] \x1b[32mBuilding C object CMakeFiles/turtlesim__rosidl_generator_py.dir/rosidl_generator_py/turtlesim/srv/_kill_s.c.o\x1b[0m\n'}
[9.738425] (-) TimerEvent: {}
[9.838821] (-) TimerEvent: {}
[9.840315] (turtlesim) StdoutLine: {'line': b'[ 86%] \x1b[32mBuilding C object CMakeFiles/turtlesim__rosidl_generator_py.dir/rosidl_generator_py/turtlesim/srv/_spawn_s.c.o\x1b[0m\n'}
[9.843385] (turtlesim) StdoutLine: {'line': b'[ 87%] \x1b[32mBuilding C object CMakeFiles/turtlesim__rosidl_generator_py.dir/rosidl_generator_py/turtlesim/srv/_teleport_absolute_s.c.o\x1b[0m\n'}
[9.872266] (turtlesim) StdoutLine: {'line': b'[ 88%] \x1b[32mBuilding C object CMakeFiles/turtlesim__rosidl_generator_py.dir/rosidl_generator_py/turtlesim/srv/_teleport_relative_s.c.o\x1b[0m\n'}
[9.938959] (-) TimerEvent: {}
[10.011014] (turtlesim) StdoutLine: {'line': b'[ 89%] \x1b[32m\x1b[1mLinking C shared library rosidl_generator_py/turtlesim/libturtlesim__rosidl_generator_py.so\x1b[0m\n'}
[10.039118] (-) TimerEvent: {}
[10.068273] (turtlesim) StdoutLine: {'line': b'[ 89%] Built target turtlesim__rosidl_generator_py\n'}
[10.093927] (turtlesim) StdoutLine: {'line': b'[ 91%] \x1b[32mBuilding C object CMakeFiles/turtlesim__rosidl_typesupport_fastrtps_c__pyext.dir/rosidl_generator_py/turtlesim/_turtlesim_s.ep.rosidl_typesupport_fastrtps_c.c.o\x1b[0m\n'}
[10.094173] (turtlesim) StdoutLine: {'line': b'[ 91%] \x1b[32mBuilding C object CMakeFiles/turtlesim__rosidl_typesupport_introspection_c__pyext.dir/rosidl_generator_py/turtlesim/_turtlesim_s.ep.rosidl_typesupport_introspection_c.c.o\x1b[0m\n'}
[10.096898] (turtlesim) StdoutLine: {'line': b'[ 92%] \x1b[32mBuilding C object CMakeFiles/turtlesim__rosidl_typesupport_c__pyext.dir/rosidl_generator_py/turtlesim/_turtlesim_s.ep.rosidl_typesupport_c.c.o\x1b[0m\n'}
[10.140547] (-) TimerEvent: {}
[10.242687] (-) TimerEvent: {}
[10.304984] (turtlesim) StdoutLine: {'line': b'[ 94%] \x1b[32m\x1b[1mLinking C shared library rosidl_generator_py/turtlesim/turtlesim_s__rosidl_typesupport_fastrtps_c.cpython-310-x86_64-linux-gnu.so\x1b[0m\n'}
[10.305253] (turtlesim) StdoutLine: {'line': b'[ 94%] \x1b[32m\x1b[1mLinking C shared library rosidl_generator_py/turtlesim/turtlesim_s__rosidl_typesupport_introspection_c.cpython-310-x86_64-linux-gnu.so\x1b[0m\n'}
[10.309279] (turtlesim) StdoutLine: {'line': b'[ 95%] \x1b[32m\x1b[1mLinking C shared library rosidl_generator_py/turtlesim/turtlesim_s__rosidl_typesupport_c.cpython-310-x86_64-linux-gnu.so\x1b[0m\n'}
[10.343193] (-) TimerEvent: {}
[10.356085] (turtlesim) StdoutLine: {'line': b'[ 95%] Built target turtlesim__rosidl_typesupport_introspection_c__pyext\n'}
[10.356350] (turtlesim) StdoutLine: {'line': b'[ 95%] Built target turtlesim__rosidl_typesupport_fastrtps_c__pyext\n'}
[10.360973] (turtlesim) StdoutLine: {'line': b'[ 95%] Built target turtlesim__rosidl_typesupport_c__pyext\n'}
[10.443318] (-) TimerEvent: {}
[10.543695] (-) TimerEvent: {}
[10.644051] (-) TimerEvent: {}
[10.744498] (-) TimerEvent: {}
[10.844884] (-) TimerEvent: {}
[10.945262] (-) TimerEvent: {}
[11.045637] (-) TimerEvent: {}
[11.146003] (-) TimerEvent: {}
[11.246964] (-) TimerEvent: {}
[11.347412] (-) TimerEvent: {}
[11.419582] (my_package) StdoutLine: {'line': b'[100%] \x1b[32m\x1b[1mLinking CXX executable listener\x1b[0m\n'}
[11.448301] (-) TimerEvent: {}
[11.548876] (-) TimerEvent: {}
[11.649324] (-) TimerEvent: {}
[11.749741] (-) TimerEvent: {}
[11.839684] (my_package) StdoutLine: {'line': b'[100%] Built target listener\n'}
[11.849858] (-) TimerEvent: {}
[11.850678] (my_package) CommandEnded: {'returncode': 0}
[11.851403] (my_package) JobProgress: {'identifier': 'my_package', 'progress': 'install'}
[11.851672] (my_package) Command: {'cmd': ['/usr/bin/cmake', '--install', '/home/samiksha/ros2_ws/build/my_package'], 'cwd': '/home/samiksha/ros2_ws/build/my_package', 'env': OrderedDict([('LESSOPEN', '| /usr/bin/lesspipe %s'), ('LANGUAGE', 'en_IN:en'), ('USER', 'samiksha'), ('XDG_SESSION_TYPE', 'wayland'), ('SHLVL', '1'), ('LD_LIBRARY_PATH', '/home/samiksha/ros2_ws/install/custom_interfaces/lib:/home/samiksha/ros2_ws/install/turtlesim/lib:/opt/ros/humble/opt/rviz_ogre_vendor/lib:/opt/ros/humble/lib/x86_64-linux-gnu:/opt/ros/humble/lib'), ('HOME', '/home/samiksha'), ('OLDPWD', '/home/samiksha/ros2_ws'), ('DESKTOP_SESSION', 'ubuntu'), ('ROS_PYTHON_VERSION', '3'), ('GNOME_SHELL_SESSION_MODE', 'ubuntu'), ('GTK_MODULES', 'gail:atk-bridge'), ('SYSTEMD_EXEC_PID', '1661'), ('DBUS_SESSION_BUS_ADDRESS', 'unix:path=/run/user/1000/bus'), ('COLORTERM', 'truecolor'), ('_colcon_cd_root', '/opt/ros/humble/'), ('IM_CONFIG_PHASE', '1'), ('WAYLAND_DISPLAY', 'wayland-0'), ('COLCON_PREFIX_PATH', '/home/samiksha/ros2_ws/install'), ('ROS_DISTRO', 'humble'), ('LOGNAME', 'samiksha'), ('_', '/usr/bin/colcon'), ('ROS_VERSION', '2'), ('XDG_SESSION_CLASS', 'user'), ('USERNAME', 'samiksha'), ('TERM', 'xterm-256color'), ('GNOME_DESKTOP_SESSION_ID', 'this-is-deprecated'), ('ROS_LOCALHOST_ONLY', '0'), ('PATH', '/opt/ros/humble/bin:/home/samiksha/.local/bin:/usr/local/sbin:/usr/local/bin:/usr/sbin:/usr/bin:/sbin:/bin:/usr/games:/usr/local/games:/snap/bin:/snap/bin'), ('SESSION_MANAGER', 'local/samiksha-Victus-by-HP-Gaming-Laptop-15-fa1xxx:@/tmp/.ICE-unix/1629,unix/samiksha-Victus-by-HP-Gaming-Laptop-15-fa1xxx:/tmp/.ICE-unix/1629'), ('XDG_MENU_PREFIX', 'gnome-'), ('GNOME_TERMINAL_SCREEN', '/org/gnome/Terminal/screen/0f748237_c90d_4194_987b_b5133b9fa0a2'), ('GNOME_SETUP_DISPLAY', ':1'), ('XDG_RUNTIME_DIR', '/run/user/1000'), ('DISPLAY', ':0'), ('LANG', 'en_US.UTF-8'), ('XDG_CURRENT_DESKTOP', 'ubuntu:GNOME'), ('XMODIFIERS', '@im=ibus'), ('XDG_SESSION_DESKTOP', 'ubuntu'), ('XAUTHORITY', '/run/user/1000/.mutter-Xwaylandauth.Z1P802'), ('LS_COLORS', 'rs=0:di=01;34:ln=01;36:mh=00:pi=40;33:so=01;35:do=01;35:bd=40;33;01:cd=40;33;01:or=40;31;01:mi=00:su=37;41:sg=30;43:ca=30;41:tw=30;42:ow=34;42:st=37;44:ex=01;32:*.tar=01;31:*.tgz=01;31:*.arc=01;31:*.arj=01;31:*.taz=01;31:*.lha=01;31:*.lz4=01;31:*.lzh=01;31:*.lzma=01;31:*.tlz=01;31:*.txz=01;31:*.tzo=01;31:*.t7z=01;31:*.zip=01;31:*.z=01;31:*.dz=01;31:*.gz=01;31:*.lrz=01;31:*.lz=01;31:*.lzo=01;31:*.xz=01;31:*.zst=01;31:*.tzst=01;31:*.bz2=01;31:*.bz=01;31:*.tbz=01;31:*.tbz2=01;31:*.tz=01;31:*.deb=01;31:*.rpm=01;31:*.jar=01;31:*.war=01;31:*.ear=01;31:*.sar=01;31:*.rar=01;31:*.alz=01;31:*.ace=01;31:*.zoo=01;31:*.cpio=01;31:*.7z=01;31:*.rz=01;31:*.cab=01;31:*.wim=01;31:*.swm=01;31:*.dwm=01;31:*.esd=01;31:*.jpg=01;35:*.jpeg=01;35:*.mjpg=01;35:*.mjpeg=01;35:*.gif=01;35:*.bmp=01;35:*.pbm=01;35:*.pgm=01;35:*.ppm=01;35:*.tga=01;35:*.xbm=01;35:*.xpm=01;35:*.tif=01;35:*.tiff=01;35:*.png=01;35:*.svg=01;35:*.svgz=01;35:*.mng=01;35:*.pcx=01;35:*.mov=01;35:*.mpg=01;35:*.mpeg=01;35:*.m2v=01;35:*.mkv=01;35:*.webm=01;35:*.webp=01;35:*.ogm=01;35:*.mp4=01;35:*.m4v=01;35:*.mp4v=01;35:*.vob=01;35:*.qt=01;35:*.nuv=01;35:*.wmv=01;35:*.asf=01;35:*.rm=01;35:*.rmvb=01;35:*.flc=01;35:*.avi=01;35:*.fli=01;35:*.flv=01;35:*.gl=01;35:*.dl=01;35:*.xcf=01;35:*.xwd=01;35:*.yuv=01;35:*.cgm=01;35:*.emf=01;35:*.ogv=01;35:*.ogx=01;35:*.aac=00;36:*.au=00;36:*.flac=00;36:*.m4a=00;36:*.mid=00;36:*.midi=00;36:*.mka=00;36:*.mp3=00;36:*.mpc=00;36:*.ogg=00;36:*.ra=00;36:*.wav=00;36:*.oga=00;36:*.opus=00;36:*.spx=00;36:*.xspf=00;36:'), ('GNOME_TERMINAL_SERVICE', ':1.118'), ('SSH_AGENT_LAUNCHER', 'gnome-keyring'), ('SSH_AUTH_SOCK', '/run/user/1000/keyring/ssh'), ('AMENT_PREFIX_PATH', '/home/samiksha/ros2_ws/install/custom_interfaces:/home/samiksha/ros2_ws/install/turtlesim:/home/samiksha/ros2_ws/install/task_controller:/home/samiksha/ros2_ws/install/my_package:/opt/ros/humble'), ('SHELL', '/bin/bash'), ('QT_ACCESSIBILITY', '1'), ('GDMSESSION', 'ubuntu'), ('LESSCLOSE', '/usr/bin/lesspipe %s %s'), ('QT_IM_MODULE', 'ibus'), ('PWD', '/home/samiksha/ros2_ws/build/my_package'), ('LC_ALL', 'en_US.UTF-8'), ('XDG_CONFIG_DIRS', '/etc/xdg/xdg-ubuntu:/etc/xdg'), ('XDG_DATA_DIRS', '/usr/share/ubuntu:/usr/local/share/:/usr/share/:/var/lib/snapd/desktop'), ('PYTHONPATH', '/home/samiksha/ros2_ws/install/custom_interfaces/local/lib/python3.10/dist-packages:/home/samiksha/ros2_ws/install/turtlesim/local/lib/python3.10/dist-packages:/home/samiksha/ros2_ws/build/task_controller:/home/samiksha/ros2_ws/install/task_controller/lib/python3.10/site-packages:/opt/ros/humble/lib/python3.10/site-packages:/opt/ros/humble/local/lib/python3.10/dist-packages'), ('COLCON', '1'), ('VTE_VERSION', '6800'), ('CMAKE_PREFIX_PATH', '/home/samiksha/ros2_ws/install/my_package:/home/samiksha/ros2_ws/install/custom_interfaces:/home/samiksha/ros2_ws/install/turtlesim:/home/samiksha/ros2_ws/install/task_controller:/opt/ros/humble')]), 'shell': False}
[11.861821] (my_package) StdoutLine: {'line': b'-- Install configuration: ""\n'}
[11.862049] (my_package) StdoutLine: {'line': b'-- Installing: /home/samiksha/ros2_ws/install/my_package/lib/my_package/talker\n'}
[11.862803] (my_package) StdoutLine: {'line': b'-- Set runtime path of "/home/samiksha/ros2_ws/install/my_package/lib/my_package/talker" to ""\n'}
[11.862940] (my_package) StdoutLine: {'line': b'-- Installing: /home/samiksha/ros2_ws/install/my_package/lib/my_package/listener\n'}
[11.865055] (my_package) StdoutLine: {'line': b'-- Set runtime path of "/home/samiksha/ros2_ws/install/my_package/lib/my_package/listener" to ""\n'}
[11.865297] (my_package) StdoutLine: {'line': b'-- Installing: /home/samiksha/ros2_ws/install/my_package/lib/my_package/server_doc\n'}
[11.865685] (my_package) StdoutLine: {'line': b'-- Set runtime path of "/home/samiksha/ros2_ws/install/my_package/lib/my_package/server_doc" to ""\n'}
[11.865845] (my_package) StdoutLine: {'line': b'-- Installing: /home/samiksha/ros2_ws/install/my_package/lib/my_package/client_doc\n'}
[11.866405] (my_package) StdoutLine: {'line': b'-- Set runtime path of "/home/samiksha/ros2_ws/install/my_package/lib/my_package/client_doc" to ""\n'}
[11.866563] (my_package) StdoutLine: {'line': b'-- Installing: /home/samiksha/ros2_ws/install/my_package/share/ament_index/resource_index/package_run_dependencies/my_package\n'}
[11.866690] (my_package) StdoutLine: {'line': b'-- Installing: /home/samiksha/ros2_ws/install/my_package/share/ament_index/resource_index/parent_prefix_path/my_package\n'}
[11.866825] (my_package) StdoutLine: {'line': b'-- Installing: /home/samiksha/ros2_ws/install/my_package/share/my_package/environment/ament_prefix_path.sh\n'}
[11.866921] (my_package) StdoutLine: {'line': b'-- Installing: /home/samiksha/ros2_ws/install/my_package/share/my_package/environment/ament_prefix_path.dsv\n'}
[11.867020] (my_package) StdoutLine: {'line': b'-- Installing: /home/samiksha/ros2_ws/install/my_package/share/my_package/environment/path.sh\n'}
[11.867169] (my_package) StdoutLine: {'line': b'-- Installing: /home/samiksha/ros2_ws/install/my_package/share/my_package/environment/path.dsv\n'}
[11.867272] (my_package) StdoutLine: {'line': b'-- Installing: /home/samiksha/ros2_ws/install/my_package/share/my_package/local_setup.bash\n'}
[11.867378] (my_package) StdoutLine: {'line': b'-- Installing: /home/samiksha/ros2_ws/install/my_package/share/my_package/local_setup.sh\n'}
[11.867468] (my_package) StdoutLine: {'line': b'-- Installing: /home/samiksha/ros2_ws/install/my_package/share/my_package/local_setup.zsh\n'}
[11.867559] (my_package) StdoutLine: {'line': b'-- Installing: /home/samiksha/ros2_ws/install/my_package/share/my_package/local_setup.dsv\n'}
[11.867643] (my_package) StdoutLine: {'line': b'-- Installing: /home/samiksha/ros2_ws/install/my_package/share/my_package/package.dsv\n'}
[11.867773] (my_package) StdoutLine: {'line': b'-- Installing: /home/samiksha/ros2_ws/install/my_package/share/ament_index/resource_index/packages/my_package\n'}
[11.867884] (my_package) StdoutLine: {'line': b'-- Installing: /home/samiksha/ros2_ws/install/my_package/share/my_package/cmake/my_packageConfig.cmake\n'}
[11.867973] (my_package) StdoutLine: {'line': b'-- Installing: /home/samiksha/ros2_ws/install/my_package/share/my_package/cmake/my_packageConfig-version.cmake\n'}
[11.868058] (my_package) StdoutLine: {'line': b'-- Installing: /home/samiksha/ros2_ws/install/my_package/share/my_package/package.xml\n'}
[11.870366] (my_package) CommandEnded: {'returncode': 0}
[11.879734] (my_package) JobEnded: {'identifier': 'my_package', 'rc': 0}
[11.950037] (-) TimerEvent: {}
[12.050467] (-) TimerEvent: {}
[12.150899] (-) TimerEvent: {}
[12.251268] (-) TimerEvent: {}
[12.351618] (-) TimerEvent: {}
[12.451940] (-) TimerEvent: {}
[12.552268] (-) TimerEvent: {}
[12.652589] (-) TimerEvent: {}
[12.752917] (-) TimerEvent: {}
[12.853256] (-) TimerEvent: {}
[12.953599] (-) TimerEvent: {}
[13.053949] (-) TimerEvent: {}
[13.154293] (-) TimerEvent: {}
[13.254631] (-) TimerEvent: {}
[13.355016] (-) TimerEvent: {}
[13.455352] (-) TimerEvent: {}
[13.555680] (-) TimerEvent: {}
[13.655990] (-) TimerEvent: {}
[13.756352] (-) TimerEvent: {}
[13.844474] (turtlesim) StdoutLine: {'line': b'[ 96%] \x1b[32m\x1b[1mLinking CXX executable turtle_teleop_key\x1b[0m\n'}
[13.856513] (-) TimerEvent: {}
[13.956902] (-) TimerEvent: {}
[14.057247] (-) TimerEvent: {}
[14.062220] (turtlesim) StdoutLine: {'line': b'[ 96%] Built target turtle_teleop_key\n'}
[14.157353] (-) TimerEvent: {}
[14.257739] (-) TimerEvent: {}
[14.358073] (-) TimerEvent: {}
[14.458451] (-) TimerEvent: {}
[14.558892] (-) TimerEvent: {}
[14.659374] (-) TimerEvent: {}
[14.759715] (-) TimerEvent: {}
[14.860125] (-) TimerEvent: {}
[14.960391] (-) TimerEvent: {}
[15.060665] (-) TimerEvent: {}
[15.161049] (-) TimerEvent: {}
[15.261400] (-) TimerEvent: {}
[15.361740] (-) TimerEvent: {}
[15.462126] (-) TimerEvent: {}
[15.562422] (-) TimerEvent: {}
[15.662758] (-) TimerEvent: {}
[15.763113] (-) TimerEvent: {}
[15.818040] (turtlesim) StdoutLine: {'line': b'[ 97%] \x1b[32m\x1b[1mLinking CXX executable mimic\x1b[0m\n'}
[15.863267] (-) TimerEvent: {}
[15.963570] (-) TimerEvent: {}
[16.063892] (-) TimerEvent: {}
[16.123067] (turtlesim) StdoutLine: {'line': b'[ 97%] Built target mimic\n'}
[16.164044] (-) TimerEvent: {}
[16.264441] (-) TimerEvent: {}
[16.364828] (-) TimerEvent: {}
[16.465163] (-) TimerEvent: {}
[16.483224] (turtlesim) StdoutLine: {'line': b'[ 98%] \x1b[32m\x1b[1mLinking CXX executable draw_square\x1b[0m\n'}
[16.565320] (-) TimerEvent: {}
[16.665720] (-) TimerEvent: {}
[16.766147] (-) TimerEvent: {}
[16.797533] (turtlesim) StdoutLine: {'line': b'[ 98%] Built target draw_square\n'}
[16.866374] (-) TimerEvent: {}
[16.966761] (-) TimerEvent: {}
[17.067138] (-) TimerEvent: {}
[17.167510] (-) TimerEvent: {}
[17.267881] (-) TimerEvent: {}
[17.368161] (-) TimerEvent: {}
[17.468531] (-) TimerEvent: {}
[17.568908] (-) TimerEvent: {}
[17.669285] (-) TimerEvent: {}
[17.769661] (-) TimerEvent: {}
[17.870028] (-) TimerEvent: {}
[17.970408] (-) TimerEvent: {}
[18.070777] (-) TimerEvent: {}
[18.171155] (-) TimerEvent: {}
[18.271531] (-) TimerEvent: {}
[18.371820] (-) TimerEvent: {}
[18.472208] (-) TimerEvent: {}
[18.572477] (-) TimerEvent: {}
[18.672863] (-) TimerEvent: {}
[18.773268] (-) TimerEvent: {}
[18.853541] (turtlesim) StdoutLine: {'line': b'[100%] \x1b[32m\x1b[1mLinking CXX executable turtlesim_node\x1b[0m\n'}
[18.873370] (-) TimerEvent: {}
[18.973777] (-) TimerEvent: {}
[19.074222] (-) TimerEvent: {}
[19.174692] (-) TimerEvent: {}
[19.275180] (-) TimerEvent: {}
[19.375674] (-) TimerEvent: {}
[19.476154] (-) TimerEvent: {}
[19.576638] (-) TimerEvent: {}
[19.677089] (-) TimerEvent: {}
[19.777586] (-) TimerEvent: {}
[19.878040] (-) TimerEvent: {}
[19.978468] (-) TimerEvent: {}
[20.078942] (-) TimerEvent: {}
[20.179347] (-) TimerEvent: {}
[20.233786] (turtlesim) StdoutLine: {'line': b'[100%] Built target turtlesim_node\n'}
[20.243016] (turtlesim) CommandEnded: {'returncode': 0}
[20.243857] (turtlesim) JobProgress: {'identifier': 'turtlesim', 'progress': 'install'}
[20.243929] (turtlesim) Command: {'cmd': ['/usr/bin/cmake', '--install', '/home/samiksha/ros2_ws/build/turtlesim'], 'cwd': '/home/samiksha/ros2_ws/build/turtlesim', 'env': OrderedDict([('LESSOPEN', '| /usr/bin/lesspipe %s'), ('LANGUAGE', 'en_IN:en'), ('USER', 'samiksha'), ('XDG_SESSION_TYPE', 'wayland'), ('SHLVL', '1'), ('LD_LIBRARY_PATH', '/home/samiksha/ros2_ws/install/custom_interfaces/lib:/home/samiksha/ros2_ws/install/turtlesim/lib:/opt/ros/humble/opt/rviz_ogre_vendor/lib:/opt/ros/humble/lib/x86_64-linux-gnu:/opt/ros/humble/lib'), ('HOME', '/home/samiksha'), ('OLDPWD', '/home/samiksha/ros2_ws'), ('DESKTOP_SESSION', 'ubuntu'), ('ROS_PYTHON_VERSION', '3'), ('GNOME_SHELL_SESSION_MODE', 'ubuntu'), ('GTK_MODULES', 'gail:atk-bridge'), ('SYSTEMD_EXEC_PID', '1661'), ('DBUS_SESSION_BUS_ADDRESS', 'unix:path=/run/user/1000/bus'), ('COLORTERM', 'truecolor'), ('_colcon_cd_root', '/opt/ros/humble/'), ('IM_CONFIG_PHASE', '1'), ('WAYLAND_DISPLAY', 'wayland-0'), ('COLCON_PREFIX_PATH', '/home/samiksha/ros2_ws/install'), ('ROS_DISTRO', 'humble'), ('LOGNAME', 'samiksha'), ('_', '/usr/bin/colcon'), ('ROS_VERSION', '2'), ('XDG_SESSION_CLASS', 'user'), ('USERNAME', 'samiksha'), ('TERM', 'xterm-256color'), ('GNOME_DESKTOP_SESSION_ID', 'this-is-deprecated'), ('ROS_LOCALHOST_ONLY', '0'), ('PATH', '/opt/ros/humble/bin:/home/samiksha/.local/bin:/usr/local/sbin:/usr/local/bin:/usr/sbin:/usr/bin:/sbin:/bin:/usr/games:/usr/local/games:/snap/bin:/snap/bin'), ('SESSION_MANAGER', 'local/samiksha-Victus-by-HP-Gaming-Laptop-15-fa1xxx:@/tmp/.ICE-unix/1629,unix/samiksha-Victus-by-HP-Gaming-Laptop-15-fa1xxx:/tmp/.ICE-unix/1629'), ('XDG_MENU_PREFIX', 'gnome-'), ('GNOME_TERMINAL_SCREEN', '/org/gnome/Terminal/screen/0f748237_c90d_4194_987b_b5133b9fa0a2'), ('GNOME_SETUP_DISPLAY', ':1'), ('XDG_RUNTIME_DIR', '/run/user/1000'), ('DISPLAY', ':0'), ('LANG', 'en_US.UTF-8'), ('XDG_CURRENT_DESKTOP', 'ubuntu:GNOME'), ('XMODIFIERS', '@im=ibus'), ('XDG_SESSION_DESKTOP', 'ubuntu'), ('XAUTHORITY', '/run/user/1000/.mutter-Xwaylandauth.Z1P802'), ('LS_COLORS', 'rs=0:di=01;34:ln=01;36:mh=00:pi=40;33:so=01;35:do=01;35:bd=40;33;01:cd=40;33;01:or=40;31;01:mi=00:su=37;41:sg=30;43:ca=30;41:tw=30;42:ow=34;42:st=37;44:ex=01;32:*.tar=01;31:*.tgz=01;31:*.arc=01;31:*.arj=01;31:*.taz=01;31:*.lha=01;31:*.lz4=01;31:*.lzh=01;31:*.lzma=01;31:*.tlz=01;31:*.txz=01;31:*.tzo=01;31:*.t7z=01;31:*.zip=01;31:*.z=01;31:*.dz=01;31:*.gz=01;31:*.lrz=01;31:*.lz=01;31:*.lzo=01;31:*.xz=01;31:*.zst=01;31:*.tzst=01;31:*.bz2=01;31:*.bz=01;31:*.tbz=01;31:*.tbz2=01;31:*.tz=01;31:*.deb=01;31:*.rpm=01;31:*.jar=01;31:*.war=01;31:*.ear=01;31:*.sar=01;31:*.rar=01;31:*.alz=01;31:*.ace=01;31:*.zoo=01;31:*.cpio=01;31:*.7z=01;31:*.rz=01;31:*.cab=01;31:*.wim=01;31:*.swm=01;31:*.dwm=01;31:*.esd=01;31:*.jpg=01;35:*.jpeg=01;35:*.mjpg=01;35:*.mjpeg=01;35:*.gif=01;35:*.bmp=01;35:*.pbm=01;35:*.pgm=01;35:*.ppm=01;35:*.tga=01;35:*.xbm=01;35:*.xpm=01;35:*.tif=01;35:*.tiff=01;35:*.png=01;35:*.svg=01;35:*.svgz=01;35:*.mng=01;35:*.pcx=01;35:*.mov=01;35:*.mpg=01;35:*.mpeg=01;35:*.m2v=01;35:*.mkv=01;35:*.webm=01;35:*.webp=01;35:*.ogm=01;35:*.mp4=01;35:*.m4v=01;35:*.mp4v=01;35:*.vob=01;35:*.qt=01;35:*.nuv=01;35:*.wmv=01;35:*.asf=01;35:*.rm=01;35:*.rmvb=01;35:*.flc=01;35:*.avi=01;35:*.fli=01;35:*.flv=01;35:*.gl=01;35:*.dl=01;35:*.xcf=01;35:*.xwd=01;35:*.yuv=01;35:*.cgm=01;35:*.emf=01;35:*.ogv=01;35:*.ogx=01;35:*.aac=00;36:*.au=00;36:*.flac=00;36:*.m4a=00;36:*.mid=00;36:*.midi=00;36:*.mka=00;36:*.mp3=00;36:*.mpc=00;36:*.ogg=00;36:*.ra=00;36:*.wav=00;36:*.oga=00;36:*.opus=00;36:*.spx=00;36:*.xspf=00;36:'), ('GNOME_TERMINAL_SERVICE', ':1.118'), ('SSH_AGENT_LAUNCHER', 'gnome-keyring'), ('SSH_AUTH_SOCK', '/run/user/1000/keyring/ssh'), ('AMENT_PREFIX_PATH', '/home/samiksha/ros2_ws/install/custom_interfaces:/home/samiksha/ros2_ws/install/turtlesim:/home/samiksha/ros2_ws/install/task_controller:/home/samiksha/ros2_ws/install/my_package:/opt/ros/humble'), ('SHELL', '/bin/bash'), ('QT_ACCESSIBILITY', '1'), ('GDMSESSION', 'ubuntu'), ('LESSCLOSE', '/usr/bin/lesspipe %s %s'), ('QT_IM_MODULE', 'ibus'), ('PWD', '/home/samiksha/ros2_ws/build/turtlesim'), ('LC_ALL', 'en_US.UTF-8'), ('XDG_CONFIG_DIRS', '/etc/xdg/xdg-ubuntu:/etc/xdg'), ('XDG_DATA_DIRS', '/usr/share/ubuntu:/usr/local/share/:/usr/share/:/var/lib/snapd/desktop'), ('PYTHONPATH', '/home/samiksha/ros2_ws/install/custom_interfaces/local/lib/python3.10/dist-packages:/home/samiksha/ros2_ws/install/turtlesim/local/lib/python3.10/dist-packages:/home/samiksha/ros2_ws/build/task_controller:/home/samiksha/ros2_ws/install/task_controller/lib/python3.10/site-packages:/opt/ros/humble/lib/python3.10/site-packages:/opt/ros/humble/local/lib/python3.10/dist-packages'), ('COLCON', '1'), ('VTE_VERSION', '6800'), ('CMAKE_PREFIX_PATH', '/home/samiksha/ros2_ws/install/my_package:/home/samiksha/ros2_ws/install/custom_interfaces:/home/samiksha/ros2_ws/install/turtlesim:/home/samiksha/ros2_ws/install/task_controller:/opt/ros/humble')]), 'shell': False}
[20.249650] (turtlesim) StdoutLine: {'line': b'-- Install configuration: ""\n'}
[20.249882] (turtlesim) StdoutLine: {'line': b'-- Installing: /home/samiksha/ros2_ws/install/turtlesim/share/ament_index/resource_index/rosidl_interfaces/turtlesim\n'}
[20.249939] (turtlesim) StdoutLine: {'line': b'-- Installing: /home/samiksha/ros2_ws/install/turtlesim/include/turtlesim/turtlesim\n'}
[20.249970] (turtlesim) StdoutLine: {'line': b'-- Installing: /home/samiksha/ros2_ws/install/turtlesim/include/turtlesim/turtlesim/action\n'}
[20.250000] (turtlesim) StdoutLine: {'line': b'-- Installing: /home/samiksha/ros2_ws/install/turtlesim/include/turtlesim/turtlesim/action/detail\n'}
[20.250028] (turtlesim) StdoutLine: {'line': b'-- Installing: /home/samiksha/ros2_ws/install/turtlesim/include/turtlesim/turtlesim/action/detail/rotate_absolute__type_support.h\n'}
[20.250056] (turtlesim) StdoutLine: {'line': b'-- Installing: /home/samiksha/ros2_ws/install/turtlesim/include/turtlesim/turtlesim/action/detail/rotate_absolute__functions.c\n'}
[20.250223] (turtlesim) StdoutLine: {'line': b'-- Installing: /home/samiksha/ros2_ws/install/turtlesim/include/turtlesim/turtlesim/action/detail/rotate_absolute__struct.h\n'}
[20.250309] (turtlesim) StdoutLine: {'line': b'-- Installing: /home/samiksha/ros2_ws/install/turtlesim/include/turtlesim/turtlesim/action/detail/rotate_absolute__functions.h\n'}
[20.250343] (turtlesim) StdoutLine: {'line': b'-- Installing: /home/samiksha/ros2_ws/install/turtlesim/include/turtlesim/turtlesim/action/rotate_absolute.h\n'}
[20.250373] (turtlesim) StdoutLine: {'line': b'-- Installing: /home/samiksha/ros2_ws/install/turtlesim/include/turtlesim/turtlesim/msg\n'}
[20.250401] (turtlesim) StdoutLine: {'line': b'-- Installing: /home/samiksha/ros2_ws/install/turtlesim/include/turtlesim/turtlesim/msg/color.h\n'}
[20.250428] (turtlesim) StdoutLine: {'line': b'-- Installing: /home/samiksha/ros2_ws/install/turtlesim/include/turtlesim/turtlesim/msg/pose.h\n'}
[20.250455] (turtlesim) StdoutLine: {'line': b'-- Installing: /home/samiksha/ros2_ws/install/turtlesim/include/turtlesim/turtlesim/msg/detail\n'}
[20.250585] (turtlesim) StdoutLine: {'line': b'-- Installing: /home/samiksha/ros2_ws/install/turtlesim/include/turtlesim/turtlesim/msg/detail/color__struct.h\n'}
[20.250652] (turtlesim) StdoutLine: {'line': b'-- Installing: /home/samiksha/ros2_ws/install/turtlesim/include/turtlesim/turtlesim/msg/detail/pose__functions.c\n'}
[20.250687] (turtlesim) StdoutLine: {'line': b'-- Installing: /home/samiksha/ros2_ws/install/turtlesim/include/turtlesim/turtlesim/msg/detail/pose__functions.h\n'}
[20.250717] (turtlesim) StdoutLine: {'line': b'-- Installing: /home/samiksha/ros2_ws/install/turtlesim/include/turtlesim/turtlesim/msg/detail/color__functions.h\n'}
[20.250745] (turtlesim) StdoutLine: {'line': b'-- Installing: /home/samiksha/ros2_ws/install/turtlesim/include/turtlesim/turtlesim/msg/detail/pose__struct.h\n'}
[20.250772] (turtlesim) StdoutLine: {'line': b'-- Installing: /home/samiksha/ros2_ws/install/turtlesim/include/turtlesim/turtlesim/msg/detail/color__type_support.h\n'}
[20.250800] (turtlesim) StdoutLine: {'line': b'-- Installing: /home/samiksha/ros2_ws/install/turtlesim/include/turtlesim/turtlesim/msg/detail/color__functions.c\n'}
[20.250843] (turtlesim) StdoutLine: {'line': b'-- Installing: /home/samiksha/ros2_ws/install/turtlesim/include/turtlesim/turtlesim/msg/detail/pose__type_support.h\n'}
[20.250902] (turtlesim) StdoutLine: {'line': b'-- Installing: /home/samiksha/ros2_ws/install/turtlesim/include/turtlesim/turtlesim/msg/rosidl_generator_c__visibility_control.h\n'}
[20.250931] (turtlesim) StdoutLine: {'line': b'-- Installing: /home/samiksha/ros2_ws/install/turtlesim/include/turtlesim/turtlesim/srv\n'}
[20.250970] (turtlesim) StdoutLine: {'line': b'-- Installing: /home/samiksha/ros2_ws/install/turtlesim/include/turtlesim/turtlesim/srv/spawn.h\n'}
[20.250998] (turtlesim) StdoutLine: {'line': b'-- Installing: /home/samiksha/ros2_ws/install/turtlesim/include/turtlesim/turtlesim/srv/set_pen.h\n'}
[20.251025] (turtlesim) StdoutLine: {'line': b'-- Installing: /home/samiksha/ros2_ws/install/turtlesim/include/turtlesim/turtlesim/srv/kill.h\n'}
[20.251051] (turtlesim) StdoutLine: {'line': b'-- Installing: /home/samiksha/ros2_ws/install/turtlesim/include/turtlesim/turtlesim/srv/detail\n'}
[20.251079] (turtlesim) StdoutLine: {'line': b'-- Installing: /home/samiksha/ros2_ws/install/turtlesim/include/turtlesim/turtlesim/srv/detail/teleport_absolute__type_support.h\n'}
[20.251126] (turtlesim) StdoutLine: {'line': b'-- Installing: /home/samiksha/ros2_ws/install/turtlesim/include/turtlesim/turtlesim/srv/detail/set_pen__functions.c\n'}
[20.251166] (turtlesim) StdoutLine: {'line': b'-- Installing: /home/samiksha/ros2_ws/install/turtlesim/include/turtlesim/turtlesim/srv/detail/spawn__functions.h\n'}
[20.251217] (turtlesim) StdoutLine: {'line': b'-- Installing: /home/samiksha/ros2_ws/install/turtlesim/include/turtlesim/turtlesim/srv/detail/set_pen__struct.h\n'}
[20.251249] (turtlesim) StdoutLine: {'line': b'-- Installing: /home/samiksha/ros2_ws/install/turtlesim/include/turtlesim/turtlesim/srv/detail/kill__functions.h\n'}
[20.251398] (turtlesim) StdoutLine: {'line': b'-- Installing: /home/samiksha/ros2_ws/install/turtlesim/include/turtlesim/turtlesim/srv/detail/spawn__struct.h\n'}
[20.251426] (turtlesim) StdoutLine: {'line': b'-- Installing: /home/samiksha/ros2_ws/install/turtlesim/include/turtlesim/turtlesim/srv/detail/teleport_relative__type_support.h\n'}
[20.251468] (turtlesim) StdoutLine: {'line': b'-- Installing: /home/samiksha/ros2_ws/install/turtlesim/include/turtlesim/turtlesim/srv/detail/set_pen__type_support.h\n'}
[20.251496] (turtlesim) StdoutLine: {'line': b'-- Installing: /home/samiksha/ros2_ws/install/turtlesim/include/turtlesim/turtlesim/srv/detail/teleport_absolute__struct.h\n'}
[20.251539] (turtlesim) StdoutLine: {'line': b'-- Installing: /home/samiksha/ros2_ws/install/turtlesim/include/turtlesim/turtlesim/srv/detail/teleport_absolute__functions.c\n'}
[20.251565] (turtlesim) StdoutLine: {'line': b'-- Installing: /home/samiksha/ros2_ws/install/turtlesim/include/turtlesim/turtlesim/srv/detail/spawn__type_support.h\n'}
[20.251604] (turtlesim) StdoutLine: {'line': b'-- Installing: /home/samiksha/ros2_ws/install/turtlesim/include/turtlesim/turtlesim/srv/detail/teleport_relative__functions.c\n'}
[20.251638] (turtlesim) StdoutLine: {'line': b'-- Installing: /home/samiksha/ros2_ws/install/turtlesim/include/turtlesim/turtlesim/srv/detail/set_pen__functions.h\n'}
[20.251676] (turtlesim) StdoutLine: {'line': b'-- Installing: /home/samiksha/ros2_ws/install/turtlesim/include/turtlesim/turtlesim/srv/detail/spawn__functions.c\n'}
[20.251715] (turtlesim) StdoutLine: {'line': b'-- Installing: /home/samiksha/ros2_ws/install/turtlesim/include/turtlesim/turtlesim/srv/detail/teleport_absolute__functions.h\n'}
[20.251753] (turtlesim) StdoutLine: {'line': b'-- Installing: /home/samiksha/ros2_ws/install/turtlesim/include/turtlesim/turtlesim/srv/detail/teleport_relative__functions.h\n'}
[20.251791] (turtlesim) StdoutLine: {'line': b'-- Installing: /home/samiksha/ros2_ws/install/turtlesim/include/turtlesim/turtlesim/srv/detail/kill__type_support.h\n'}
[20.251828] (turtlesim) StdoutLine: {'line': b'-- Installing: /home/samiksha/ros2_ws/install/turtlesim/include/turtlesim/turtlesim/srv/detail/kill__struct.h\n'}
[20.251865] (turtlesim) StdoutLine: {'line': b'-- Installing: /home/samiksha/ros2_ws/install/turtlesim/include/turtlesim/turtlesim/srv/detail/teleport_relative__struct.h\n'}
[20.251904] (turtlesim) StdoutLine: {'line': b'-- Installing: /home/samiksha/ros2_ws/install/turtlesim/include/turtlesim/turtlesim/srv/detail/kill__functions.c\n'}
[20.251943] (turtlesim) StdoutLine: {'line': b'-- Installing: /home/samiksha/ros2_ws/install/turtlesim/include/turtlesim/turtlesim/srv/teleport_absolute.h\n'}
[20.251977] (turtlesim) StdoutLine: {'line': b'-- Installing: /home/samiksha/ros2_ws/install/turtlesim/include/turtlesim/turtlesim/srv/teleport_relative.h\n'}
[20.252075] (turtlesim) StdoutLine: {'line': b'-- Installing: /home/samiksha/ros2_ws/install/turtlesim/share/turtlesim/environment/library_path.sh\n'}
[20.252135] (turtlesim) StdoutLine: {'line': b'-- Installing: /home/samiksha/ros2_ws/install/turtlesim/share/turtlesim/environment/library_path.dsv\n'}
[20.252225] (turtlesim) StdoutLine: {'line': b'-- Installing: /home/samiksha/ros2_ws/install/turtlesim/lib/libturtlesim__rosidl_generator_c.so\n'}
[20.252428] (turtlesim) StdoutLine: {'line': b'-- Set runtime path of "/home/samiksha/ros2_ws/install/turtlesim/lib/libturtlesim__rosidl_generator_c.so" to ""\n'}
[20.252464] (turtlesim) StdoutLine: {'line': b'-- Up-to-date: /home/samiksha/ros2_ws/install/turtlesim/include/turtlesim/turtlesim\n'}
[20.252508] (turtlesim) StdoutLine: {'line': b'-- Up-to-date: /home/samiksha/ros2_ws/install/turtlesim/include/turtlesim/turtlesim/action\n'}
[20.252535] (turtlesim) StdoutLine: {'line': b'-- Up-to-date: /home/samiksha/ros2_ws/install/turtlesim/include/turtlesim/turtlesim/action/detail\n'}
[20.252562] (turtlesim) StdoutLine: {'line': b'-- Installing: /home/samiksha/ros2_ws/install/turtlesim/include/turtlesim/turtlesim/action/detail/rotate_absolute__rosidl_typesupport_fastrtps_c.h\n'}
[20.252599] (turtlesim) StdoutLine: {'line': b'-- Up-to-date: /home/samiksha/ros2_ws/install/turtlesim/include/turtlesim/turtlesim/msg\n'}
[20.252649] (turtlesim) StdoutLine: {'line': b'-- Up-to-date: /home/samiksha/ros2_ws/install/turtlesim/include/turtlesim/turtlesim/msg/detail\n'}
[20.252675] (turtlesim) StdoutLine: {'line': b'-- Installing: /home/samiksha/ros2_ws/install/turtlesim/include/turtlesim/turtlesim/msg/detail/pose__rosidl_typesupport_fastrtps_c.h\n'}
[20.252716] (turtlesim) StdoutLine: {'line': b'-- Installing: /home/samiksha/ros2_ws/install/turtlesim/include/turtlesim/turtlesim/msg/detail/color__rosidl_typesupport_fastrtps_c.h\n'}
[20.252742] (turtlesim) StdoutLine: {'line': b'-- Installing: /home/samiksha/ros2_ws/install/turtlesim/include/turtlesim/turtlesim/msg/rosidl_typesupport_fastrtps_c__visibility_control.h\n'}
[20.252769] (turtlesim) StdoutLine: {'line': b'-- Up-to-date: /home/samiksha/ros2_ws/install/turtlesim/include/turtlesim/turtlesim/srv\n'}
[20.252795] (turtlesim) StdoutLine: {'line': b'-- Up-to-date: /home/samiksha/ros2_ws/install/turtlesim/include/turtlesim/turtlesim/srv/detail\n'}
[20.252832] (turtlesim) StdoutLine: {'line': b'-- Installing: /home/samiksha/ros2_ws/install/turtlesim/include/turtlesim/turtlesim/srv/detail/spawn__rosidl_typesupport_fastrtps_c.h\n'}
[20.252874] (turtlesim) StdoutLine: {'line': b'-- Installing: /home/samiksha/ros2_ws/install/turtlesim/include/turtlesim/turtlesim/srv/detail/teleport_absolute__rosidl_typesupport_fastrtps_c.h\n'}
[20.252899] (turtlesim) StdoutLine: {'line': b'-- Installing: /home/samiksha/ros2_ws/install/turtlesim/include/turtlesim/turtlesim/srv/detail/teleport_relative__rosidl_typesupport_fastrtps_c.h\n'}
[20.252930] (turtlesim) StdoutLine: {'line': b'-- Installing: /home/samiksha/ros2_ws/install/turtlesim/include/turtlesim/turtlesim/srv/detail/set_pen__rosidl_typesupport_fastrtps_c.h\n'}
[20.252954] (turtlesim) StdoutLine: {'line': b'-- Installing: /home/samiksha/ros2_ws/install/turtlesim/include/turtlesim/turtlesim/srv/detail/kill__rosidl_typesupport_fastrtps_c.h\n'}
[20.252977] (turtlesim) StdoutLine: {'line': b'-- Installing: /home/samiksha/ros2_ws/install/turtlesim/lib/libturtlesim__rosidl_typesupport_fastrtps_c.so\n'}
[20.253087] (turtlesim) StdoutLine: {'line': b'-- Set runtime path of "/home/samiksha/ros2_ws/install/turtlesim/lib/libturtlesim__rosidl_typesupport_fastrtps_c.so" to ""\n'}
[20.253139] (turtlesim) StdoutLine: {'line': b'-- Up-to-date: /home/samiksha/ros2_ws/install/turtlesim/include/turtlesim/turtlesim\n'}
[20.253186] (turtlesim) StdoutLine: {'line': b'-- Up-to-date: /home/samiksha/ros2_ws/install/turtlesim/include/turtlesim/turtlesim/action\n'}
[20.253212] (turtlesim) StdoutLine: {'line': b'-- Up-to-date: /home/samiksha/ros2_ws/install/turtlesim/include/turtlesim/turtlesim/action/detail\n'}
[20.253242] (turtlesim) StdoutLine: {'line': b'-- Installing: /home/samiksha/ros2_ws/install/turtlesim/include/turtlesim/turtlesim/action/detail/rotate_absolute__struct.hpp\n'}
[20.253289] (turtlesim) StdoutLine: {'line': b'-- Installing: /home/samiksha/ros2_ws/install/turtlesim/include/turtlesim/turtlesim/action/detail/rotate_absolute__type_support.hpp\n'}
[20.253330] (turtlesim) StdoutLine: {'line': b'-- Installing: /home/samiksha/ros2_ws/install/turtlesim/include/turtlesim/turtlesim/action/detail/rotate_absolute__builder.hpp\n'}
[20.253355] (turtlesim) StdoutLine: {'line': b'-- Installing: /home/samiksha/ros2_ws/install/turtlesim/include/turtlesim/turtlesim/action/detail/rotate_absolute__traits.hpp\n'}
[20.253387] (turtlesim) StdoutLine: {'line': b'-- Installing: /home/samiksha/ros2_ws/install/turtlesim/include/turtlesim/turtlesim/action/rotate_absolute.hpp\n'}
[20.253424] (turtlesim) StdoutLine: {'line': b'-- Up-to-date: /home/samiksha/ros2_ws/install/turtlesim/include/turtlesim/turtlesim/msg\n'}
[20.253470] (turtlesim) StdoutLine: {'line': b'-- Up-to-date: /home/samiksha/ros2_ws/install/turtlesim/include/turtlesim/turtlesim/msg/detail\n'}
[20.253497] (turtlesim) StdoutLine: {'line': b'-- Installing: /home/samiksha/ros2_ws/install/turtlesim/include/turtlesim/turtlesim/msg/detail/color__struct.hpp\n'}
[20.253525] (turtlesim) StdoutLine: {'line': b'-- Installing: /home/samiksha/ros2_ws/install/turtlesim/include/turtlesim/turtlesim/msg/detail/pose__type_support.hpp\n'}
[20.253571] (turtlesim) StdoutLine: {'line': b'-- Installing: /home/samiksha/ros2_ws/install/turtlesim/include/turtlesim/turtlesim/msg/detail/color__builder.hpp\n'}
[20.253596] (turtlesim) StdoutLine: {'line': b'-- Installing: /home/samiksha/ros2_ws/install/turtlesim/include/turtlesim/turtlesim/msg/detail/pose__struct.hpp\n'}
[20.253622] (turtlesim) StdoutLine: {'line': b'-- Installing: /home/samiksha/ros2_ws/install/turtlesim/include/turtlesim/turtlesim/msg/detail/color__traits.hpp\n'}
[20.253661] (turtlesim) StdoutLine: {'line': b'-- Installing: /home/samiksha/ros2_ws/install/turtlesim/include/turtlesim/turtlesim/msg/detail/color__type_support.hpp\n'}
[20.253690] (turtlesim) StdoutLine: {'line': b'-- Installing: /home/samiksha/ros2_ws/install/turtlesim/include/turtlesim/turtlesim/msg/detail/pose__builder.hpp\n'}
[20.253731] (turtlesim) StdoutLine: {'line': b'-- Installing: /home/samiksha/ros2_ws/install/turtlesim/include/turtlesim/turtlesim/msg/detail/pose__traits.hpp\n'}
[20.253759] (turtlesim) StdoutLine: {'line': b'-- Installing: /home/samiksha/ros2_ws/install/turtlesim/include/turtlesim/turtlesim/msg/color.hpp\n'}
[20.253801] (turtlesim) StdoutLine: {'line': b'-- Installing: /home/samiksha/ros2_ws/install/turtlesim/include/turtlesim/turtlesim/msg/pose.hpp\n'}
[20.253828] (turtlesim) StdoutLine: {'line': b'-- Installing: /home/samiksha/ros2_ws/install/turtlesim/include/turtlesim/turtlesim/msg/rosidl_generator_cpp__visibility_control.hpp\n'}
[20.253865] (turtlesim) StdoutLine: {'line': b'-- Up-to-date: /home/samiksha/ros2_ws/install/turtlesim/include/turtlesim/turtlesim/srv\n'}
[20.253912] (turtlesim) StdoutLine: {'line': b'-- Up-to-date: /home/samiksha/ros2_ws/install/turtlesim/include/turtlesim/turtlesim/srv/detail\n'}
[20.253940] (turtlesim) StdoutLine: {'line': b'-- Installing: /home/samiksha/ros2_ws/install/turtlesim/include/turtlesim/turtlesim/srv/detail/spawn__type_support.hpp\n'}
[20.253968] (turtlesim) StdoutLine: {'line': b'-- Installing: /home/samiksha/ros2_ws/install/turtlesim/include/turtlesim/turtlesim/srv/detail/set_pen__struct.hpp\n'}
[20.254010] (turtlesim) StdoutLine: {'line': b'-- Installing: /home/samiksha/ros2_ws/install/turtlesim/include/turtlesim/turtlesim/srv/detail/spawn__builder.hpp\n'}
[20.254042] (turtlesim) StdoutLine: {'line': b'-- Installing: /home/samiksha/ros2_ws/install/turtlesim/include/turtlesim/turtlesim/srv/detail/teleport_relative__builder.hpp\n'}
[20.254067] (turtlesim) StdoutLine: {'line': b'-- Installing: /home/samiksha/ros2_ws/install/turtlesim/include/turtlesim/turtlesim/srv/detail/set_pen__traits.hpp\n'}
[20.254093] (turtlesim) StdoutLine: {'line': b'-- Installing: /home/samiksha/ros2_ws/install/turtlesim/include/turtlesim/turtlesim/srv/detail/kill__builder.hpp\n'}
[20.254134] (turtlesim) StdoutLine: {'line': b'-- Installing: /home/samiksha/ros2_ws/install/turtlesim/include/turtlesim/turtlesim/srv/detail/set_pen__builder.hpp\n'}
[20.254180] (turtlesim) StdoutLine: {'line': b'-- Installing: /home/samiksha/ros2_ws/install/turtlesim/include/turtlesim/turtlesim/srv/detail/teleport_relative__traits.hpp\n'}
[20.254222] (turtlesim) StdoutLine: {'line': b'-- Installing: /home/samiksha/ros2_ws/install/turtlesim/include/turtlesim/turtlesim/srv/detail/set_pen__type_support.hpp\n'}
[20.254268] (turtlesim) StdoutLine: {'line': b'-- Installing: /home/samiksha/ros2_ws/install/turtlesim/include/turtlesim/turtlesim/srv/detail/spawn__traits.hpp\n'}
[20.254296] (turtlesim) StdoutLine: {'line': b'-- Installing: /home/samiksha/ros2_ws/install/turtlesim/include/turtlesim/turtlesim/srv/detail/teleport_relative__struct.hpp\n'}
[20.254342] (turtlesim) StdoutLine: {'line': b'-- Installing: /home/samiksha/ros2_ws/install/turtlesim/include/turtlesim/turtlesim/srv/detail/kill__traits.hpp\n'}
[20.254371] (turtlesim) StdoutLine: {'line': b'-- Installing: /home/samiksha/ros2_ws/install/turtlesim/include/turtlesim/turtlesim/srv/detail/teleport_absolute__type_support.hpp\n'}
[20.254420] (turtlesim) StdoutLine: {'line': b'-- Installing: /home/samiksha/ros2_ws/install/turtlesim/include/turtlesim/turtlesim/srv/detail/kill__struct.hpp\n'}
[20.254447] (turtlesim) StdoutLine: {'line': b'-- Installing: /home/samiksha/ros2_ws/install/turtlesim/include/turtlesim/turtlesim/srv/detail/teleport_absolute__builder.hpp\n'}
[20.254484] (turtlesim) StdoutLine: {'line': b'-- Installing: /home/samiksha/ros2_ws/install/turtlesim/include/turtlesim/turtlesim/srv/detail/teleport_absolute__traits.hpp\n'}
[20.254522] (turtlesim) StdoutLine: {'line': b'-- Installing: /home/samiksha/ros2_ws/install/turtlesim/include/turtlesim/turtlesim/srv/detail/teleport_relative__type_support.hpp\n'}
[20.254560] (turtlesim) StdoutLine: {'line': b'-- Installing: /home/samiksha/ros2_ws/install/turtlesim/include/turtlesim/turtlesim/srv/detail/kill__type_support.hpp\n'}
[20.254596] (turtlesim) StdoutLine: {'line': b'-- Installing: /home/samiksha/ros2_ws/install/turtlesim/include/turtlesim/turtlesim/srv/detail/teleport_absolute__struct.hpp\n'}
[20.254633] (turtlesim) StdoutLine: {'line': b'-- Installing: /home/samiksha/ros2_ws/install/turtlesim/include/turtlesim/turtlesim/srv/detail/spawn__struct.hpp\n'}
[20.254669] (turtlesim) StdoutLine: {'line': b'-- Installing: /home/samiksha/ros2_ws/install/turtlesim/include/turtlesim/turtlesim/srv/teleport_absolute.hpp\n'}
[20.254706] (turtlesim) StdoutLine: {'line': b'-- Installing: /home/samiksha/ros2_ws/install/turtlesim/include/turtlesim/turtlesim/srv/set_pen.hpp\n'}
[20.254744] (turtlesim) StdoutLine: {'line': b'-- Installing: /home/samiksha/ros2_ws/install/turtlesim/include/turtlesim/turtlesim/srv/spawn.hpp\n'}
[20.254780] (turtlesim) StdoutLine: {'line': b'-- Installing: /home/samiksha/ros2_ws/install/turtlesim/include/turtlesim/turtlesim/srv/teleport_relative.hpp\n'}
[20.254818] (turtlesim) StdoutLine: {'line': b'-- Installing: /home/samiksha/ros2_ws/install/turtlesim/include/turtlesim/turtlesim/srv/kill.hpp\n'}
[20.254850] (turtlesim) StdoutLine: {'line': b'-- Up-to-date: /home/samiksha/ros2_ws/install/turtlesim/include/turtlesim/turtlesim\n'}
[20.254893] (turtlesim) StdoutLine: {'line': b'-- Up-to-date: /home/samiksha/ros2_ws/install/turtlesim/include/turtlesim/turtlesim/action\n'}
[20.254919] (turtlesim) StdoutLine: {'line': b'-- Up-to-date: /home/samiksha/ros2_ws/install/turtlesim/include/turtlesim/turtlesim/action/detail\n'}
[20.254946] (turtlesim) StdoutLine: {'line': b'-- Installing: /home/samiksha/ros2_ws/install/turtlesim/include/turtlesim/turtlesim/action/detail/rotate_absolute__rosidl_typesupport_fastrtps_cpp.hpp\n'}
[20.254983] (turtlesim) StdoutLine: {'line': b'-- Installing: /home/samiksha/ros2_ws/install/turtlesim/include/turtlesim/turtlesim/action/detail/dds_fastrtps\n'}
[20.255028] (turtlesim) StdoutLine: {'line': b'-- Up-to-date: /home/samiksha/ros2_ws/install/turtlesim/include/turtlesim/turtlesim/msg\n'}
[20.255055] (turtlesim) StdoutLine: {'line': b'-- Up-to-date: /home/samiksha/ros2_ws/install/turtlesim/include/turtlesim/turtlesim/msg/detail\n'}
[20.255082] (turtlesim) StdoutLine: {'line': b'-- Installing: /home/samiksha/ros2_ws/install/turtlesim/include/turtlesim/turtlesim/msg/detail/pose__rosidl_typesupport_fastrtps_cpp.hpp\n'}
[20.255125] (turtlesim) StdoutLine: {'line': b'-- Installing: /home/samiksha/ros2_ws/install/turtlesim/include/turtlesim/turtlesim/msg/detail/dds_fastrtps\n'}
[20.255153] (turtlesim) StdoutLine: {'line': b'-- Installing: /home/samiksha/ros2_ws/install/turtlesim/include/turtlesim/turtlesim/msg/detail/color__rosidl_typesupport_fastrtps_cpp.hpp\n'}
[20.255181] (turtlesim) StdoutLine: {'line': b'-- Installing: /home/samiksha/ros2_ws/install/turtlesim/include/turtlesim/turtlesim/msg/rosidl_typesupport_fastrtps_cpp__visibility_control.h\n'}
[20.255227] (turtlesim) StdoutLine: {'line': b'-- Up-to-date: /home/samiksha/ros2_ws/install/turtlesim/include/turtlesim/turtlesim/srv\n'}
[20.255257] (turtlesim) StdoutLine: {'line': b'-- Up-to-date: /home/samiksha/ros2_ws/install/turtlesim/include/turtlesim/turtlesim/srv/detail\n'}
[20.255302] (turtlesim) StdoutLine: {'line': b'-- Installing: /home/samiksha/ros2_ws/install/turtlesim/include/turtlesim/turtlesim/srv/detail/teleport_relative__rosidl_typesupport_fastrtps_cpp.hpp\n'}
[20.255328] (turtlesim) StdoutLine: {'line': b'-- Installing: /home/samiksha/ros2_ws/install/turtlesim/include/turtlesim/turtlesim/srv/detail/teleport_absolute__rosidl_typesupport_fastrtps_cpp.hpp\n'}
[20.255353] (turtlesim) StdoutLine: {'line': b'-- Installing: /home/samiksha/ros2_ws/install/turtlesim/include/turtlesim/turtlesim/srv/detail/kill__rosidl_typesupport_fastrtps_cpp.hpp\n'}
[20.255390] (turtlesim) StdoutLine: {'line': b'-- Installing: /home/samiksha/ros2_ws/install/turtlesim/include/turtlesim/turtlesim/srv/detail/set_pen__rosidl_typesupport_fastrtps_cpp.hpp\n'}
[20.255433] (turtlesim) StdoutLine: {'line': b'-- Installing: /home/samiksha/ros2_ws/install/turtlesim/include/turtlesim/turtlesim/srv/detail/spawn__rosidl_typesupport_fastrtps_cpp.hpp\n'}
[20.255462] (turtlesim) StdoutLine: {'line': b'-- Installing: /home/samiksha/ros2_ws/install/turtlesim/include/turtlesim/turtlesim/srv/detail/dds_fastrtps\n'}
[20.255500] (turtlesim) StdoutLine: {'line': b'-- Installing: /home/samiksha/ros2_ws/install/turtlesim/lib/libturtlesim__rosidl_typesupport_fastrtps_cpp.so\n'}
[20.255639] (turtlesim) StdoutLine: {'line': b'-- Set runtime path of "/home/samiksha/ros2_ws/install/turtlesim/lib/libturtlesim__rosidl_typesupport_fastrtps_cpp.so" to ""\n'}
[20.255675] (turtlesim) StdoutLine: {'line': b'-- Up-to-date: /home/samiksha/ros2_ws/install/turtlesim/include/turtlesim/turtlesim\n'}
[20.255719] (turtlesim) StdoutLine: {'line': b'-- Up-to-date: /home/samiksha/ros2_ws/install/turtlesim/include/turtlesim/turtlesim/action\n'}
[20.255745] (turtlesim) StdoutLine: {'line': b'-- Up-to-date: /home/samiksha/ros2_ws/install/turtlesim/include/turtlesim/turtlesim/action/detail\n'}
[20.255772] (turtlesim) StdoutLine: {'line': b'-- Installing: /home/samiksha/ros2_ws/install/turtlesim/include/turtlesim/turtlesim/action/detail/rotate_absolute__type_support.c\n'}
[20.255817] (turtlesim) StdoutLine: {'line': b'-- Installing: /home/samiksha/ros2_ws/install/turtlesim/include/turtlesim/turtlesim/action/detail/rotate_absolute__rosidl_typesupport_introspection_c.h\n'}
[20.255846] (turtlesim) StdoutLine: {'line': b'-- Up-to-date: /home/samiksha/ros2_ws/install/turtlesim/include/turtlesim/turtlesim/msg\n'}
[20.255872] (turtlesim) StdoutLine: {'line': b'-- Up-to-date: /home/samiksha/ros2_ws/install/turtlesim/include/turtlesim/turtlesim/msg/detail\n'}
[20.255915] (turtlesim) StdoutLine: {'line': b'-- Installing: /home/samiksha/ros2_ws/install/turtlesim/include/turtlesim/turtlesim/msg/detail/color__rosidl_typesupport_introspection_c.h\n'}
[20.255941] (turtlesim) StdoutLine: {'line': b'-- Installing: /home/samiksha/ros2_ws/install/turtlesim/include/turtlesim/turtlesim/msg/detail/color__type_support.c\n'}
[20.255967] (turtlesim) StdoutLine: {'line': b'-- Installing: /home/samiksha/ros2_ws/install/turtlesim/include/turtlesim/turtlesim/msg/detail/pose__type_support.c\n'}
[20.256008] (turtlesim) StdoutLine: {'line': b'-- Installing: /home/samiksha/ros2_ws/install/turtlesim/include/turtlesim/turtlesim/msg/detail/pose__rosidl_typesupport_introspection_c.h\n'}
[20.256036] (turtlesim) StdoutLine: {'line': b'-- Installing: /home/samiksha/ros2_ws/install/turtlesim/include/turtlesim/turtlesim/msg/rosidl_typesupport_introspection_c__visibility_control.h\n'}
[20.256074] (turtlesim) StdoutLine: {'line': b'-- Up-to-date: /home/samiksha/ros2_ws/install/turtlesim/include/turtlesim/turtlesim/srv\n'}
[20.256119] (turtlesim) StdoutLine: {'line': b'-- Up-to-date: /home/samiksha/ros2_ws/install/turtlesim/include/turtlesim/turtlesim/srv/detail\n'}
[20.256154] (turtlesim) StdoutLine: {'line': b'-- Installing: /home/samiksha/ros2_ws/install/turtlesim/include/turtlesim/turtlesim/srv/detail/kill__rosidl_typesupport_introspection_c.h\n'}
[20.256182] (turtlesim) StdoutLine: {'line': b'-- Installing: /home/samiksha/ros2_ws/install/turtlesim/include/turtlesim/turtlesim/srv/detail/kill__type_support.c\n'}
[20.256225] (turtlesim) StdoutLine: {'line': b'-- Installing: /home/samiksha/ros2_ws/install/turtlesim/include/turtlesim/turtlesim/srv/detail/teleport_relative__rosidl_typesupport_introspection_c.h\n'}
[20.256268] (turtlesim) StdoutLine: {'line': b'-- Installing: /home/samiksha/ros2_ws/install/turtlesim/include/turtlesim/turtlesim/srv/detail/spawn__type_support.c\n'}
[20.256311] (turtlesim) StdoutLine: {'line': b'-- Installing: /home/samiksha/ros2_ws/install/turtlesim/include/turtlesim/turtlesim/srv/detail/spawn__rosidl_typesupport_introspection_c.h\n'}
[20.256354] (turtlesim) StdoutLine: {'line': b'-- Installing: /home/samiksha/ros2_ws/install/turtlesim/include/turtlesim/turtlesim/srv/detail/set_pen__rosidl_typesupport_introspection_c.h\n'}
[20.256383] (turtlesim) StdoutLine: {'line': b'-- Installing: /home/samiksha/ros2_ws/install/turtlesim/include/turtlesim/turtlesim/srv/detail/teleport_absolute__rosidl_typesupport_introspection_c.h\n'}
[20.256421] (turtlesim) StdoutLine: {'line': b'-- Installing: /home/samiksha/ros2_ws/install/turtlesim/include/turtlesim/turtlesim/srv/detail/teleport_absolute__type_support.c\n'}
[20.256446] (turtlesim) StdoutLine: {'line': b'-- Installing: /home/samiksha/ros2_ws/install/turtlesim/include/turtlesim/turtlesim/srv/detail/set_pen__type_support.c\n'}
[20.256482] (turtlesim) StdoutLine: {'line': b'-- Installing: /home/samiksha/ros2_ws/install/turtlesim/include/turtlesim/turtlesim/srv/detail/teleport_relative__type_support.c\n'}
[20.256525] (turtlesim) StdoutLine: {'line': b'-- Installing: /home/samiksha/ros2_ws/install/turtlesim/lib/libturtlesim__rosidl_typesupport_introspection_c.so\n'}
[20.256674] (turtlesim) StdoutLine: {'line': b'-- Set runtime path of "/home/samiksha/ros2_ws/install/turtlesim/lib/libturtlesim__rosidl_typesupport_introspection_c.so" to ""\n'}
[20.256710] (turtlesim) StdoutLine: {'line': b'-- Installing: /home/samiksha/ros2_ws/install/turtlesim/lib/libturtlesim__rosidl_typesupport_c.so\n'}
[20.256834] (turtlesim) StdoutLine: {'line': b'-- Set runtime path of "/home/samiksha/ros2_ws/install/turtlesim/lib/libturtlesim__rosidl_typesupport_c.so" to ""\n'}
[20.256876] (turtlesim) StdoutLine: {'line': b'-- Up-to-date: /home/samiksha/ros2_ws/install/turtlesim/include/turtlesim/turtlesim\n'}
[20.256903] (turtlesim) StdoutLine: {'line': b'-- Up-to-date: /home/samiksha/ros2_ws/install/turtlesim/include/turtlesim/turtlesim/action\n'}
[20.256941] (turtlesim) StdoutLine: {'line': b'-- Up-to-date: /home/samiksha/ros2_ws/install/turtlesim/include/turtlesim/turtlesim/action/detail\n'}
[20.256983] (turtlesim) StdoutLine: {'line': b'-- Installing: /home/samiksha/ros2_ws/install/turtlesim/include/turtlesim/turtlesim/action/detail/rotate_absolute__rosidl_typesupport_introspection_cpp.hpp\n'}
[20.257012] (turtlesim) StdoutLine: {'line': b'-- Installing: /home/samiksha/ros2_ws/install/turtlesim/include/turtlesim/turtlesim/action/detail/rotate_absolute__type_support.cpp\n'}
[20.257050] (turtlesim) StdoutLine: {'line': b'-- Up-to-date: /home/samiksha/ros2_ws/install/turtlesim/include/turtlesim/turtlesim/msg\n'}
[20.257091] (turtlesim) StdoutLine: {'line': b'-- Up-to-date: /home/samiksha/ros2_ws/install/turtlesim/include/turtlesim/turtlesim/msg/detail\n'}
[20.257121] (turtlesim) StdoutLine: {'line': b'-- Installing: /home/samiksha/ros2_ws/install/turtlesim/include/turtlesim/turtlesim/msg/detail/pose__rosidl_typesupport_introspection_cpp.hpp\n'}
[20.257169] (turtlesim) StdoutLine: {'line': b'-- Installing: /home/samiksha/ros2_ws/install/turtlesim/include/turtlesim/turtlesim/msg/detail/color__rosidl_typesupport_introspection_cpp.hpp\n'}
[20.257195] (turtlesim) StdoutLine: {'line': b'-- Installing: /home/samiksha/ros2_ws/install/turtlesim/include/turtlesim/turtlesim/msg/detail/pose__type_support.cpp\n'}
[20.257226] (turtlesim) StdoutLine: {'line': b'-- Installing: /home/samiksha/ros2_ws/install/turtlesim/include/turtlesim/turtlesim/msg/detail/color__type_support.cpp\n'}
[20.257270] (turtlesim) StdoutLine: {'line': b'-- Up-to-date: /home/samiksha/ros2_ws/install/turtlesim/include/turtlesim/turtlesim/srv\n'}
[20.257322] (turtlesim) StdoutLine: {'line': b'-- Up-to-date: /home/samiksha/ros2_ws/install/turtlesim/include/turtlesim/turtlesim/srv/detail\n'}
[20.257348] (turtlesim) StdoutLine: {'line': b'-- Installing: /home/samiksha/ros2_ws/install/turtlesim/include/turtlesim/turtlesim/srv/detail/spawn__rosidl_typesupport_introspection_cpp.hpp\n'}
[20.257375] (turtlesim) StdoutLine: {'line': b'-- Installing: /home/samiksha/ros2_ws/install/turtlesim/include/turtlesim/turtlesim/srv/detail/teleport_relative__rosidl_typesupport_introspection_cpp.hpp\n'}
[20.257402] (turtlesim) StdoutLine: {'line': b'-- Installing: /home/samiksha/ros2_ws/install/turtlesim/include/turtlesim/turtlesim/srv/detail/set_pen__rosidl_typesupport_introspection_cpp.hpp\n'}
[20.257439] (turtlesim) StdoutLine: {'line': b'-- Installing: /home/samiksha/ros2_ws/install/turtlesim/include/turtlesim/turtlesim/srv/detail/teleport_relative__type_support.cpp\n'}
[20.257481] (turtlesim) StdoutLine: {'line': b'-- Installing: /home/samiksha/ros2_ws/install/turtlesim/include/turtlesim/turtlesim/srv/detail/kill__rosidl_typesupport_introspection_cpp.hpp\n'}
[20.257509] (turtlesim) StdoutLine: {'line': b'-- Installing: /home/samiksha/ros2_ws/install/turtlesim/include/turtlesim/turtlesim/srv/detail/teleport_absolute__type_support.cpp\n'}
[20.257552] (turtlesim) StdoutLine: {'line': b'-- Installing: /home/samiksha/ros2_ws/install/turtlesim/include/turtlesim/turtlesim/srv/detail/kill__type_support.cpp\n'}
[20.257579] (turtlesim) StdoutLine: {'line': b'-- Installing: /home/samiksha/ros2_ws/install/turtlesim/include/turtlesim/turtlesim/srv/detail/spawn__type_support.cpp\n'}
[20.257621] (turtlesim) StdoutLine: {'line': b'-- Installing: /home/samiksha/ros2_ws/install/turtlesim/include/turtlesim/turtlesim/srv/detail/teleport_absolute__rosidl_typesupport_introspection_cpp.hpp\n'}
[20.257647] (turtlesim) StdoutLine: {'line': b'-- Installing: /home/samiksha/ros2_ws/install/turtlesim/include/turtlesim/turtlesim/srv/detail/set_pen__type_support.cpp\n'}
[20.257691] (turtlesim) StdoutLine: {'line': b'-- Installing: /home/samiksha/ros2_ws/install/turtlesim/lib/libturtlesim__rosidl_typesupport_introspection_cpp.so\n'}
[20.257855] (turtlesim) StdoutLine: {'line': b'-- Set runtime path of "/home/samiksha/ros2_ws/install/turtlesim/lib/libturtlesim__rosidl_typesupport_introspection_cpp.so" to ""\n'}
[20.257890] (turtlesim) StdoutLine: {'line': b'-- Installing: /home/samiksha/ros2_ws/install/turtlesim/lib/libturtlesim__rosidl_typesupport_cpp.so\n'}
[20.258025] (turtlesim) StdoutLine: {'line': b'-- Set runtime path of "/home/samiksha/ros2_ws/install/turtlesim/lib/libturtlesim__rosidl_typesupport_cpp.so" to ""\n'}
[20.258063] (turtlesim) StdoutLine: {'line': b'-- Installing: /home/samiksha/ros2_ws/install/turtlesim/share/turtlesim/environment/pythonpath.sh\n'}
[20.258100] (turtlesim) StdoutLine: {'line': b'-- Installing: /home/samiksha/ros2_ws/install/turtlesim/share/turtlesim/environment/pythonpath.dsv\n'}
[20.258169] (turtlesim) StdoutLine: {'line': b'-- Installing: /home/samiksha/ros2_ws/install/turtlesim/local/lib/python3.10/dist-packages/turtlesim-1.4.2-py3.10.egg-info\n'}
[20.258230] (turtlesim) StdoutLine: {'line': b'-- Installing: /home/samiksha/ros2_ws/install/turtlesim/local/lib/python3.10/dist-packages/turtlesim-1.4.2-py3.10.egg-info/dependency_links.txt\n'}
[20.258272] (turtlesim) StdoutLine: {'line': b'-- Installing: /home/samiksha/ros2_ws/install/turtlesim/local/lib/python3.10/dist-packages/turtlesim-1.4.2-py3.10.egg-info/PKG-INFO\n'}
[20.258316] (turtlesim) StdoutLine: {'line': b'-- Installing: /home/samiksha/ros2_ws/install/turtlesim/local/lib/python3.10/dist-packages/turtlesim-1.4.2-py3.10.egg-info/SOURCES.txt\n'}
[20.258353] (turtlesim) StdoutLine: {'line': b'-- Installing: /home/samiksha/ros2_ws/install/turtlesim/local/lib/python3.10/dist-packages/turtlesim-1.4.2-py3.10.egg-info/top_level.txt\n'}
[20.258398] (turtlesim) StdoutLine: {'line': b'-- Installing: /home/samiksha/ros2_ws/install/turtlesim/local/lib/python3.10/dist-packages/turtlesim\n'}
[20.258436] (turtlesim) StdoutLine: {'line': b'-- Installing: /home/samiksha/ros2_ws/install/turtlesim/local/lib/python3.10/dist-packages/turtlesim/action\n'}
[20.258475] (turtlesim) StdoutLine: {'line': b'-- Installing: /home/samiksha/ros2_ws/install/turtlesim/local/lib/python3.10/dist-packages/turtlesim/action/_rotate_absolute_s.c\n'}
[20.258512] (turtlesim) StdoutLine: {'line': b'-- Installing: /home/samiksha/ros2_ws/install/turtlesim/local/lib/python3.10/dist-packages/turtlesim/action/__init__.py\n'}
[20.258548] (turtlesim) StdoutLine: {'line': b'-- Installing: /home/samiksha/ros2_ws/install/turtlesim/local/lib/python3.10/dist-packages/turtlesim/action/_rotate_absolute.py\n'}
[20.258601] (turtlesim) StdoutLine: {'line': b'-- Installing: /home/samiksha/ros2_ws/install/turtlesim/local/lib/python3.10/dist-packages/turtlesim/_turtlesim_s.ep.rosidl_typesupport_introspection_c.c\n'}
[20.258686] (turtlesim) StdoutLine: {'line': b'-- Installing: /home/samiksha/ros2_ws/install/turtlesim/local/lib/python3.10/dist-packages/turtlesim/_turtlesim_s.ep.rosidl_typesupport_c.c\n'}
[20.258780] (turtlesim) StdoutLine: {'line': b'-- Installing: /home/samiksha/ros2_ws/install/turtlesim/local/lib/python3.10/dist-packages/turtlesim/turtlesim_s__rosidl_typesupport_introspection_c.cpython-310-x86_64-linux-gnu.so\n'}
[20.258850] (turtlesim) StdoutLine: {'line': b'-- Installing: /home/samiksha/ros2_ws/install/turtlesim/local/lib/python3.10/dist-packages/turtlesim/libturtlesim__rosidl_generator_py.so\n'}
[20.258921] (turtlesim) StdoutLine: {'line': b'-- Installing: /home/samiksha/ros2_ws/install/turtlesim/local/lib/python3.10/dist-packages/turtlesim/msg\n'}
[20.258958] (turtlesim) StdoutLine: {'line': b'-- Installing: /home/samiksha/ros2_ws/install/turtlesim/local/lib/python3.10/dist-packages/turtlesim/msg/_pose.py\n'}
[20.258995] (turtlesim) StdoutLine: {'line': b'-- Installing: /home/samiksha/ros2_ws/install/turtlesim/local/lib/python3.10/dist-packages/turtlesim/msg/_color.py\n'}
[20.259030] (turtlesim) StdoutLine: {'line': b'-- Installing: /home/samiksha/ros2_ws/install/turtlesim/local/lib/python3.10/dist-packages/turtlesim/msg/__init__.py\n'}
[20.259066] (turtlesim) StdoutLine: {'line': b'-- Installing: /home/samiksha/ros2_ws/install/turtlesim/local/lib/python3.10/dist-packages/turtlesim/msg/_color_s.c\n'}
[20.259106] (turtlesim) StdoutLine: {'line': b'-- Installing: /home/samiksha/ros2_ws/install/turtlesim/local/lib/python3.10/dist-packages/turtlesim/msg/_pose_s.c\n'}
[20.259157] (turtlesim) StdoutLine: {'line': b'-- Installing: /home/samiksha/ros2_ws/install/turtlesim/local/lib/python3.10/dist-packages/turtlesim/srv\n'}
[20.259197] (turtlesim) StdoutLine: {'line': b'-- Installing: /home/samiksha/ros2_ws/install/turtlesim/local/lib/python3.10/dist-packages/turtlesim/srv/_teleport_relative_s.c\n'}
[20.259236] (turtlesim) StdoutLine: {'line': b'-- Installing: /home/samiksha/ros2_ws/install/turtlesim/local/lib/python3.10/dist-packages/turtlesim/srv/_kill.py\n'}
[20.259278] (turtlesim) StdoutLine: {'line': b'-- Installing: /home/samiksha/ros2_ws/install/turtlesim/local/lib/python3.10/dist-packages/turtlesim/srv/_spawn.py\n'}
[20.259321] (turtlesim) StdoutLine: {'line': b'-- Installing: /home/samiksha/ros2_ws/install/turtlesim/local/lib/python3.10/dist-packages/turtlesim/srv/__init__.py\n'}
[20.259356] (turtlesim) StdoutLine: {'line': b'-- Installing: /home/samiksha/ros2_ws/install/turtlesim/local/lib/python3.10/dist-packages/turtlesim/srv/_spawn_s.c\n'}
[20.259391] (turtlesim) StdoutLine: {'line': b'-- Installing: /home/samiksha/ros2_ws/install/turtlesim/local/lib/python3.10/dist-packages/turtlesim/srv/_teleport_relative.py\n'}
[20.259427] (turtlesim) StdoutLine: {'line': b'-- Installing: /home/samiksha/ros2_ws/install/turtlesim/local/lib/python3.10/dist-packages/turtlesim/srv/_set_pen.py\n'}
[20.259466] (turtlesim) StdoutLine: {'line': b'-- Installing: /home/samiksha/ros2_ws/install/turtlesim/local/lib/python3.10/dist-packages/turtlesim/srv/_teleport_absolute_s.c\n'}
[20.259503] (turtlesim) StdoutLine: {'line': b'-- Installing: /home/samiksha/ros2_ws/install/turtlesim/local/lib/python3.10/dist-packages/turtlesim/srv/_teleport_absolute.py\n'}
[20.259543] (turtlesim) StdoutLine: {'line': b'-- Installing: /home/samiksha/ros2_ws/install/turtlesim/local/lib/python3.10/dist-packages/turtlesim/srv/_kill_s.c\n'}
[20.259580] (turtlesim) StdoutLine: {'line': b'-- Installing: /home/samiksha/ros2_ws/install/turtlesim/local/lib/python3.10/dist-packages/turtlesim/srv/_set_pen_s.c\n'}
[20.259618] (turtlesim) StdoutLine: {'line': b'-- Installing: /home/samiksha/ros2_ws/install/turtlesim/local/lib/python3.10/dist-packages/turtlesim/turtlesim_s__rosidl_typesupport_fastrtps_c.cpython-310-x86_64-linux-gnu.so\n'}
[20.259688] (turtlesim) StdoutLine: {'line': b'-- Installing: /home/samiksha/ros2_ws/install/turtlesim/local/lib/python3.10/dist-packages/turtlesim/__init__.py\n'}
[20.259721] (turtlesim) StdoutLine: {'line': b'-- Installing: /home/samiksha/ros2_ws/install/turtlesim/local/lib/python3.10/dist-packages/turtlesim/_turtlesim_s.ep.rosidl_typesupport_fastrtps_c.c\n'}
[20.259810] (turtlesim) StdoutLine: {'line': b'-- Installing: /home/samiksha/ros2_ws/install/turtlesim/local/lib/python3.10/dist-packages/turtlesim/turtlesim_s__rosidl_typesupport_c.cpython-310-x86_64-linux-gnu.so\n'}
[20.279513] (-) TimerEvent: {}
[20.296450] (turtlesim) StdoutLine: {'line': b"Listing '/home/samiksha/ros2_ws/install/turtlesim/local/lib/python3.10/dist-packages/turtlesim'...\n"}
[20.296547] (turtlesim) StdoutLine: {'line': b"Compiling '/home/samiksha/ros2_ws/install/turtlesim/local/lib/python3.10/dist-packages/turtlesim/__init__.py'...\n"}
[20.296579] (turtlesim) StdoutLine: {'line': b"Listing '/home/samiksha/ros2_ws/install/turtlesim/local/lib/python3.10/dist-packages/turtlesim/action'...\n"}
[20.296605] (turtlesim) StdoutLine: {'line': b"Compiling '/home/samiksha/ros2_ws/install/turtlesim/local/lib/python3.10/dist-packages/turtlesim/action/__init__.py'...\n"}
[20.296630] (turtlesim) StdoutLine: {'line': b"Compiling '/home/samiksha/ros2_ws/install/turtlesim/local/lib/python3.10/dist-packages/turtlesim/action/_rotate_absolute.py'...\n"}
[20.296655] (turtlesim) StdoutLine: {'line': b"Listing '/home/samiksha/ros2_ws/install/turtlesim/local/lib/python3.10/dist-packages/turtlesim/msg'...\n"}
[20.296677] (turtlesim) StdoutLine: {'line': b"Compiling '/home/samiksha/ros2_ws/install/turtlesim/local/lib/python3.10/dist-packages/turtlesim/msg/__init__.py'...\n"}
[20.296701] (turtlesim) StdoutLine: {'line': b"Compiling '/home/samiksha/ros2_ws/install/turtlesim/local/lib/python3.10/dist-packages/turtlesim/msg/_color.py'...\n"}
[20.296723] (turtlesim) StdoutLine: {'line': b"Compiling '/home/samiksha/ros2_ws/install/turtlesim/local/lib/python3.10/dist-packages/turtlesim/msg/_pose.py'...\n"}
[20.296745] (turtlesim) StdoutLine: {'line': b"Listing '/home/samiksha/ros2_ws/install/turtlesim/local/lib/python3.10/dist-packages/turtlesim/srv'...\n"}
[20.296768] (turtlesim) StdoutLine: {'line': b"Compiling '/home/samiksha/ros2_ws/install/turtlesim/local/lib/python3.10/dist-packages/turtlesim/srv/__init__.py'...\n"}
[20.296790] (turtlesim) StdoutLine: {'line': b"Compiling '/home/samiksha/ros2_ws/install/turtlesim/local/lib/python3.10/dist-packages/turtlesim/srv/_kill.py'...\n"}
[20.296817] (turtlesim) StdoutLine: {'line': b"Compiling '/home/samiksha/ros2_ws/install/turtlesim/local/lib/python3.10/dist-packages/turtlesim/srv/_set_pen.py'...\n"}
[20.296838] (turtlesim) StdoutLine: {'line': b"Compiling '/home/samiksha/ros2_ws/install/turtlesim/local/lib/python3.10/dist-packages/turtlesim/srv/_spawn.py'...\n"}
[20.296861] (turtlesim) StdoutLine: {'line': b"Compiling '/home/samiksha/ros2_ws/install/turtlesim/local/lib/python3.10/dist-packages/turtlesim/srv/_teleport_absolute.py'...\n"}
[20.296885] (turtlesim) StdoutLine: {'line': b"Compiling '/home/samiksha/ros2_ws/install/turtlesim/local/lib/python3.10/dist-packages/turtlesim/srv/_teleport_relative.py'...\n"}
[20.300028] (turtlesim) StdoutLine: {'line': b'-- Installing: /home/samiksha/ros2_ws/install/turtlesim/local/lib/python3.10/dist-packages/turtlesim/turtlesim_s__rosidl_typesupport_fastrtps_c.cpython-310-x86_64-linux-gnu.so\n'}
[20.300130] (turtlesim) StdoutLine: {'line': b'-- Set runtime path of "/home/samiksha/ros2_ws/install/turtlesim/local/lib/python3.10/dist-packages/turtlesim/turtlesim_s__rosidl_typesupport_fastrtps_c.cpython-310-x86_64-linux-gnu.so" to ""\n'}
[20.300166] (turtlesim) StdoutLine: {'line': b'-- Installing: /home/samiksha/ros2_ws/install/turtlesim/local/lib/python3.10/dist-packages/turtlesim/turtlesim_s__rosidl_typesupport_introspection_c.cpython-310-x86_64-linux-gnu.so\n'}
[20.300326] (turtlesim) StdoutLine: {'line': b'-- Set runtime path of "/home/samiksha/ros2_ws/install/turtlesim/local/lib/python3.10/dist-packages/turtlesim/turtlesim_s__rosidl_typesupport_introspection_c.cpython-310-x86_64-linux-gnu.so" to ""\n'}
[20.300374] (turtlesim) StdoutLine: {'line': b'-- Installing: /home/samiksha/ros2_ws/install/turtlesim/local/lib/python3.10/dist-packages/turtlesim/turtlesim_s__rosidl_typesupport_c.cpython-310-x86_64-linux-gnu.so\n'}
[20.300402] (turtlesim) StdoutLine: {'line': b'-- Set runtime path of "/home/samiksha/ros2_ws/install/turtlesim/local/lib/python3.10/dist-packages/turtlesim/turtlesim_s__rosidl_typesupport_c.cpython-310-x86_64-linux-gnu.so" to ""\n'}
[20.300427] (turtlesim) StdoutLine: {'line': b'-- Installing: /home/samiksha/ros2_ws/install/turtlesim/lib/libturtlesim__rosidl_generator_py.so\n'}
[20.300621] (turtlesim) StdoutLine: {'line': b'-- Set runtime path of "/home/samiksha/ros2_ws/install/turtlesim/lib/libturtlesim__rosidl_generator_py.so" to ""\n'}
[20.300684] (turtlesim) StdoutLine: {'line': b'-- Installing: /home/samiksha/ros2_ws/install/turtlesim/share/turtlesim/action/RotateAbsolute.idl\n'}
[20.300719] (turtlesim) StdoutLine: {'line': b'-- Installing: /home/samiksha/ros2_ws/install/turtlesim/share/turtlesim/msg/Color.idl\n'}
[20.300745] (turtlesim) StdoutLine: {'line': b'-- Installing: /home/samiksha/ros2_ws/install/turtlesim/share/turtlesim/msg/Pose.idl\n'}
[20.300795] (turtlesim) StdoutLine: {'line': b'-- Installing: /home/samiksha/ros2_ws/install/turtlesim/share/turtlesim/srv/Kill.idl\n'}
[20.300824] (turtlesim) StdoutLine: {'line': b'-- Installing: /home/samiksha/ros2_ws/install/turtlesim/share/turtlesim/srv/SetPen.idl\n'}
[20.300852] (turtlesim) StdoutLine: {'line': b'-- Installing: /home/samiksha/ros2_ws/install/turtlesim/share/turtlesim/srv/Spawn.idl\n'}
[20.300921] (turtlesim) StdoutLine: {'line': b'-- Installing: /home/samiksha/ros2_ws/install/turtlesim/share/turtlesim/srv/TeleportAbsolute.idl\n'}
[20.300953] (turtlesim) StdoutLine: {'line': b'-- Installing: /home/samiksha/ros2_ws/install/turtlesim/share/turtlesim/srv/TeleportRelative.idl\n'}
[20.300993] (turtlesim) StdoutLine: {'line': b'-- Installing: /home/samiksha/ros2_ws/install/turtlesim/share/turtlesim/action/RotateAbsolute.action\n'}
[20.301021] (turtlesim) StdoutLine: {'line': b'-- Installing: /home/samiksha/ros2_ws/install/turtlesim/share/turtlesim/msg/Color.msg\n'}
[20.301048] (turtlesim) StdoutLine: {'line': b'-- Installing: /home/samiksha/ros2_ws/install/turtlesim/share/turtlesim/msg/Pose.msg\n'}
[20.301074] (turtlesim) StdoutLine: {'line': b'-- Installing: /home/samiksha/ros2_ws/install/turtlesim/share/turtlesim/srv/Kill.srv\n'}
[20.301118] (turtlesim) StdoutLine: {'line': b'-- Installing: /home/samiksha/ros2_ws/install/turtlesim/share/turtlesim/srv/Kill_Request.msg\n'}
[20.301145] (turtlesim) StdoutLine: {'line': b'-- Installing: /home/samiksha/ros2_ws/install/turtlesim/share/turtlesim/srv/Kill_Response.msg\n'}
[20.301173] (turtlesim) StdoutLine: {'line': b'-- Installing: /home/samiksha/ros2_ws/install/turtlesim/share/turtlesim/srv/SetPen.srv\n'}
[20.301199] (turtlesim) StdoutLine: {'line': b'-- Installing: /home/samiksha/ros2_ws/install/turtlesim/share/turtlesim/srv/SetPen_Request.msg\n'}
[20.301247] (turtlesim) StdoutLine: {'line': b'-- Installing: /home/samiksha/ros2_ws/install/turtlesim/share/turtlesim/srv/SetPen_Response.msg\n'}
[20.301274] (turtlesim) StdoutLine: {'line': b'-- Installing: /home/samiksha/ros2_ws/install/turtlesim/share/turtlesim/srv/Spawn.srv\n'}
[20.301302] (turtlesim) StdoutLine: {'line': b'-- Installing: /home/samiksha/ros2_ws/install/turtlesim/share/turtlesim/srv/Spawn_Request.msg\n'}
[20.301343] (turtlesim) StdoutLine: {'line': b'-- Installing: /home/samiksha/ros2_ws/install/turtlesim/share/turtlesim/srv/Spawn_Response.msg\n'}
[20.301384] (turtlesim) StdoutLine: {'line': b'-- Installing: /home/samiksha/ros2_ws/install/turtlesim/share/turtlesim/srv/TeleportAbsolute.srv\n'}
[20.301427] (turtlesim) StdoutLine: {'line': b'-- Installing: /home/samiksha/ros2_ws/install/turtlesim/share/turtlesim/srv/TeleportAbsolute_Request.msg\n'}
[20.301452] (turtlesim) StdoutLine: {'line': b'-- Installing: /home/samiksha/ros2_ws/install/turtlesim/share/turtlesim/srv/TeleportAbsolute_Response.msg\n'}
[20.301490] (turtlesim) StdoutLine: {'line': b'-- Installing: /home/samiksha/ros2_ws/install/turtlesim/share/turtlesim/srv/TeleportRelative.srv\n'}
[20.301527] (turtlesim) StdoutLine: {'line': b'-- Installing: /home/samiksha/ros2_ws/install/turtlesim/share/turtlesim/srv/TeleportRelative_Request.msg\n'}
[20.301563] (turtlesim) StdoutLine: {'line': b'-- Installing: /home/samiksha/ros2_ws/install/turtlesim/share/turtlesim/srv/TeleportRelative_Response.msg\n'}
[20.301631] (turtlesim) StdoutLine: {'line': b'-- Installing: /home/samiksha/ros2_ws/install/turtlesim/lib/turtlesim/turtlesim_node\n'}
[20.305657] (turtlesim) StdoutLine: {'line': b'-- Set runtime path of "/home/samiksha/ros2_ws/install/turtlesim/lib/turtlesim/turtlesim_node" to ""\n'}
[20.305748] (turtlesim) StdoutLine: {'line': b'-- Installing: /home/samiksha/ros2_ws/install/turtlesim/lib/turtlesim/turtle_teleop_key\n'}
[20.306556] (turtlesim) StdoutLine: {'line': b'-- Set runtime path of "/home/samiksha/ros2_ws/install/turtlesim/lib/turtlesim/turtle_teleop_key" to ""\n'}
[20.306634] (turtlesim) StdoutLine: {'line': b'-- Installing: /home/samiksha/ros2_ws/install/turtlesim/lib/turtlesim/draw_square\n'}
[20.308401] (turtlesim) StdoutLine: {'line': b'-- Set runtime path of "/home/samiksha/ros2_ws/install/turtlesim/lib/turtlesim/draw_square" to ""\n'}
[20.308511] (turtlesim) StdoutLine: {'line': b'-- Installing: /home/samiksha/ros2_ws/install/turtlesim/lib/turtlesim/mimic\n'}
[20.310366] (turtlesim) StdoutLine: {'line': b'-- Set runtime path of "/home/samiksha/ros2_ws/install/turtlesim/lib/turtlesim/mimic" to ""\n'}
[20.310414] (turtlesim) StdoutLine: {'line': b'-- Installing: /home/samiksha/ros2_ws/install/turtlesim/share/turtlesim/images\n'}
[20.310457] (turtlesim) StdoutLine: {'line': b'-- Installing: /home/samiksha/ros2_ws/install/turtlesim/share/turtlesim/images/rolling.png\n'}
[20.310497] (turtlesim) StdoutLine: {'line': b'-- Installing: /home/samiksha/ros2_ws/install/turtlesim/share/turtlesim/images/ardent.png\n'}
[20.310540] (turtlesim) StdoutLine: {'line': b'-- Installing: /home/samiksha/ros2_ws/install/turtlesim/share/turtlesim/images/dashing.png\n'}
[20.310581] (turtlesim) StdoutLine: {'line': b'-- Installing: /home/samiksha/ros2_ws/install/turtlesim/share/turtlesim/images/crystal.png\n'}
[20.310847] (turtlesim) StdoutLine: {'line': b'-- Installing: /home/samiksha/ros2_ws/install/turtlesim/share/turtlesim/images/humble.png\n'}
[20.310999] (turtlesim) StdoutLine: {'line': b'-- Installing: /home/samiksha/ros2_ws/install/turtlesim/share/turtlesim/images/eloquent.png\n'}
[20.311083] (turtlesim) StdoutLine: {'line': b'-- Installing: /home/samiksha/ros2_ws/install/turtlesim/share/turtlesim/images/bouncy.png\n'}
[20.311396] (turtlesim) StdoutLine: {'line': b'-- Installing: /home/samiksha/ros2_ws/install/turtlesim/share/turtlesim/images/galactic.png\n'}
[20.311661] (turtlesim) StdoutLine: {'line': b'-- Installing: /home/samiksha/ros2_ws/install/turtlesim/share/turtlesim/images/foxy.png\n'}
[20.311790] (turtlesim) StdoutLine: {'line': b'-- Installing: /home/samiksha/ros2_ws/install/turtlesim/share/turtlesim/launch\n'}
[20.311895] (turtlesim) StdoutLine: {'line': b'-- Installing: /home/samiksha/ros2_ws/install/turtlesim/share/turtlesim/launch/multisim.launch.py\n'}
[20.312021] (turtlesim) StdoutLine: {'line': b'-- Installing: /home/samiksha/ros2_ws/install/turtlesim/share/ament_index/resource_index/package_run_dependencies/turtlesim\n'}
[20.312146] (turtlesim) StdoutLine: {'line': b'-- Installing: /home/samiksha/ros2_ws/install/turtlesim/share/ament_index/resource_index/parent_prefix_path/turtlesim\n'}
[20.312242] (turtlesim) StdoutLine: {'line': b'-- Installing: /home/samiksha/ros2_ws/install/turtlesim/share/turtlesim/environment/ament_prefix_path.sh\n'}
[20.312285] (turtlesim) StdoutLine: {'line': b'-- Installing: /home/samiksha/ros2_ws/install/turtlesim/share/turtlesim/environment/ament_prefix_path.dsv\n'}
[20.312321] (turtlesim) StdoutLine: {'line': b'-- Installing: /home/samiksha/ros2_ws/install/turtlesim/share/turtlesim/environment/path.sh\n'}
[20.312356] (turtlesim) StdoutLine: {'line': b'-- Installing: /home/samiksha/ros2_ws/install/turtlesim/share/turtlesim/environment/path.dsv\n'}
[20.312412] (turtlesim) StdoutLine: {'line': b'-- Installing: /home/samiksha/ros2_ws/install/turtlesim/share/turtlesim/local_setup.bash\n'}
[20.312452] (turtlesim) StdoutLine: {'line': b'-- Installing: /home/samiksha/ros2_ws/install/turtlesim/share/turtlesim/local_setup.sh\n'}
[20.312484] (turtlesim) StdoutLine: {'line': b'-- Installing: /home/samiksha/ros2_ws/install/turtlesim/share/turtlesim/local_setup.zsh\n'}
[20.312516] (turtlesim) StdoutLine: {'line': b'-- Installing: /home/samiksha/ros2_ws/install/turtlesim/share/turtlesim/local_setup.dsv\n'}
[20.312548] (turtlesim) StdoutLine: {'line': b'-- Installing: /home/samiksha/ros2_ws/install/turtlesim/share/turtlesim/package.dsv\n'}
[20.312579] (turtlesim) StdoutLine: {'line': b'-- Installing: /home/samiksha/ros2_ws/install/turtlesim/share/ament_index/resource_index/packages/turtlesim\n'}
[20.312611] (turtlesim) StdoutLine: {'line': b'-- Installing: /home/samiksha/ros2_ws/install/turtlesim/share/turtlesim/cmake/export_turtlesim__rosidl_generator_cExport.cmake\n'}
[20.312642] (turtlesim) StdoutLine: {'line': b'-- Installing: /home/samiksha/ros2_ws/install/turtlesim/share/turtlesim/cmake/export_turtlesim__rosidl_generator_cExport-noconfig.cmake\n'}
[20.312675] (turtlesim) StdoutLine: {'line': b'-- Installing: /home/samiksha/ros2_ws/install/turtlesim/share/turtlesim/cmake/export_turtlesim__rosidl_typesupport_fastrtps_cExport.cmake\n'}
[20.312708] (turtlesim) StdoutLine: {'line': b'-- Installing: /home/samiksha/ros2_ws/install/turtlesim/share/turtlesim/cmake/export_turtlesim__rosidl_typesupport_fastrtps_cExport-noconfig.cmake\n'}
[20.312740] (turtlesim) StdoutLine: {'line': b'-- Installing: /home/samiksha/ros2_ws/install/turtlesim/share/turtlesim/cmake/export_turtlesim__rosidl_generator_cppExport.cmake\n'}
[20.312771] (turtlesim) StdoutLine: {'line': b'-- Installing: /home/samiksha/ros2_ws/install/turtlesim/share/turtlesim/cmake/export_turtlesim__rosidl_typesupport_fastrtps_cppExport.cmake\n'}
[20.312803] (turtlesim) StdoutLine: {'line': b'-- Installing: /home/samiksha/ros2_ws/install/turtlesim/share/turtlesim/cmake/export_turtlesim__rosidl_typesupport_fastrtps_cppExport-noconfig.cmake\n'}
[20.312850] (turtlesim) StdoutLine: {'line': b'-- Installing: /home/samiksha/ros2_ws/install/turtlesim/share/turtlesim/cmake/turtlesim__rosidl_typesupport_introspection_cExport.cmake\n'}
[20.312902] (turtlesim) StdoutLine: {'line': b'-- Installing: /home/samiksha/ros2_ws/install/turtlesim/share/turtlesim/cmake/turtlesim__rosidl_typesupport_introspection_cExport-noconfig.cmake\n'}
[20.312937] (turtlesim) StdoutLine: {'line': b'-- Installing: /home/samiksha/ros2_ws/install/turtlesim/share/turtlesim/cmake/turtlesim__rosidl_typesupport_cExport.cmake\n'}
[20.312969] (turtlesim) StdoutLine: {'line': b'-- Installing: /home/samiksha/ros2_ws/install/turtlesim/share/turtlesim/cmake/turtlesim__rosidl_typesupport_cExport-noconfig.cmake\n'}
[20.313016] (turtlesim) StdoutLine: {'line': b'-- Installing: /home/samiksha/ros2_ws/install/turtlesim/share/turtlesim/cmake/turtlesim__rosidl_typesupport_introspection_cppExport.cmake\n'}
[20.313042] (turtlesim) StdoutLine: {'line': b'-- Installing: /home/samiksha/ros2_ws/install/turtlesim/share/turtlesim/cmake/turtlesim__rosidl_typesupport_introspection_cppExport-noconfig.cmake\n'}
[20.313076] (turtlesim) StdoutLine: {'line': b'-- Installing: /home/samiksha/ros2_ws/install/turtlesim/share/turtlesim/cmake/turtlesim__rosidl_typesupport_cppExport.cmake\n'}
[20.313127] (turtlesim) StdoutLine: {'line': b'-- Installing: /home/samiksha/ros2_ws/install/turtlesim/share/turtlesim/cmake/turtlesim__rosidl_typesupport_cppExport-noconfig.cmake\n'}
[20.313157] (turtlesim) StdoutLine: {'line': b'-- Installing: /home/samiksha/ros2_ws/install/turtlesim/share/turtlesim/cmake/export_turtlesim__rosidl_generator_pyExport.cmake\n'}
[20.313195] (turtlesim) StdoutLine: {'line': b'-- Installing: /home/samiksha/ros2_ws/install/turtlesim/share/turtlesim/cmake/export_turtlesim__rosidl_generator_pyExport-noconfig.cmake\n'}
[20.313229] (turtlesim) StdoutLine: {'line': b'-- Installing: /home/samiksha/ros2_ws/install/turtlesim/share/turtlesim/cmake/rosidl_cmake-extras.cmake\n'}
[20.313263] (turtlesim) StdoutLine: {'line': b'-- Installing: /home/samiksha/ros2_ws/install/turtlesim/share/turtlesim/cmake/ament_cmake_export_dependencies-extras.cmake\n'}
[20.313297] (turtlesim) StdoutLine: {'line': b'-- Installing: /home/samiksha/ros2_ws/install/turtlesim/share/turtlesim/cmake/ament_cmake_export_include_directories-extras.cmake\n'}
[20.313331] (turtlesim) StdoutLine: {'line': b'-- Installing: /home/samiksha/ros2_ws/install/turtlesim/share/turtlesim/cmake/ament_cmake_export_libraries-extras.cmake\n'}
[20.313380] (turtlesim) StdoutLine: {'line': b'-- Installing: /home/samiksha/ros2_ws/install/turtlesim/share/turtlesim/cmake/ament_cmake_export_targets-extras.cmake\n'}
[20.313452] (turtlesim) StdoutLine: {'line': b'-- Installing: /home/samiksha/ros2_ws/install/turtlesim/share/turtlesim/cmake/rosidl_cmake_export_typesupport_targets-extras.cmake\n'}
[20.313481] (turtlesim) StdoutLine: {'line': b'-- Installing: /home/samiksha/ros2_ws/install/turtlesim/share/turtlesim/cmake/rosidl_cmake_export_typesupport_libraries-extras.cmake\n'}
[20.313506] (turtlesim) StdoutLine: {'line': b'-- Installing: /home/samiksha/ros2_ws/install/turtlesim/share/turtlesim/cmake/turtlesimConfig.cmake\n'}
[20.313530] (turtlesim) StdoutLine: {'line': b'-- Installing: /home/samiksha/ros2_ws/install/turtlesim/share/turtlesim/cmake/turtlesimConfig-version.cmake\n'}
[20.313554] (turtlesim) StdoutLine: {'line': b'-- Installing: /home/samiksha/ros2_ws/install/turtlesim/share/turtlesim/package.xml\n'}
[20.315073] (turtlesim) CommandEnded: {'returncode': 0}
[20.325331] (turtlesim) JobEnded: {'identifier': 'turtlesim', 'rc': 0}
[20.325723] (-) EventReactorShutdown: {}
