[0.000000] (-) TimerEvent: {}
[0.000137] (my_package) JobQueued: {'identifier': 'my_package', 'dependencies': OrderedDict()}
[0.000166] (task_controller) JobQueued: {'identifier': 'task_controller', 'dependencies': OrderedDict()}
[0.000333] (turtlesim) JobQueued: {'identifier': 'turtlesim', 'dependencies': OrderedDict()}
[0.000442] (my_package) JobStarted: {'identifier': 'my_package'}
[0.003254] (task_controller) JobStarted: {'identifier': 'task_controller'}
[0.006810] (turtlesim) JobStarted: {'identifier': 'turtlesim'}
[0.009138] (my_package) JobProgress: {'identifier': 'my_package', 'progress': 'cmake'}
[0.009436] (my_package) Command: {'cmd': ['/usr/bin/cmake', '/home/samiksha/ros2_ws/src/task_controller_cpp', '-DCMAKE_INSTALL_PREFIX=/home/samiksha/ros2_ws/install/my_package'], 'cwd': '/home/samiksha/ros2_ws/build/my_package', 'env': OrderedDict([('LESSOPEN', '| /usr/bin/lesspipe %s'), ('LANGUAGE', 'en_IN:en'), ('USER', 'samiksha'), ('XDG_SESSION_TYPE', 'wayland'), ('SHLVL', '1'), ('LD_LIBRARY_PATH', '/home/samiksha/ros2_ws/install/turtlesim/lib:/home/samiksha/ros2_ws/install/custom_interfaces/lib:/opt/ros/humble/opt/rviz_ogre_vendor/lib:/opt/ros/humble/lib/x86_64-linux-gnu:/opt/ros/humble/lib'), ('HOME', '/home/samiksha'), ('OLDPWD', '/home/samiksha/ros2_ws'), ('DESKTOP_SESSION', 'ubuntu'), ('ROS_PYTHON_VERSION', '3'), ('GNOME_SHELL_SESSION_MODE', 'ubuntu'), ('GTK_MODULES', 'gail:atk-bridge'), ('SYSTEMD_EXEC_PID', '1655'), ('DBUS_SESSION_BUS_ADDRESS', 'unix:path=/run/user/1000/bus'), ('COLORTERM', 'truecolor'), ('_colcon_cd_root', '/opt/ros/humble/'), ('IM_CONFIG_PHASE', '1'), ('WAYLAND_DISPLAY', 'wayland-0'), ('COLCON_PREFIX_PATH', '/home/samiksha/ros2_ws/install'), ('ROS_DISTRO', 'humble'), ('LOGNAME', 'samiksha'), ('_', '/usr/bin/colcon'), ('ROS_VERSION', '2'), ('XDG_SESSION_CLASS', 'user'), ('USERNAME', 'samiksha'), ('TERM', 'xterm-256color'), ('GNOME_DESKTOP_SESSION_ID', 'this-is-deprecated'), ('ROS_LOCALHOST_ONLY', '0'), ('PATH', '/opt/ros/humble/bin:/home/samiksha/.local/bin:/usr/local/sbin:/usr/local/bin:/usr/sbin:/usr/bin:/sbin:/bin:/usr/games:/usr/local/games:/snap/bin:/snap/bin'), ('SESSION_MANAGER', 'local/samiksha-Victus-by-HP-Gaming-Laptop-15-fa1xxx:@/tmp/.ICE-unix/1623,unix/samiksha-Victus-by-HP-Gaming-Laptop-15-fa1xxx:/tmp/.ICE-unix/1623'), ('XDG_MENU_PREFIX', 'gnome-'), ('GNOME_TERMINAL_SCREEN', '/org/gnome/Terminal/screen/6f94412b_566b_472e_ac4b_db35b92b6ac2'), ('GNOME_SETUP_DISPLAY', ':1'), ('XDG_RUNTIME_DIR', '/run/user/1000'), ('DISPLAY', ':0'), ('LANG', 'en_US.UTF-8'), ('XDG_CURRENT_DESKTOP', 'ubuntu:GNOME'), ('XMODIFIERS', '@im=ibus'), ('XDG_SESSION_DESKTOP', 'ubuntu'), ('XAUTHORITY', '/run/user/1000/.mutter-Xwaylandauth.3N7T02'), ('LS_COLORS', 'rs=0:di=01;34:ln=01;36:mh=00:pi=40;33:so=01;35:do=01;35:bd=40;33;01:cd=40;33;01:or=40;31;01:mi=00:su=37;41:sg=30;43:ca=30;41:tw=30;42:ow=34;42:st=37;44:ex=01;32:*.tar=01;31:*.tgz=01;31:*.arc=01;31:*.arj=01;31:*.taz=01;31:*.lha=01;31:*.lz4=01;31:*.lzh=01;31:*.lzma=01;31:*.tlz=01;31:*.txz=01;31:*.tzo=01;31:*.t7z=01;31:*.zip=01;31:*.z=01;31:*.dz=01;31:*.gz=01;31:*.lrz=01;31:*.lz=01;31:*.lzo=01;31:*.xz=01;31:*.zst=01;31:*.tzst=01;31:*.bz2=01;31:*.bz=01;31:*.tbz=01;31:*.tbz2=01;31:*.tz=01;31:*.deb=01;31:*.rpm=01;31:*.jar=01;31:*.war=01;31:*.ear=01;31:*.sar=01;31:*.rar=01;31:*.alz=01;31:*.ace=01;31:*.zoo=01;31:*.cpio=01;31:*.7z=01;31:*.rz=01;31:*.cab=01;31:*.wim=01;31:*.swm=01;31:*.dwm=01;31:*.esd=01;31:*.jpg=01;35:*.jpeg=01;35:*.mjpg=01;35:*.mjpeg=01;35:*.gif=01;35:*.bmp=01;35:*.pbm=01;35:*.pgm=01;35:*.ppm=01;35:*.tga=01;35:*.xbm=01;35:*.xpm=01;35:*.tif=01;35:*.tiff=01;35:*.png=01;35:*.svg=01;35:*.svgz=01;35:*.mng=01;35:*.pcx=01;35:*.mov=01;35:*.mpg=01;35:*.mpeg=01;35:*.m2v=01;35:*.mkv=01;35:*.webm=01;35:*.webp=01;35:*.ogm=01;35:*.mp4=01;35:*.m4v=01;35:*.mp4v=01;35:*.vob=01;35:*.qt=01;35:*.nuv=01;35:*.wmv=01;35:*.asf=01;35:*.rm=01;35:*.rmvb=01;35:*.flc=01;35:*.avi=01;35:*.fli=01;35:*.flv=01;35:*.gl=01;35:*.dl=01;35:*.xcf=01;35:*.xwd=01;35:*.yuv=01;35:*.cgm=01;35:*.emf=01;35:*.ogv=01;35:*.ogx=01;35:*.aac=00;36:*.au=00;36:*.flac=00;36:*.m4a=00;36:*.mid=00;36:*.midi=00;36:*.mka=00;36:*.mp3=00;36:*.mpc=00;36:*.ogg=00;36:*.ra=00;36:*.wav=00;36:*.oga=00;36:*.opus=00;36:*.spx=00;36:*.xspf=00;36:'), ('GNOME_TERMINAL_SERVICE', ':1.101'), ('SSH_AGENT_LAUNCHER', 'gnome-keyring'), ('SSH_AUTH_SOCK', '/run/user/1000/keyring/ssh'), ('AMENT_PREFIX_PATH', '/home/samiksha/ros2_ws/install/turtlesim:/home/samiksha/ros2_ws/install/task_controller:/home/samiksha/ros2_ws/install/my_package:/home/samiksha/ros2_ws/install/custom_interfaces:/opt/ros/humble'), ('SHELL', '/bin/bash'), ('QT_ACCESSIBILITY', '1'), ('GDMSESSION', 'ubuntu'), ('LESSCLOSE', '/usr/bin/lesspipe %s %s'), ('QT_IM_MODULE', 'ibus'), ('PWD', '/home/samiksha/ros2_ws/build/my_package'), ('LC_ALL', 'en_US.UTF-8'), ('XDG_CONFIG_DIRS', '/etc/xdg/xdg-ubuntu:/etc/xdg'), ('XDG_DATA_DIRS', '/usr/share/ubuntu:/usr/local/share/:/usr/share/:/var/lib/snapd/desktop'), ('PYTHONPATH', '/home/samiksha/ros2_ws/install/turtlesim/local/lib/python3.10/dist-packages:/home/samiksha/ros2_ws/install/task_controller/lib/python3.10/site-packages:/home/samiksha/ros2_ws/install/custom_interfaces/local/lib/python3.10/dist-packages:/opt/ros/humble/lib/python3.10/site-packages:/opt/ros/humble/local/lib/python3.10/dist-packages'), ('COLCON', '1'), ('VTE_VERSION', '6800'), ('CMAKE_PREFIX_PATH', '/home/samiksha/ros2_ws/install/turtlesim:/home/samiksha/ros2_ws/install/my_package:/home/samiksha/ros2_ws/install/custom_interfaces:/home/samiksha/ros2_ws/install/task_controller:/opt/ros/humble')]), 'shell': False}
[0.099201] (-) TimerEvent: {}
[0.168160] (my_package) StdoutLine: {'line': b'-- The C compiler identification is GNU 11.4.0\n'}
[0.168453] (my_package) StdoutLine: {'line': b'-- The CXX compiler identification is GNU 11.4.0\n'}
[0.168492] (my_package) StdoutLine: {'line': b'-- Detecting C compiler ABI info\n'}
[0.168522] (turtlesim) JobProgress: {'identifier': 'turtlesim', 'progress': 'cmake'}
[0.168603] (turtlesim) Command: {'cmd': ['/usr/bin/cmake', '/home/samiksha/ros2_ws/src/ros_tutorials/turtlesim', '-DCMAKE_INSTALL_PREFIX=/home/samiksha/ros2_ws/install/turtlesim'], 'cwd': '/home/samiksha/ros2_ws/build/turtlesim', 'env': OrderedDict([('LESSOPEN', '| /usr/bin/lesspipe %s'), ('LANGUAGE', 'en_IN:en'), ('USER', 'samiksha'), ('XDG_SESSION_TYPE', 'wayland'), ('SHLVL', '1'), ('LD_LIBRARY_PATH', '/home/samiksha/ros2_ws/install/turtlesim/lib:/home/samiksha/ros2_ws/install/custom_interfaces/lib:/opt/ros/humble/opt/rviz_ogre_vendor/lib:/opt/ros/humble/lib/x86_64-linux-gnu:/opt/ros/humble/lib'), ('HOME', '/home/samiksha'), ('OLDPWD', '/home/samiksha/ros2_ws'), ('DESKTOP_SESSION', 'ubuntu'), ('ROS_PYTHON_VERSION', '3'), ('GNOME_SHELL_SESSION_MODE', 'ubuntu'), ('GTK_MODULES', 'gail:atk-bridge'), ('SYSTEMD_EXEC_PID', '1655'), ('DBUS_SESSION_BUS_ADDRESS', 'unix:path=/run/user/1000/bus'), ('COLORTERM', 'truecolor'), ('_colcon_cd_root', '/opt/ros/humble/'), ('IM_CONFIG_PHASE', '1'), ('WAYLAND_DISPLAY', 'wayland-0'), ('COLCON_PREFIX_PATH', '/home/samiksha/ros2_ws/install'), ('ROS_DISTRO', 'humble'), ('LOGNAME', 'samiksha'), ('_', '/usr/bin/colcon'), ('ROS_VERSION', '2'), ('XDG_SESSION_CLASS', 'user'), ('USERNAME', 'samiksha'), ('TERM', 'xterm-256color'), ('GNOME_DESKTOP_SESSION_ID', 'this-is-deprecated'), ('ROS_LOCALHOST_ONLY', '0'), ('PATH', '/opt/ros/humble/bin:/home/samiksha/.local/bin:/usr/local/sbin:/usr/local/bin:/usr/sbin:/usr/bin:/sbin:/bin:/usr/games:/usr/local/games:/snap/bin:/snap/bin'), ('SESSION_MANAGER', 'local/samiksha-Victus-by-HP-Gaming-Laptop-15-fa1xxx:@/tmp/.ICE-unix/1623,unix/samiksha-Victus-by-HP-Gaming-Laptop-15-fa1xxx:/tmp/.ICE-unix/1623'), ('XDG_MENU_PREFIX', 'gnome-'), ('GNOME_TERMINAL_SCREEN', '/org/gnome/Terminal/screen/6f94412b_566b_472e_ac4b_db35b92b6ac2'), ('GNOME_SETUP_DISPLAY', ':1'), ('XDG_RUNTIME_DIR', '/run/user/1000'), ('DISPLAY', ':0'), ('LANG', 'en_US.UTF-8'), ('XDG_CURRENT_DESKTOP', 'ubuntu:GNOME'), ('XMODIFIERS', '@im=ibus'), ('XDG_SESSION_DESKTOP', 'ubuntu'), ('XAUTHORITY', '/run/user/1000/.mutter-Xwaylandauth.3N7T02'), ('LS_COLORS', 'rs=0:di=01;34:ln=01;36:mh=00:pi=40;33:so=01;35:do=01;35:bd=40;33;01:cd=40;33;01:or=40;31;01:mi=00:su=37;41:sg=30;43:ca=30;41:tw=30;42:ow=34;42:st=37;44:ex=01;32:*.tar=01;31:*.tgz=01;31:*.arc=01;31:*.arj=01;31:*.taz=01;31:*.lha=01;31:*.lz4=01;31:*.lzh=01;31:*.lzma=01;31:*.tlz=01;31:*.txz=01;31:*.tzo=01;31:*.t7z=01;31:*.zip=01;31:*.z=01;31:*.dz=01;31:*.gz=01;31:*.lrz=01;31:*.lz=01;31:*.lzo=01;31:*.xz=01;31:*.zst=01;31:*.tzst=01;31:*.bz2=01;31:*.bz=01;31:*.tbz=01;31:*.tbz2=01;31:*.tz=01;31:*.deb=01;31:*.rpm=01;31:*.jar=01;31:*.war=01;31:*.ear=01;31:*.sar=01;31:*.rar=01;31:*.alz=01;31:*.ace=01;31:*.zoo=01;31:*.cpio=01;31:*.7z=01;31:*.rz=01;31:*.cab=01;31:*.wim=01;31:*.swm=01;31:*.dwm=01;31:*.esd=01;31:*.jpg=01;35:*.jpeg=01;35:*.mjpg=01;35:*.mjpeg=01;35:*.gif=01;35:*.bmp=01;35:*.pbm=01;35:*.pgm=01;35:*.ppm=01;35:*.tga=01;35:*.xbm=01;35:*.xpm=01;35:*.tif=01;35:*.tiff=01;35:*.png=01;35:*.svg=01;35:*.svgz=01;35:*.mng=01;35:*.pcx=01;35:*.mov=01;35:*.mpg=01;35:*.mpeg=01;35:*.m2v=01;35:*.mkv=01;35:*.webm=01;35:*.webp=01;35:*.ogm=01;35:*.mp4=01;35:*.m4v=01;35:*.mp4v=01;35:*.vob=01;35:*.qt=01;35:*.nuv=01;35:*.wmv=01;35:*.asf=01;35:*.rm=01;35:*.rmvb=01;35:*.flc=01;35:*.avi=01;35:*.fli=01;35:*.flv=01;35:*.gl=01;35:*.dl=01;35:*.xcf=01;35:*.xwd=01;35:*.yuv=01;35:*.cgm=01;35:*.emf=01;35:*.ogv=01;35:*.ogx=01;35:*.aac=00;36:*.au=00;36:*.flac=00;36:*.m4a=00;36:*.mid=00;36:*.midi=00;36:*.mka=00;36:*.mp3=00;36:*.mpc=00;36:*.ogg=00;36:*.ra=00;36:*.wav=00;36:*.oga=00;36:*.opus=00;36:*.spx=00;36:*.xspf=00;36:'), ('GNOME_TERMINAL_SERVICE', ':1.101'), ('SSH_AGENT_LAUNCHER', 'gnome-keyring'), ('SSH_AUTH_SOCK', '/run/user/1000/keyring/ssh'), ('AMENT_PREFIX_PATH', '/home/samiksha/ros2_ws/install/turtlesim:/home/samiksha/ros2_ws/install/task_controller:/home/samiksha/ros2_ws/install/my_package:/home/samiksha/ros2_ws/install/custom_interfaces:/opt/ros/humble'), ('SHELL', '/bin/bash'), ('QT_ACCESSIBILITY', '1'), ('GDMSESSION', 'ubuntu'), ('LESSCLOSE', '/usr/bin/lesspipe %s %s'), ('QT_IM_MODULE', 'ibus'), ('PWD', '/home/samiksha/ros2_ws/build/turtlesim'), ('LC_ALL', 'en_US.UTF-8'), ('XDG_CONFIG_DIRS', '/etc/xdg/xdg-ubuntu:/etc/xdg'), ('XDG_DATA_DIRS', '/usr/share/ubuntu:/usr/local/share/:/usr/share/:/var/lib/snapd/desktop'), ('PYTHONPATH', '/home/samiksha/ros2_ws/install/turtlesim/local/lib/python3.10/dist-packages:/home/samiksha/ros2_ws/install/task_controller/lib/python3.10/site-packages:/home/samiksha/ros2_ws/install/custom_interfaces/local/lib/python3.10/dist-packages:/opt/ros/humble/lib/python3.10/site-packages:/opt/ros/humble/local/lib/python3.10/dist-packages'), ('COLCON', '1'), ('VTE_VERSION', '6800'), ('CMAKE_PREFIX_PATH', '/home/samiksha/ros2_ws/install/turtlesim:/home/samiksha/ros2_ws/install/my_package:/home/samiksha/ros2_ws/install/custom_interfaces:/home/samiksha/ros2_ws/install/task_controller:/opt/ros/humble')]), 'shell': False}
[0.199313] (-) TimerEvent: {}
[0.204152] (my_package) StdoutLine: {'line': b'-- Detecting C compiler ABI info - done\n'}
[0.208289] (turtlesim) StdoutLine: {'line': b'-- The C compiler identification is GNU 11.4.0\n'}
[0.209164] (my_package) StdoutLine: {'line': b'-- Check for working C compiler: /usr/bin/cc - skipped\n'}
[0.209543] (my_package) StdoutLine: {'line': b'-- Detecting C compile features\n'}
[0.209825] (my_package) StdoutLine: {'line': b'-- Detecting C compile features - done\n'}
[0.212100] (my_package) StdoutLine: {'line': b'-- Detecting CXX compiler ABI info\n'}
[0.246750] (turtlesim) StdoutLine: {'line': b'-- The CXX compiler identification is GNU 11.4.0\n'}
[0.251527] (turtlesim) StdoutLine: {'line': b'-- Detecting C compiler ABI info\n'}
[0.272013] (my_package) StdoutLine: {'line': b'-- Detecting CXX compiler ABI info - done\n'}
[0.276531] (my_package) StdoutLine: {'line': b'-- Check for working CXX compiler: /usr/bin/c++ - skipped\n'}
[0.276692] (my_package) StdoutLine: {'line': b'-- Detecting CXX compile features\n'}
[0.276893] (my_package) StdoutLine: {'line': b'-- Detecting CXX compile features - done\n'}
[0.278556] (my_package) StdoutLine: {'line': b'-- Found ament_cmake: 1.3.11 (/opt/ros/humble/share/ament_cmake/cmake)\n'}
[0.299406] (-) TimerEvent: {}
[0.303596] (turtlesim) StdoutLine: {'line': b'-- Detecting C compiler ABI info - done\n'}
[0.309601] (turtlesim) StdoutLine: {'line': b'-- Check for working C compiler: /usr/bin/cc - skipped\n'}
[0.309743] (turtlesim) StdoutLine: {'line': b'-- Detecting C compile features\n'}
[0.309920] (turtlesim) StdoutLine: {'line': b'-- Detecting C compile features - done\n'}
[0.312200] (turtlesim) StdoutLine: {'line': b'-- Detecting CXX compiler ABI info\n'}
[0.373477] (turtlesim) StdoutLine: {'line': b'-- Detecting CXX compiler ABI info - done\n'}
[0.380874] (turtlesim) StdoutLine: {'line': b'-- Check for working CXX compiler: /usr/bin/c++ - skipped\n'}
[0.381033] (turtlesim) StdoutLine: {'line': b'-- Detecting CXX compile features\n'}
[0.381885] (turtlesim) StdoutLine: {'line': b'-- Detecting CXX compile features - done\n'}
[0.383120] (turtlesim) StdoutLine: {'line': b'-- Found ament_cmake: 1.3.11 (/opt/ros/humble/share/ament_cmake/cmake)\n'}
[0.386122] (task_controller) Command: {'cmd': ['/usr/bin/python3', '-W', 'ignore:setup.py install is deprecated', '-W', 'ignore:easy_install command is deprecated', 'setup.py', 'egg_info', '--egg-base', '../../build/task_controller', 'build', '--build-base', '/home/samiksha/ros2_ws/build/task_controller/build', 'install', '--record', '/home/samiksha/ros2_ws/build/task_controller/install.log', '--single-version-externally-managed', 'install_data'], 'cwd': '/home/samiksha/ros2_ws/src/task_controller', 'env': {'LESSOPEN': '| /usr/bin/lesspipe %s', 'LANGUAGE': 'en_IN:en', 'USER': 'samiksha', 'XDG_SESSION_TYPE': 'wayland', 'SHLVL': '1', 'LD_LIBRARY_PATH': '/home/samiksha/ros2_ws/install/turtlesim/lib:/home/samiksha/ros2_ws/install/custom_interfaces/lib:/opt/ros/humble/opt/rviz_ogre_vendor/lib:/opt/ros/humble/lib/x86_64-linux-gnu:/opt/ros/humble/lib', 'HOME': '/home/samiksha', 'OLDPWD': '/home/samiksha/ros2_ws', 'DESKTOP_SESSION': 'ubuntu', 'ROS_PYTHON_VERSION': '3', 'GNOME_SHELL_SESSION_MODE': 'ubuntu', 'GTK_MODULES': 'gail:atk-bridge', 'SYSTEMD_EXEC_PID': '1655', 'DBUS_SESSION_BUS_ADDRESS': 'unix:path=/run/user/1000/bus', 'COLORTERM': 'truecolor', '_colcon_cd_root': '/opt/ros/humble/', 'IM_CONFIG_PHASE': '1', 'WAYLAND_DISPLAY': 'wayland-0', 'COLCON_PREFIX_PATH': '/home/samiksha/ros2_ws/install', 'ROS_DISTRO': 'humble', 'LOGNAME': 'samiksha', '_': '/usr/bin/colcon', 'ROS_VERSION': '2', 'XDG_SESSION_CLASS': 'user', 'USERNAME': 'samiksha', 'TERM': 'xterm-256color', 'GNOME_DESKTOP_SESSION_ID': 'this-is-deprecated', 'ROS_LOCALHOST_ONLY': '0', 'PATH': '/opt/ros/humble/bin:/home/samiksha/.local/bin:/usr/local/sbin:/usr/local/bin:/usr/sbin:/usr/bin:/sbin:/bin:/usr/games:/usr/local/games:/snap/bin:/snap/bin', 'SESSION_MANAGER': 'local/samiksha-Victus-by-HP-Gaming-Laptop-15-fa1xxx:@/tmp/.ICE-unix/1623,unix/samiksha-Victus-by-HP-Gaming-Laptop-15-fa1xxx:/tmp/.ICE-unix/1623', 'XDG_MENU_PREFIX': 'gnome-', 'GNOME_TERMINAL_SCREEN': '/org/gnome/Terminal/screen/6f94412b_566b_472e_ac4b_db35b92b6ac2', 'GNOME_SETUP_DISPLAY': ':1', 'XDG_RUNTIME_DIR': '/run/user/1000', 'DISPLAY': ':0', 'LANG': 'en_US.UTF-8', 'XDG_CURRENT_DESKTOP': 'ubuntu:GNOME', 'XMODIFIERS': '@im=ibus', 'XDG_SESSION_DESKTOP': 'ubuntu', 'XAUTHORITY': '/run/user/1000/.mutter-Xwaylandauth.3N7T02', 'LS_COLORS': 'rs=0:di=01;34:ln=01;36:mh=00:pi=40;33:so=01;35:do=01;35:bd=40;33;01:cd=40;33;01:or=40;31;01:mi=00:su=37;41:sg=30;43:ca=30;41:tw=30;42:ow=34;42:st=37;44:ex=01;32:*.tar=01;31:*.tgz=01;31:*.arc=01;31:*.arj=01;31:*.taz=01;31:*.lha=01;31:*.lz4=01;31:*.lzh=01;31:*.lzma=01;31:*.tlz=01;31:*.txz=01;31:*.tzo=01;31:*.t7z=01;31:*.zip=01;31:*.z=01;31:*.dz=01;31:*.gz=01;31:*.lrz=01;31:*.lz=01;31:*.lzo=01;31:*.xz=01;31:*.zst=01;31:*.tzst=01;31:*.bz2=01;31:*.bz=01;31:*.tbz=01;31:*.tbz2=01;31:*.tz=01;31:*.deb=01;31:*.rpm=01;31:*.jar=01;31:*.war=01;31:*.ear=01;31:*.sar=01;31:*.rar=01;31:*.alz=01;31:*.ace=01;31:*.zoo=01;31:*.cpio=01;31:*.7z=01;31:*.rz=01;31:*.cab=01;31:*.wim=01;31:*.swm=01;31:*.dwm=01;31:*.esd=01;31:*.jpg=01;35:*.jpeg=01;35:*.mjpg=01;35:*.mjpeg=01;35:*.gif=01;35:*.bmp=01;35:*.pbm=01;35:*.pgm=01;35:*.ppm=01;35:*.tga=01;35:*.xbm=01;35:*.xpm=01;35:*.tif=01;35:*.tiff=01;35:*.png=01;35:*.svg=01;35:*.svgz=01;35:*.mng=01;35:*.pcx=01;35:*.mov=01;35:*.mpg=01;35:*.mpeg=01;35:*.m2v=01;35:*.mkv=01;35:*.webm=01;35:*.webp=01;35:*.ogm=01;35:*.mp4=01;35:*.m4v=01;35:*.mp4v=01;35:*.vob=01;35:*.qt=01;35:*.nuv=01;35:*.wmv=01;35:*.asf=01;35:*.rm=01;35:*.rmvb=01;35:*.flc=01;35:*.avi=01;35:*.fli=01;35:*.flv=01;35:*.gl=01;35:*.dl=01;35:*.xcf=01;35:*.xwd=01;35:*.yuv=01;35:*.cgm=01;35:*.emf=01;35:*.ogv=01;35:*.ogx=01;35:*.aac=00;36:*.au=00;36:*.flac=00;36:*.m4a=00;36:*.mid=00;36:*.midi=00;36:*.mka=00;36:*.mp3=00;36:*.mpc=00;36:*.ogg=00;36:*.ra=00;36:*.wav=00;36:*.oga=00;36:*.opus=00;36:*.spx=00;36:*.xspf=00;36:', 'GNOME_TERMINAL_SERVICE': ':1.101', 'SSH_AGENT_LAUNCHER': 'gnome-keyring', 'SSH_AUTH_SOCK': '/run/user/1000/keyring/ssh', 'AMENT_PREFIX_PATH': '/home/samiksha/ros2_ws/install/turtlesim:/home/samiksha/ros2_ws/install/task_controller:/home/samiksha/ros2_ws/install/my_package:/home/samiksha/ros2_ws/install/custom_interfaces:/opt/ros/humble', 'SHELL': '/bin/bash', 'QT_ACCESSIBILITY': '1', 'GDMSESSION': 'ubuntu', 'LESSCLOSE': '/usr/bin/lesspipe %s %s', 'QT_IM_MODULE': 'ibus', 'PWD': '/home/samiksha/ros2_ws/build/task_controller', 'LC_ALL': 'en_US.UTF-8', 'XDG_CONFIG_DIRS': '/etc/xdg/xdg-ubuntu:/etc/xdg', 'XDG_DATA_DIRS': '/usr/share/ubuntu:/usr/local/share/:/usr/share/:/var/lib/snapd/desktop', 'PYTHONPATH': '/home/samiksha/ros2_ws/build/task_controller/prefix_override:/usr/lib/python3/dist-packages/colcon_core/task/python/colcon_distutils_commands:/home/samiksha/ros2_ws/install/task_controller/lib/python3.10/site-packages:/home/samiksha/ros2_ws/install/turtlesim/local/lib/python3.10/dist-packages:/home/samiksha/ros2_ws/install/task_controller/lib/python3.10/site-packages:/home/samiksha/ros2_ws/install/custom_interfaces/local/lib/python3.10/dist-packages:/opt/ros/humble/lib/python3.10/site-packages:/opt/ros/humble/local/lib/python3.10/dist-packages', 'COLCON': '1', 'VTE_VERSION': '6800', 'CMAKE_PREFIX_PATH': '/home/samiksha/ros2_ws/install/turtlesim:/home/samiksha/ros2_ws/install/my_package:/home/samiksha/ros2_ws/install/custom_interfaces'}, 'shell': False}
[0.399493] (-) TimerEvent: {}
[0.499814] (-) TimerEvent: {}
[0.537353] (task_controller) StdoutLine: {'line': b'running egg_info\n'}
[0.537683] (task_controller) StdoutLine: {'line': b'creating ../../build/task_controller/task_controller.egg-info\n'}
[0.538579] (task_controller) StdoutLine: {'line': b"writing manifest file '../../build/task_controller/task_controller.egg-info/SOURCES.txt'\n"}
[0.539949] (task_controller) StdoutLine: {'line': b"writing manifest file '../../build/task_controller/task_controller.egg-info/SOURCES.txt'\n"}
[0.540036] (task_controller) StdoutLine: {'line': b'running build\n'}
[0.540068] (task_controller) StdoutLine: {'line': b'running build_py\n'}
[0.540094] (task_controller) StdoutLine: {'line': b'creating /home/samiksha/ros2_ws/build/task_controller/build\n'}
[0.540119] (task_controller) StdoutLine: {'line': b'creating /home/samiksha/ros2_ws/build/task_controller/build/lib\n'}
[0.540143] (task_controller) StdoutLine: {'line': b'creating /home/samiksha/ros2_ws/build/task_controller/build/lib/task_controller\n'}
[0.540168] (task_controller) StdoutLine: {'line': b'copying task_controller/polygon_turtle.py -> /home/samiksha/ros2_ws/build/task_controller/build/lib/task_controller\n'}
[0.542640] (task_controller) StdoutLine: {'line': b'copying task_controller/polygon_service_server.py -> /home/samiksha/ros2_ws/build/task_controller/build/lib/task_controller\n'}
[0.542971] (task_controller) StdoutLine: {'line': b'copying task_controller/polygon_service_client.py -> /home/samiksha/ros2_ws/build/task_controller/build/lib/task_controller\n'}
[0.543324] (task_controller) StdoutLine: {'line': b'copying task_controller/control_turtle.py -> /home/samiksha/ros2_ws/build/task_controller/build/lib/task_controller\n'}
[0.543656] (task_controller) StdoutLine: {'line': b'copying task_controller/__init__.py -> /home/samiksha/ros2_ws/build/task_controller/build/lib/task_controller\n'}
[0.543750] (task_controller) StdoutLine: {'line': b'copying task_controller/service_doc.py -> /home/samiksha/ros2_ws/build/task_controller/build/lib/task_controller\n'}
[0.544004] (task_controller) StdoutLine: {'line': b'copying task_controller/client_doc.py -> /home/samiksha/ros2_ws/build/task_controller/build/lib/task_controller\n'}
[0.544250] (task_controller) StdoutLine: {'line': b'copying task_controller/circle_turtle.py -> /home/samiksha/ros2_ws/build/task_controller/build/lib/task_controller\n'}
[0.544552] (task_controller) StdoutLine: {'line': b'copying task_controller/letter_turtle.py -> /home/samiksha/ros2_ws/build/task_controller/build/lib/task_controller\n'}
[0.544793] (task_controller) StdoutLine: {'line': b'running install\n'}
[0.546292] (task_controller) StdoutLine: {'line': b'running install_lib\n'}
[0.546660] (task_controller) StdoutLine: {'line': b'creating /home/samiksha/ros2_ws/install/task_controller/lib/python3.10/site-packages/task_controller\n'}
[0.546773] (task_controller) StdoutLine: {'line': b'copying /home/samiksha/ros2_ws/build/task_controller/build/lib/task_controller/polygon_turtle.py -> /home/samiksha/ros2_ws/install/task_controller/lib/python3.10/site-packages/task_controller\n'}
[0.547028] (task_controller) StdoutLine: {'line': b'copying /home/samiksha/ros2_ws/build/task_controller/build/lib/task_controller/polygon_service_server.py -> /home/samiksha/ros2_ws/install/task_controller/lib/python3.10/site-packages/task_controller\n'}
[0.547102] (task_controller) StdoutLine: {'line': b'copying /home/samiksha/ros2_ws/build/task_controller/build/lib/task_controller/polygon_service_client.py -> /home/samiksha/ros2_ws/install/task_controller/lib/python3.10/site-packages/task_controller\n'}
[0.547139] (task_controller) StdoutLine: {'line': b'copying /home/samiksha/ros2_ws/build/task_controller/build/lib/task_controller/control_turtle.py -> /home/samiksha/ros2_ws/install/task_controller/lib/python3.10/site-packages/task_controller\n'}
[0.547169] (task_controller) StdoutLine: {'line': b'copying /home/samiksha/ros2_ws/build/task_controller/build/lib/task_controller/__init__.py -> /home/samiksha/ros2_ws/install/task_controller/lib/python3.10/site-packages/task_controller\n'}
[0.547210] (task_controller) StdoutLine: {'line': b'copying /home/samiksha/ros2_ws/build/task_controller/build/lib/task_controller/service_doc.py -> /home/samiksha/ros2_ws/install/task_controller/lib/python3.10/site-packages/task_controller\n'}
[0.547268] (task_controller) StdoutLine: {'line': b'copying /home/samiksha/ros2_ws/build/task_controller/build/lib/task_controller/client_doc.py -> /home/samiksha/ros2_ws/install/task_controller/lib/python3.10/site-packages/task_controller\n'}
[0.547299] (task_controller) StdoutLine: {'line': b'copying /home/samiksha/ros2_ws/build/task_controller/build/lib/task_controller/circle_turtle.py -> /home/samiksha/ros2_ws/install/task_controller/lib/python3.10/site-packages/task_controller\n'}
[0.547336] (task_controller) StdoutLine: {'line': b'copying /home/samiksha/ros2_ws/build/task_controller/build/lib/task_controller/letter_turtle.py -> /home/samiksha/ros2_ws/install/task_controller/lib/python3.10/site-packages/task_controller\n'}
[0.547365] (task_controller) StdoutLine: {'line': b'byte-compiling /home/samiksha/ros2_ws/install/task_controller/lib/python3.10/site-packages/task_controller/polygon_turtle.py to polygon_turtle.cpython-310.pyc\n'}
[0.548008] (task_controller) StdoutLine: {'line': b'byte-compiling /home/samiksha/ros2_ws/install/task_controller/lib/python3.10/site-packages/task_controller/polygon_service_server.py to polygon_service_server.cpython-310.pyc\n'}
[0.548526] (task_controller) StdoutLine: {'line': b'byte-compiling /home/samiksha/ros2_ws/install/task_controller/lib/python3.10/site-packages/task_controller/polygon_service_client.py to polygon_service_client.cpython-310.pyc\n'}
[0.548630] (task_controller) StdoutLine: {'line': b'byte-compiling /home/samiksha/ros2_ws/install/task_controller/lib/python3.10/site-packages/task_controller/control_turtle.py to control_turtle.cpython-310.pyc\n'}
[0.549143] (task_controller) StdoutLine: {'line': b'byte-compiling /home/samiksha/ros2_ws/install/task_controller/lib/python3.10/site-packages/task_controller/__init__.py to __init__.cpython-310.pyc\n'}
[0.549252] (task_controller) StdoutLine: {'line': b'byte-compiling /home/samiksha/ros2_ws/install/task_controller/lib/python3.10/site-packages/task_controller/service_doc.py to service_doc.cpython-310.pyc\n'}
[0.549291] (task_controller) StdoutLine: {'line': b'byte-compiling /home/samiksha/ros2_ws/install/task_controller/lib/python3.10/site-packages/task_controller/client_doc.py to client_doc.cpython-310.pyc\n'}
[0.549538] (task_controller) StdoutLine: {'line': b'byte-compiling /home/samiksha/ros2_ws/install/task_controller/lib/python3.10/site-packages/task_controller/circle_turtle.py to circle_turtle.cpython-310.pyc\n'}
[0.549815] (task_controller) StdoutLine: {'line': b'byte-compiling /home/samiksha/ros2_ws/install/task_controller/lib/python3.10/site-packages/task_controller/letter_turtle.py to letter_turtle.cpython-310.pyc\n'}
[0.550170] (task_controller) StdoutLine: {'line': b'running install_data\n'}
[0.550240] (task_controller) StdoutLine: {'line': b'creating /home/samiksha/ros2_ws/install/task_controller/share/ament_index\n'}
[0.550300] (task_controller) StdoutLine: {'line': b'creating /home/samiksha/ros2_ws/install/task_controller/share/ament_index/resource_index\n'}
[0.550368] (task_controller) StdoutLine: {'line': b'creating /home/samiksha/ros2_ws/install/task_controller/share/ament_index/resource_index/packages\n'}
[0.550401] (task_controller) StdoutLine: {'line': b'copying resource/task_controller -> /home/samiksha/ros2_ws/install/task_controller/share/ament_index/resource_index/packages\n'}
[0.550433] (task_controller) StdoutLine: {'line': b'copying package.xml -> /home/samiksha/ros2_ws/install/task_controller/share/task_controller\n'}
[0.550505] (task_controller) StdoutLine: {'line': b'creating /home/samiksha/ros2_ws/install/task_controller/share/task_controllersrv\n'}
[0.550543] (task_controller) StdoutLine: {'line': b'running install_egg_info\n'}
[0.551979] (task_controller) StdoutLine: {'line': b'Copying ../../build/task_controller/task_controller.egg-info to /home/samiksha/ros2_ws/install/task_controller/lib/python3.10/site-packages/task_controller-60.0.0-py3.10.egg-info\n'}
[0.552302] (task_controller) StdoutLine: {'line': b'running install_scripts\n'}
[0.565401] (task_controller) StdoutLine: {'line': b"writing list of installed files to '/home/samiksha/ros2_ws/build/task_controller/install.log'\n"}
[0.582381] (task_controller) CommandEnded: {'returncode': 0}
[0.587964] (task_controller) JobEnded: {'identifier': 'task_controller', 'rc': 0}
[0.600033] (-) TimerEvent: {}
[0.636166] (my_package) StdoutLine: {'line': b'-- Found Python3: /usr/bin/python3 (found version "3.10.12") found components: Interpreter \n'}
[0.697976] (my_package) StdoutLine: {'line': b'-- Found rclcpp: 16.0.11 (/opt/ros/humble/share/rclcpp/cmake)\n'}
[0.700103] (-) TimerEvent: {}
[0.726686] (my_package) StdoutLine: {'line': b'-- Found rosidl_generator_c: 3.1.6 (/opt/ros/humble/share/rosidl_generator_c/cmake)\n'}
[0.730077] (my_package) StdoutLine: {'line': b'-- Found rosidl_adapter: 3.1.6 (/opt/ros/humble/share/rosidl_adapter/cmake)\n'}
[0.736116] (my_package) StdoutLine: {'line': b'-- Found rosidl_generator_cpp: 3.1.6 (/opt/ros/humble/share/rosidl_generator_cpp/cmake)\n'}
[0.736963] (turtlesim) StdoutLine: {'line': b'-- Found Python3: /usr/bin/python3 (found version "3.10.12") found components: Interpreter \n'}
[0.744413] (my_package) StdoutLine: {'line': b'-- Using all available rosidl_typesupport_c: rosidl_typesupport_fastrtps_c;rosidl_typesupport_introspection_c\n'}
[0.754428] (my_package) StdoutLine: {'line': b'-- Using all available rosidl_typesupport_cpp: rosidl_typesupport_fastrtps_cpp;rosidl_typesupport_introspection_cpp\n'}
[0.782067] (my_package) StdoutLine: {'line': b'-- Found rmw_implementation_cmake: 6.1.2 (/opt/ros/humble/share/rmw_implementation_cmake/cmake)\n'}
[0.783734] (my_package) StdoutLine: {'line': b'-- Found rmw_fastrtps_cpp: 6.2.7 (/opt/ros/humble/share/rmw_fastrtps_cpp/cmake)\n'}
[0.789846] (turtlesim) StdoutLine: {'line': b'-- Found ament_index_cpp: 1.4.0 (/opt/ros/humble/share/ament_index_cpp/cmake)\n'}
[0.790879] (turtlesim) StdoutLine: {'line': b'-- Found geometry_msgs: 4.2.4 (/opt/ros/humble/share/geometry_msgs/cmake)\n'}
[0.800185] (-) TimerEvent: {}
[0.809601] (turtlesim) StdoutLine: {'line': b'-- Found rosidl_generator_c: 3.1.6 (/opt/ros/humble/share/rosidl_generator_c/cmake)\n'}
[0.812127] (turtlesim) StdoutLine: {'line': b'-- Found rosidl_adapter: 3.1.6 (/opt/ros/humble/share/rosidl_adapter/cmake)\n'}
[0.816499] (turtlesim) StdoutLine: {'line': b'-- Found rosidl_generator_cpp: 3.1.6 (/opt/ros/humble/share/rosidl_generator_cpp/cmake)\n'}
[0.823065] (turtlesim) StdoutLine: {'line': b'-- Using all available rosidl_typesupport_c: rosidl_typesupport_fastrtps_c;rosidl_typesupport_introspection_c\n'}
[0.832132] (turtlesim) StdoutLine: {'line': b'-- Using all available rosidl_typesupport_cpp: rosidl_typesupport_fastrtps_cpp;rosidl_typesupport_introspection_cpp\n'}
[0.843903] (my_package) StdoutLine: {'line': b'-- Found OpenSSL: /usr/lib/x86_64-linux-gnu/libcrypto.so (found version "3.0.2")  \n'}
[0.859698] (my_package) StdoutLine: {'line': b'-- Found FastRTPS: /opt/ros/humble/include  \n'}
[0.865109] (turtlesim) StdoutLine: {'line': b'-- Found rclcpp: 16.0.11 (/opt/ros/humble/share/rclcpp/cmake)\n'}
[0.883714] (turtlesim) StdoutLine: {'line': b'-- Found rmw_implementation_cmake: 6.1.2 (/opt/ros/humble/share/rmw_implementation_cmake/cmake)\n'}
[0.883930] (my_package) StdoutLine: {'line': b"-- Using RMW implementation 'rmw_fastrtps_cpp' as default\n"}
[0.885243] (turtlesim) StdoutLine: {'line': b'-- Found rmw_fastrtps_cpp: 6.2.7 (/opt/ros/humble/share/rmw_fastrtps_cpp/cmake)\n'}
[0.889939] (my_package) StdoutLine: {'line': b'-- Looking for pthread.h\n'}
[0.900359] (-) TimerEvent: {}
[0.940502] (turtlesim) StdoutLine: {'line': b'-- Found OpenSSL: /usr/lib/x86_64-linux-gnu/libcrypto.so (found version "3.0.2")  \n'}
[0.940649] (my_package) StdoutLine: {'line': b'-- Looking for pthread.h - found\n'}
[0.940870] (my_package) StdoutLine: {'line': b'-- Performing Test CMAKE_HAVE_LIBC_PTHREAD\n'}
[0.956372] (turtlesim) StdoutLine: {'line': b'-- Found FastRTPS: /opt/ros/humble/include  \n'}
[0.981891] (turtlesim) StdoutLine: {'line': b"-- Using RMW implementation 'rmw_fastrtps_cpp' as default\n"}
[0.988986] (turtlesim) StdoutLine: {'line': b'-- Looking for pthread.h\n'}
[0.996156] (my_package) StdoutLine: {'line': b'-- Performing Test CMAKE_HAVE_LIBC_PTHREAD - Success\n'}
[0.997128] (my_package) StdoutLine: {'line': b'-- Found Threads: TRUE  \n'}
[1.000424] (-) TimerEvent: {}
[1.031519] (my_package) StdoutLine: {'line': b'-- Found example_interfaces: 0.9.3 (/opt/ros/humble/share/example_interfaces/cmake)\n'}
[1.037954] (turtlesim) StdoutLine: {'line': b'-- Looking for pthread.h - found\n'}
[1.038075] (turtlesim) StdoutLine: {'line': b'-- Performing Test CMAKE_HAVE_LIBC_PTHREAD\n'}
[1.090696] (turtlesim) StdoutLine: {'line': b'-- Performing Test CMAKE_HAVE_LIBC_PTHREAD - Success\n'}
[1.091737] (turtlesim) StdoutLine: {'line': b'-- Found Threads: TRUE  \n'}
[1.100518] (-) TimerEvent: {}
[1.101153] (my_package) StdoutLine: {'line': b'-- Configuring done\n'}
[1.110670] (my_package) StdoutLine: {'line': b'-- Generating done\n'}
[1.114600] (my_package) StdoutLine: {'line': b'-- Build files have been written to: /home/samiksha/ros2_ws/build/my_package\n'}
[1.115564] (turtlesim) StdoutLine: {'line': b'-- Found rclcpp_action: 16.0.11 (/opt/ros/humble/share/rclcpp_action/cmake)\n'}
[1.120153] (my_package) CommandEnded: {'returncode': 0}
[1.120541] (my_package) JobProgress: {'identifier': 'my_package', 'progress': 'build'}
[1.120920] (my_package) Command: {'cmd': ['/usr/bin/cmake', '--build', '/home/samiksha/ros2_ws/build/my_package', '--', '-j12', '-l12'], 'cwd': '/home/samiksha/ros2_ws/build/my_package', 'env': OrderedDict([('LESSOPEN', '| /usr/bin/lesspipe %s'), ('LANGUAGE', 'en_IN:en'), ('USER', 'samiksha'), ('XDG_SESSION_TYPE', 'wayland'), ('SHLVL', '1'), ('LD_LIBRARY_PATH', '/home/samiksha/ros2_ws/install/turtlesim/lib:/home/samiksha/ros2_ws/install/custom_interfaces/lib:/opt/ros/humble/opt/rviz_ogre_vendor/lib:/opt/ros/humble/lib/x86_64-linux-gnu:/opt/ros/humble/lib'), ('HOME', '/home/samiksha'), ('OLDPWD', '/home/samiksha/ros2_ws'), ('DESKTOP_SESSION', 'ubuntu'), ('ROS_PYTHON_VERSION', '3'), ('GNOME_SHELL_SESSION_MODE', 'ubuntu'), ('GTK_MODULES', 'gail:atk-bridge'), ('SYSTEMD_EXEC_PID', '1655'), ('DBUS_SESSION_BUS_ADDRESS', 'unix:path=/run/user/1000/bus'), ('COLORTERM', 'truecolor'), ('_colcon_cd_root', '/opt/ros/humble/'), ('IM_CONFIG_PHASE', '1'), ('WAYLAND_DISPLAY', 'wayland-0'), ('COLCON_PREFIX_PATH', '/home/samiksha/ros2_ws/install'), ('ROS_DISTRO', 'humble'), ('LOGNAME', 'samiksha'), ('_', '/usr/bin/colcon'), ('ROS_VERSION', '2'), ('XDG_SESSION_CLASS', 'user'), ('USERNAME', 'samiksha'), ('TERM', 'xterm-256color'), ('GNOME_DESKTOP_SESSION_ID', 'this-is-deprecated'), ('ROS_LOCALHOST_ONLY', '0'), ('PATH', '/opt/ros/humble/bin:/home/samiksha/.local/bin:/usr/local/sbin:/usr/local/bin:/usr/sbin:/usr/bin:/sbin:/bin:/usr/games:/usr/local/games:/snap/bin:/snap/bin'), ('SESSION_MANAGER', 'local/samiksha-Victus-by-HP-Gaming-Laptop-15-fa1xxx:@/tmp/.ICE-unix/1623,unix/samiksha-Victus-by-HP-Gaming-Laptop-15-fa1xxx:/tmp/.ICE-unix/1623'), ('XDG_MENU_PREFIX', 'gnome-'), ('GNOME_TERMINAL_SCREEN', '/org/gnome/Terminal/screen/6f94412b_566b_472e_ac4b_db35b92b6ac2'), ('GNOME_SETUP_DISPLAY', ':1'), ('XDG_RUNTIME_DIR', '/run/user/1000'), ('DISPLAY', ':0'), ('LANG', 'en_US.UTF-8'), ('XDG_CURRENT_DESKTOP', 'ubuntu:GNOME'), ('XMODIFIERS', '@im=ibus'), ('XDG_SESSION_DESKTOP', 'ubuntu'), ('XAUTHORITY', '/run/user/1000/.mutter-Xwaylandauth.3N7T02'), ('LS_COLORS', 'rs=0:di=01;34:ln=01;36:mh=00:pi=40;33:so=01;35:do=01;35:bd=40;33;01:cd=40;33;01:or=40;31;01:mi=00:su=37;41:sg=30;43:ca=30;41:tw=30;42:ow=34;42:st=37;44:ex=01;32:*.tar=01;31:*.tgz=01;31:*.arc=01;31:*.arj=01;31:*.taz=01;31:*.lha=01;31:*.lz4=01;31:*.lzh=01;31:*.lzma=01;31:*.tlz=01;31:*.txz=01;31:*.tzo=01;31:*.t7z=01;31:*.zip=01;31:*.z=01;31:*.dz=01;31:*.gz=01;31:*.lrz=01;31:*.lz=01;31:*.lzo=01;31:*.xz=01;31:*.zst=01;31:*.tzst=01;31:*.bz2=01;31:*.bz=01;31:*.tbz=01;31:*.tbz2=01;31:*.tz=01;31:*.deb=01;31:*.rpm=01;31:*.jar=01;31:*.war=01;31:*.ear=01;31:*.sar=01;31:*.rar=01;31:*.alz=01;31:*.ace=01;31:*.zoo=01;31:*.cpio=01;31:*.7z=01;31:*.rz=01;31:*.cab=01;31:*.wim=01;31:*.swm=01;31:*.dwm=01;31:*.esd=01;31:*.jpg=01;35:*.jpeg=01;35:*.mjpg=01;35:*.mjpeg=01;35:*.gif=01;35:*.bmp=01;35:*.pbm=01;35:*.pgm=01;35:*.ppm=01;35:*.tga=01;35:*.xbm=01;35:*.xpm=01;35:*.tif=01;35:*.tiff=01;35:*.png=01;35:*.svg=01;35:*.svgz=01;35:*.mng=01;35:*.pcx=01;35:*.mov=01;35:*.mpg=01;35:*.mpeg=01;35:*.m2v=01;35:*.mkv=01;35:*.webm=01;35:*.webp=01;35:*.ogm=01;35:*.mp4=01;35:*.m4v=01;35:*.mp4v=01;35:*.vob=01;35:*.qt=01;35:*.nuv=01;35:*.wmv=01;35:*.asf=01;35:*.rm=01;35:*.rmvb=01;35:*.flc=01;35:*.avi=01;35:*.fli=01;35:*.flv=01;35:*.gl=01;35:*.dl=01;35:*.xcf=01;35:*.xwd=01;35:*.yuv=01;35:*.cgm=01;35:*.emf=01;35:*.ogv=01;35:*.ogx=01;35:*.aac=00;36:*.au=00;36:*.flac=00;36:*.m4a=00;36:*.mid=00;36:*.midi=00;36:*.mka=00;36:*.mp3=00;36:*.mpc=00;36:*.ogg=00;36:*.ra=00;36:*.wav=00;36:*.oga=00;36:*.opus=00;36:*.spx=00;36:*.xspf=00;36:'), ('GNOME_TERMINAL_SERVICE', ':1.101'), ('SSH_AGENT_LAUNCHER', 'gnome-keyring'), ('SSH_AUTH_SOCK', '/run/user/1000/keyring/ssh'), ('AMENT_PREFIX_PATH', '/home/samiksha/ros2_ws/install/turtlesim:/home/samiksha/ros2_ws/install/task_controller:/home/samiksha/ros2_ws/install/my_package:/home/samiksha/ros2_ws/install/custom_interfaces:/opt/ros/humble'), ('SHELL', '/bin/bash'), ('QT_ACCESSIBILITY', '1'), ('GDMSESSION', 'ubuntu'), ('LESSCLOSE', '/usr/bin/lesspipe %s %s'), ('QT_IM_MODULE', 'ibus'), ('PWD', '/home/samiksha/ros2_ws/build/my_package'), ('LC_ALL', 'en_US.UTF-8'), ('XDG_CONFIG_DIRS', '/etc/xdg/xdg-ubuntu:/etc/xdg'), ('XDG_DATA_DIRS', '/usr/share/ubuntu:/usr/local/share/:/usr/share/:/var/lib/snapd/desktop'), ('PYTHONPATH', '/home/samiksha/ros2_ws/install/turtlesim/local/lib/python3.10/dist-packages:/home/samiksha/ros2_ws/install/task_controller/lib/python3.10/site-packages:/home/samiksha/ros2_ws/install/custom_interfaces/local/lib/python3.10/dist-packages:/opt/ros/humble/lib/python3.10/site-packages:/opt/ros/humble/local/lib/python3.10/dist-packages'), ('COLCON', '1'), ('VTE_VERSION', '6800'), ('CMAKE_PREFIX_PATH', '/home/samiksha/ros2_ws/install/turtlesim:/home/samiksha/ros2_ws/install/my_package:/home/samiksha/ros2_ws/install/custom_interfaces:/home/samiksha/ros2_ws/install/task_controller:/opt/ros/humble')]), 'shell': False}
[1.135944] (turtlesim) StdoutLine: {'line': b'-- Found rosidl_default_generators: 1.2.0 (/opt/ros/humble/share/rosidl_default_generators/cmake)\n'}
[1.141948] (turtlesim) StdoutLine: {'line': b'-- Found std_srvs: 4.2.4 (/opt/ros/humble/share/std_srvs/cmake)\n'}
[1.158832] (my_package) StdoutLine: {'line': b'[ 25%] \x1b[32mBuilding CXX object CMakeFiles/listener.dir/src/subscriber_member_function.cpp.o\x1b[0m\n'}
[1.159002] (my_package) StdoutLine: {'line': b'[ 25%] \x1b[32mBuilding CXX object CMakeFiles/server_doc.dir/src/service_doc.cpp.o\x1b[0m\n'}
[1.162974] (my_package) StdoutLine: {'line': b'[ 37%] \x1b[32mBuilding CXX object CMakeFiles/talker.dir/src/publisher_member_function.cpp.o\x1b[0m\n'}
[1.163921] (my_package) StdoutLine: {'line': b'[ 50%] \x1b[32mBuilding CXX object CMakeFiles/client_doc.dir/src/client_doc.cpp.o\x1b[0m\n'}
[1.200622] (-) TimerEvent: {}
[1.300892] (-) TimerEvent: {}
[1.401198] (-) TimerEvent: {}
[1.409004] (turtlesim) StdoutLine: {'line': b'-- Found ament_cmake_ros: 0.10.0 (/opt/ros/humble/share/ament_cmake_ros/cmake)\n'}
[1.501330] (-) TimerEvent: {}
[1.601656] (-) TimerEvent: {}
[1.701976] (-) TimerEvent: {}
[1.775688] (turtlesim) StdoutLine: {'line': b'-- Using all available rosidl_typesupport_c: rosidl_typesupport_fastrtps_c;rosidl_typesupport_introspection_c\n'}
[1.802080] (-) TimerEvent: {}
[1.902397] (-) TimerEvent: {}
[1.922822] (turtlesim) StdoutLine: {'line': b'-- Using all available rosidl_typesupport_cpp: rosidl_typesupport_fastrtps_cpp;rosidl_typesupport_introspection_cpp\n'}
[1.953897] (turtlesim) StdoutLine: {'line': b'-- Found PythonInterp: /usr/bin/python3 (found suitable version "3.10.12", minimum required is "3.6") \n'}
[1.955523] (turtlesim) StdoutLine: {'line': b'-- Found python_cmake_module: 0.10.0 (/opt/ros/humble/share/python_cmake_module/cmake)\n'}
[1.988624] (turtlesim) StdoutLine: {'line': b'-- Found PythonLibs: /usr/lib/x86_64-linux-gnu/libpython3.10.so (found suitable version "3.10.12", minimum required is "3.5") \n'}
[1.988839] (turtlesim) StdoutLine: {'line': b'-- Using PYTHON_EXECUTABLE: /usr/bin/python3\n'}
[1.988917] (turtlesim) StdoutLine: {'line': b'-- Using PYTHON_INCLUDE_DIRS: /usr/include/python3.10\n'}
[1.988973] (turtlesim) StdoutLine: {'line': b'-- Using PYTHON_LIBRARIES: /usr/lib/x86_64-linux-gnu/libpython3.10.so\n'}
[2.002512] (-) TimerEvent: {}
[2.016539] (turtlesim) StdoutLine: {'line': b'-- Found PythonExtra: .so  \n'}
[2.084938] (turtlesim) StdoutLine: {'line': b'-- Configuring done\n'}
[2.102626] (-) TimerEvent: {}
[2.152591] (turtlesim) StdoutLine: {'line': b'-- Generating done\n'}
[2.174925] (turtlesim) StdoutLine: {'line': b'-- Build files have been written to: /home/samiksha/ros2_ws/build/turtlesim\n'}
[2.187733] (turtlesim) CommandEnded: {'returncode': 0}
[2.188735] (turtlesim) JobProgress: {'identifier': 'turtlesim', 'progress': 'build'}
[2.188773] (turtlesim) Command: {'cmd': ['/usr/bin/cmake', '--build', '/home/samiksha/ros2_ws/build/turtlesim', '--', '-j12', '-l12'], 'cwd': '/home/samiksha/ros2_ws/build/turtlesim', 'env': OrderedDict([('LESSOPEN', '| /usr/bin/lesspipe %s'), ('LANGUAGE', 'en_IN:en'), ('USER', 'samiksha'), ('XDG_SESSION_TYPE', 'wayland'), ('SHLVL', '1'), ('LD_LIBRARY_PATH', '/home/samiksha/ros2_ws/install/turtlesim/lib:/home/samiksha/ros2_ws/install/custom_interfaces/lib:/opt/ros/humble/opt/rviz_ogre_vendor/lib:/opt/ros/humble/lib/x86_64-linux-gnu:/opt/ros/humble/lib'), ('HOME', '/home/samiksha'), ('OLDPWD', '/home/samiksha/ros2_ws'), ('DESKTOP_SESSION', 'ubuntu'), ('ROS_PYTHON_VERSION', '3'), ('GNOME_SHELL_SESSION_MODE', 'ubuntu'), ('GTK_MODULES', 'gail:atk-bridge'), ('SYSTEMD_EXEC_PID', '1655'), ('DBUS_SESSION_BUS_ADDRESS', 'unix:path=/run/user/1000/bus'), ('COLORTERM', 'truecolor'), ('_colcon_cd_root', '/opt/ros/humble/'), ('IM_CONFIG_PHASE', '1'), ('WAYLAND_DISPLAY', 'wayland-0'), ('COLCON_PREFIX_PATH', '/home/samiksha/ros2_ws/install'), ('ROS_DISTRO', 'humble'), ('LOGNAME', 'samiksha'), ('_', '/usr/bin/colcon'), ('ROS_VERSION', '2'), ('XDG_SESSION_CLASS', 'user'), ('USERNAME', 'samiksha'), ('TERM', 'xterm-256color'), ('GNOME_DESKTOP_SESSION_ID', 'this-is-deprecated'), ('ROS_LOCALHOST_ONLY', '0'), ('PATH', '/opt/ros/humble/bin:/home/samiksha/.local/bin:/usr/local/sbin:/usr/local/bin:/usr/sbin:/usr/bin:/sbin:/bin:/usr/games:/usr/local/games:/snap/bin:/snap/bin'), ('SESSION_MANAGER', 'local/samiksha-Victus-by-HP-Gaming-Laptop-15-fa1xxx:@/tmp/.ICE-unix/1623,unix/samiksha-Victus-by-HP-Gaming-Laptop-15-fa1xxx:/tmp/.ICE-unix/1623'), ('XDG_MENU_PREFIX', 'gnome-'), ('GNOME_TERMINAL_SCREEN', '/org/gnome/Terminal/screen/6f94412b_566b_472e_ac4b_db35b92b6ac2'), ('GNOME_SETUP_DISPLAY', ':1'), ('XDG_RUNTIME_DIR', '/run/user/1000'), ('DISPLAY', ':0'), ('LANG', 'en_US.UTF-8'), ('XDG_CURRENT_DESKTOP', 'ubuntu:GNOME'), ('XMODIFIERS', '@im=ibus'), ('XDG_SESSION_DESKTOP', 'ubuntu'), ('XAUTHORITY', '/run/user/1000/.mutter-Xwaylandauth.3N7T02'), ('LS_COLORS', 'rs=0:di=01;34:ln=01;36:mh=00:pi=40;33:so=01;35:do=01;35:bd=40;33;01:cd=40;33;01:or=40;31;01:mi=00:su=37;41:sg=30;43:ca=30;41:tw=30;42:ow=34;42:st=37;44:ex=01;32:*.tar=01;31:*.tgz=01;31:*.arc=01;31:*.arj=01;31:*.taz=01;31:*.lha=01;31:*.lz4=01;31:*.lzh=01;31:*.lzma=01;31:*.tlz=01;31:*.txz=01;31:*.tzo=01;31:*.t7z=01;31:*.zip=01;31:*.z=01;31:*.dz=01;31:*.gz=01;31:*.lrz=01;31:*.lz=01;31:*.lzo=01;31:*.xz=01;31:*.zst=01;31:*.tzst=01;31:*.bz2=01;31:*.bz=01;31:*.tbz=01;31:*.tbz2=01;31:*.tz=01;31:*.deb=01;31:*.rpm=01;31:*.jar=01;31:*.war=01;31:*.ear=01;31:*.sar=01;31:*.rar=01;31:*.alz=01;31:*.ace=01;31:*.zoo=01;31:*.cpio=01;31:*.7z=01;31:*.rz=01;31:*.cab=01;31:*.wim=01;31:*.swm=01;31:*.dwm=01;31:*.esd=01;31:*.jpg=01;35:*.jpeg=01;35:*.mjpg=01;35:*.mjpeg=01;35:*.gif=01;35:*.bmp=01;35:*.pbm=01;35:*.pgm=01;35:*.ppm=01;35:*.tga=01;35:*.xbm=01;35:*.xpm=01;35:*.tif=01;35:*.tiff=01;35:*.png=01;35:*.svg=01;35:*.svgz=01;35:*.mng=01;35:*.pcx=01;35:*.mov=01;35:*.mpg=01;35:*.mpeg=01;35:*.m2v=01;35:*.mkv=01;35:*.webm=01;35:*.webp=01;35:*.ogm=01;35:*.mp4=01;35:*.m4v=01;35:*.mp4v=01;35:*.vob=01;35:*.qt=01;35:*.nuv=01;35:*.wmv=01;35:*.asf=01;35:*.rm=01;35:*.rmvb=01;35:*.flc=01;35:*.avi=01;35:*.fli=01;35:*.flv=01;35:*.gl=01;35:*.dl=01;35:*.xcf=01;35:*.xwd=01;35:*.yuv=01;35:*.cgm=01;35:*.emf=01;35:*.ogv=01;35:*.ogx=01;35:*.aac=00;36:*.au=00;36:*.flac=00;36:*.m4a=00;36:*.mid=00;36:*.midi=00;36:*.mka=00;36:*.mp3=00;36:*.mpc=00;36:*.ogg=00;36:*.ra=00;36:*.wav=00;36:*.oga=00;36:*.opus=00;36:*.spx=00;36:*.xspf=00;36:'), ('GNOME_TERMINAL_SERVICE', ':1.101'), ('SSH_AGENT_LAUNCHER', 'gnome-keyring'), ('SSH_AUTH_SOCK', '/run/user/1000/keyring/ssh'), ('AMENT_PREFIX_PATH', '/home/samiksha/ros2_ws/install/turtlesim:/home/samiksha/ros2_ws/install/task_controller:/home/samiksha/ros2_ws/install/my_package:/home/samiksha/ros2_ws/install/custom_interfaces:/opt/ros/humble'), ('SHELL', '/bin/bash'), ('QT_ACCESSIBILITY', '1'), ('GDMSESSION', 'ubuntu'), ('LESSCLOSE', '/usr/bin/lesspipe %s %s'), ('QT_IM_MODULE', 'ibus'), ('PWD', '/home/samiksha/ros2_ws/build/turtlesim'), ('LC_ALL', 'en_US.UTF-8'), ('XDG_CONFIG_DIRS', '/etc/xdg/xdg-ubuntu:/etc/xdg'), ('XDG_DATA_DIRS', '/usr/share/ubuntu:/usr/local/share/:/usr/share/:/var/lib/snapd/desktop'), ('PYTHONPATH', '/home/samiksha/ros2_ws/install/turtlesim/local/lib/python3.10/dist-packages:/home/samiksha/ros2_ws/install/task_controller/lib/python3.10/site-packages:/home/samiksha/ros2_ws/install/custom_interfaces/local/lib/python3.10/dist-packages:/opt/ros/humble/lib/python3.10/site-packages:/opt/ros/humble/local/lib/python3.10/dist-packages'), ('COLCON', '1'), ('VTE_VERSION', '6800'), ('CMAKE_PREFIX_PATH', '/home/samiksha/ros2_ws/install/turtlesim:/home/samiksha/ros2_ws/install/my_package:/home/samiksha/ros2_ws/install/custom_interfaces:/home/samiksha/ros2_ws/install/task_controller:/opt/ros/humble')]), 'shell': False}
[2.202793] (-) TimerEvent: {}
[2.234893] (turtlesim) StdoutLine: {'line': b'[  1%] \x1b[34m\x1b[1mGenerating C code for ROS interfaces\x1b[0m\n'}
[2.246056] (turtlesim) StdoutLine: {'line': b'[  2%] \x1b[34m\x1b[1mGenerating C++ code for ROS interfaces\x1b[0m\n'}
[2.252708] (turtlesim) StdoutLine: {'line': b'[  2%] Built target ament_cmake_python_copy_turtlesim\n'}
[2.302958] (-) TimerEvent: {}
[2.403295] (-) TimerEvent: {}
[2.440259] (turtlesim) StdoutLine: {'line': b'running egg_info\n'}
[2.440635] (turtlesim) StdoutLine: {'line': b'creating turtlesim.egg-info\n'}
[2.441208] (turtlesim) StdoutLine: {'line': b"writing manifest file 'turtlesim.egg-info/SOURCES.txt'\n"}
[2.443223] (turtlesim) StdoutLine: {'line': b"writing manifest file 'turtlesim.egg-info/SOURCES.txt'\n"}
[2.468659] (turtlesim) StdoutLine: {'line': b'[  2%] Built target ament_cmake_python_build_turtlesim_egg\n'}
[2.503404] (-) TimerEvent: {}
[2.603763] (-) TimerEvent: {}
[2.704140] (-) TimerEvent: {}
[2.804521] (-) TimerEvent: {}
[2.904855] (-) TimerEvent: {}
[3.008404] (-) TimerEvent: {}
[3.037221] (turtlesim) StdoutLine: {'line': b'[  2%] Built target turtlesim__cpp\n'}
[3.050251] (turtlesim) StdoutLine: {'line': b'[  3%] \x1b[34m\x1b[1mGenerating C++ type support for eProsima Fast-RTPS\x1b[0m\n'}
[3.050503] (turtlesim) StdoutLine: {'line': b'[  4%] \x1b[34m\x1b[1mGenerating C++ type support dispatch for ROS interfaces\x1b[0m\n'}
[3.051362] (turtlesim) StdoutLine: {'line': b'[  5%] \x1b[34m\x1b[1mGenerating C++ introspection for ROS interfaces\x1b[0m\n'}
[3.108525] (-) TimerEvent: {}
[3.212388] (-) TimerEvent: {}
[3.312729] (-) TimerEvent: {}
[3.413059] (-) TimerEvent: {}
[3.467349] (turtlesim) StdoutLine: {'line': b'[  6%] \x1b[32mBuilding C object CMakeFiles/turtlesim__rosidl_generator_c.dir/rosidl_generator_c/turtlesim/action/detail/rotate_absolute__functions.c.o\x1b[0m\n'}
[3.467631] (turtlesim) StdoutLine: {'line': b'[  7%] \x1b[32mBuilding C object CMakeFiles/turtlesim__rosidl_generator_c.dir/rosidl_generator_c/turtlesim/msg/detail/color__functions.c.o\x1b[0m\n'}
[3.467737] (turtlesim) StdoutLine: {'line': b'[  8%] \x1b[32mBuilding C object CMakeFiles/turtlesim__rosidl_generator_c.dir/rosidl_generator_c/turtlesim/srv/detail/kill__functions.c.o\x1b[0m\n'}
[3.467851] (turtlesim) StdoutLine: {'line': b'[  9%] \x1b[32mBuilding C object CMakeFiles/turtlesim__rosidl_generator_c.dir/rosidl_generator_c/turtlesim/srv/detail/set_pen__functions.c.o\x1b[0m\n'}
[3.467948] (turtlesim) StdoutLine: {'line': b'[ 10%] \x1b[32mBuilding C object CMakeFiles/turtlesim__rosidl_generator_c.dir/rosidl_generator_c/turtlesim/msg/detail/pose__functions.c.o\x1b[0m\n'}
[3.475265] (turtlesim) StdoutLine: {'line': b'[ 11%] \x1b[32mBuilding C object CMakeFiles/turtlesim__rosidl_generator_c.dir/rosidl_generator_c/turtlesim/srv/detail/teleport_absolute__functions.c.o\x1b[0m\n'}
[3.475545] (turtlesim) StdoutLine: {'line': b'[ 12%] \x1b[32mBuilding C object CMakeFiles/turtlesim__rosidl_generator_c.dir/rosidl_generator_c/turtlesim/srv/detail/teleport_relative__functions.c.o\x1b[0m\n'}
[3.477608] (turtlesim) StdoutLine: {'line': b'[ 13%] \x1b[32mBuilding C object CMakeFiles/turtlesim__rosidl_generator_c.dir/rosidl_generator_c/turtlesim/srv/detail/spawn__functions.c.o\x1b[0m\n'}
[3.513171] (-) TimerEvent: {}
[3.613620] (-) TimerEvent: {}
[3.633805] (turtlesim) StdoutLine: {'line': b'[ 14%] \x1b[32m\x1b[1mLinking C shared library libturtlesim__rosidl_generator_c.so\x1b[0m\n'}
[3.675909] (turtlesim) StdoutLine: {'line': b'[ 14%] Built target turtlesim__rosidl_generator_c\n'}
[3.676195] (turtlesim) StdoutLine: {'line': b'[ 15%] \x1b[32mBuilding CXX object CMakeFiles/turtlesim__rosidl_typesupport_cpp.dir/rosidl_typesupport_cpp/turtlesim/action/rotate_absolute__type_support.cpp.o\x1b[0m\n'}
[3.676332] (turtlesim) StdoutLine: {'line': b'[ 16%] \x1b[32mBuilding CXX object CMakeFiles/turtlesim__rosidl_typesupport_cpp.dir/rosidl_typesupport_cpp/turtlesim/msg/color__type_support.cpp.o\x1b[0m\n'}
[3.676897] (turtlesim) StdoutLine: {'line': b'[ 17%] \x1b[32mBuilding CXX object CMakeFiles/turtlesim__rosidl_typesupport_cpp.dir/rosidl_typesupport_cpp/turtlesim/srv/set_pen__type_support.cpp.o\x1b[0m\n'}
[3.677220] (turtlesim) StdoutLine: {'line': b'[ 18%] \x1b[32mBuilding CXX object CMakeFiles/turtlesim__rosidl_typesupport_cpp.dir/rosidl_typesupport_cpp/turtlesim/srv/kill__type_support.cpp.o\x1b[0m\n'}
[3.679860] (turtlesim) StdoutLine: {'line': b'[ 19%] \x1b[32mBuilding CXX object CMakeFiles/turtlesim__rosidl_typesupport_cpp.dir/rosidl_typesupport_cpp/turtlesim/msg/pose__type_support.cpp.o\x1b[0m\n'}
[3.684019] (turtlesim) StdoutLine: {'line': b'[ 20%] \x1b[32mBuilding CXX object CMakeFiles/turtlesim__rosidl_typesupport_cpp.dir/rosidl_typesupport_cpp/turtlesim/srv/spawn__type_support.cpp.o\x1b[0m\n'}
[3.684307] (turtlesim) StdoutLine: {'line': b'[ 21%] \x1b[32mBuilding CXX object CMakeFiles/turtlesim__rosidl_typesupport_cpp.dir/rosidl_typesupport_cpp/turtlesim/srv/teleport_relative__type_support.cpp.o\x1b[0m\n'}
[3.688790] (turtlesim) StdoutLine: {'line': b'[ 23%] \x1b[32mBuilding CXX object CMakeFiles/turtlesim__rosidl_typesupport_cpp.dir/rosidl_typesupport_cpp/turtlesim/srv/teleport_absolute__type_support.cpp.o\x1b[0m\n'}
[3.689003] (turtlesim) StdoutLine: {'line': b'[ 23%] \x1b[34m\x1b[1mGenerating C type support for eProsima Fast-RTPS\x1b[0m\n'}
[3.694194] (turtlesim) StdoutLine: {'line': b'[ 24%] \x1b[34m\x1b[1mGenerating C introspection for ROS interfaces\x1b[0m\n'}
[3.713731] (-) TimerEvent: {}
[3.814064] (-) TimerEvent: {}
[3.914875] (-) TimerEvent: {}
[4.016450] (-) TimerEvent: {}
[4.070451] (turtlesim) StdoutLine: {'line': b'[ 25%] \x1b[34m\x1b[1mGenerating C type support dispatch for ROS interfaces\x1b[0m\n'}
[4.116565] (-) TimerEvent: {}
[4.171085] (turtlesim) StdoutLine: {'line': b'[ 26%] \x1b[32mBuilding CXX object CMakeFiles/turtlesim__rosidl_typesupport_introspection_cpp.dir/rosidl_typesupport_introspection_cpp/turtlesim/action/detail/rotate_absolute__type_support.cpp.o\x1b[0m\n'}
[4.175159] (turtlesim) StdoutLine: {'line': b'[ 27%] \x1b[32mBuilding CXX object CMakeFiles/turtlesim__rosidl_typesupport_introspection_cpp.dir/rosidl_typesupport_introspection_cpp/turtlesim/msg/detail/color__type_support.cpp.o\x1b[0m\n'}
[4.186570] (turtlesim) StdoutLine: {'line': b'[ 28%] \x1b[32mBuilding CXX object CMakeFiles/turtlesim__rosidl_typesupport_introspection_cpp.dir/rosidl_typesupport_introspection_cpp/turtlesim/srv/detail/kill__type_support.cpp.o\x1b[0m\n'}
[4.186839] (turtlesim) StdoutLine: {'line': b'[ 29%] \x1b[32mBuilding CXX object CMakeFiles/turtlesim__rosidl_typesupport_introspection_cpp.dir/rosidl_typesupport_introspection_cpp/turtlesim/msg/detail/pose__type_support.cpp.o\x1b[0m\n'}
[4.199498] (turtlesim) StdoutLine: {'line': b'[ 30%] \x1b[32mBuilding CXX object CMakeFiles/turtlesim__rosidl_typesupport_introspection_cpp.dir/rosidl_typesupport_introspection_cpp/turtlesim/srv/detail/spawn__type_support.cpp.o\x1b[0m\n'}
[4.200490] (turtlesim) StdoutLine: {'line': b'[ 31%] \x1b[32mBuilding CXX object CMakeFiles/turtlesim__rosidl_typesupport_introspection_cpp.dir/rosidl_typesupport_introspection_cpp/turtlesim/srv/detail/set_pen__type_support.cpp.o\x1b[0m\n'}
[4.220256] (-) TimerEvent: {}
[4.225522] (turtlesim) StdoutLine: {'line': b'[ 32%] \x1b[32mBuilding CXX object CMakeFiles/turtlesim__rosidl_typesupport_fastrtps_cpp.dir/rosidl_typesupport_fastrtps_cpp/turtlesim/action/detail/dds_fastrtps/rotate_absolute__type_support.cpp.o\x1b[0m\n'}
[4.255337] (my_package) StdoutLine: {'line': b'[ 62%] \x1b[32m\x1b[1mLinking CXX executable server_doc\x1b[0m\n'}
[4.320254] (turtlesim) StdoutLine: {'line': b'[ 33%] \x1b[32mBuilding CXX object CMakeFiles/turtlesim__rosidl_typesupport_introspection_cpp.dir/rosidl_typesupport_introspection_cpp/turtlesim/srv/detail/teleport_absolute__type_support.cpp.o\x1b[0m\n'}
[4.320522] (-) TimerEvent: {}
[4.421033] (-) TimerEvent: {}
[4.521568] (-) TimerEvent: {}
[4.597305] (turtlesim) StdoutLine: {'line': b'[ 34%] \x1b[32m\x1b[1mLinking CXX shared library libturtlesim__rosidl_typesupport_cpp.so\x1b[0m\n'}
[4.621697] (-) TimerEvent: {}
[4.669679] (turtlesim) StdoutLine: {'line': b'[ 34%] Built target turtlesim__rosidl_typesupport_cpp\n'}
[4.682413] (turtlesim) StdoutLine: {'line': b'[ 35%] \x1b[32mBuilding CXX object CMakeFiles/turtlesim__rosidl_typesupport_fastrtps_cpp.dir/rosidl_typesupport_fastrtps_cpp/turtlesim/msg/detail/dds_fastrtps/color__type_support.cpp.o\x1b[0m\n'}
[4.721948] (-) TimerEvent: {}
[4.724342] (my_package) StdoutLine: {'line': b'[ 62%] Built target server_doc\n'}
[4.822063] (-) TimerEvent: {}
[4.829044] (turtlesim) StdoutLine: {'line': b'[ 36%] \x1b[34m\x1b[1mGenerating include/turtlesim/moc_turtle_frame.cpp\x1b[0m\n'}
[4.847254] (turtlesim) StdoutLine: {'line': b'[ 37%] \x1b[32mBuilding CXX object CMakeFiles/turtlesim__rosidl_typesupport_introspection_cpp.dir/rosidl_typesupport_introspection_cpp/turtlesim/srv/detail/teleport_relative__type_support.cpp.o\x1b[0m\n'}
[4.922189] (-) TimerEvent: {}
[4.958333] (turtlesim) StdoutLine: {'line': b'[ 38%] \x1b[32mBuilding CXX object CMakeFiles/turtle_teleop_key.dir/tutorials/teleop_turtle_key.cpp.o\x1b[0m\n'}
[5.022255] (-) TimerEvent: {}
[5.023285] (turtlesim) StdoutLine: {'line': b'[ 39%] \x1b[32mBuilding CXX object CMakeFiles/turtlesim__rosidl_typesupport_fastrtps_cpp.dir/rosidl_typesupport_fastrtps_cpp/turtlesim/msg/detail/dds_fastrtps/pose__type_support.cpp.o\x1b[0m\n'}
[5.034493] (turtlesim) StdoutLine: {'line': b'[ 40%] \x1b[32mBuilding CXX object CMakeFiles/turtlesim_node.dir/src/turtlesim.cpp.o\x1b[0m\n'}
[5.059330] (turtlesim) StdoutLine: {'line': b'[ 41%] \x1b[32mBuilding CXX object CMakeFiles/turtlesim_node.dir/src/turtle.cpp.o\x1b[0m\n'}
[5.122359] (-) TimerEvent: {}
[5.138265] (my_package) StdoutLine: {'line': b'[ 75%] \x1b[32m\x1b[1mLinking CXX executable client_doc\x1b[0m\n'}
[5.159191] (turtlesim) StdoutLine: {'line': b'[ 42%] \x1b[32mBuilding CXX object CMakeFiles/turtlesim__rosidl_typesupport_fastrtps_cpp.dir/rosidl_typesupport_fastrtps_cpp/turtlesim/srv/detail/dds_fastrtps/kill__type_support.cpp.o\x1b[0m\n'}
[5.178055] (turtlesim) StdoutLine: {'line': b'[ 43%] \x1b[32mBuilding CXX object CMakeFiles/turtlesim_node.dir/src/turtle_frame.cpp.o\x1b[0m\n'}
[5.182479] (turtlesim) StdoutLine: {'line': b'[ 44%] \x1b[32mBuilding C object CMakeFiles/turtlesim__rosidl_typesupport_introspection_c.dir/rosidl_typesupport_introspection_c/turtlesim/action/detail/rotate_absolute__type_support.c.o\x1b[0m\n'}
[5.222482] (-) TimerEvent: {}
[5.265505] (turtlesim) StdoutLine: {'line': b'[ 45%] \x1b[32mBuilding CXX object CMakeFiles/turtlesim_node.dir/include/turtlesim/moc_turtle_frame.cpp.o\x1b[0m\n'}
[5.281280] (turtlesim) StdoutLine: {'line': b'[ 46%] \x1b[32mBuilding C object CMakeFiles/turtlesim__rosidl_typesupport_introspection_c.dir/rosidl_typesupport_introspection_c/turtlesim/msg/detail/color__type_support.c.o\x1b[0m\n'}
[5.323447] (-) TimerEvent: {}
[5.326917] (turtlesim) StdoutLine: {'line': b'[ 47%] \x1b[32mBuilding C object CMakeFiles/turtlesim__rosidl_typesupport_introspection_c.dir/rosidl_typesupport_introspection_c/turtlesim/msg/detail/pose__type_support.c.o\x1b[0m\n'}
[5.339745] (turtlesim) StdoutLine: {'line': b'[ 48%] \x1b[32mBuilding CXX object CMakeFiles/turtlesim__rosidl_typesupport_c.dir/rosidl_typesupport_c/turtlesim/action/rotate_absolute__type_support.cpp.o\x1b[0m\n'}
[5.404520] (turtlesim) StdoutLine: {'line': b'[ 49%] \x1b[32mBuilding C object CMakeFiles/turtlesim__rosidl_typesupport_introspection_c.dir/rosidl_typesupport_introspection_c/turtlesim/srv/detail/kill__type_support.c.o\x1b[0m\n'}
[5.419263] (turtlesim) StdoutLine: {'line': b'[ 50%] \x1b[32mBuilding CXX object CMakeFiles/turtlesim__rosidl_typesupport_c.dir/rosidl_typesupport_c/turtlesim/msg/color__type_support.cpp.o\x1b[0m\n'}
[5.423576] (-) TimerEvent: {}
[5.438674] (turtlesim) StdoutLine: {'line': b'[ 51%] \x1b[32mBuilding CXX object CMakeFiles/draw_square.dir/tutorials/draw_square.cpp.o\x1b[0m\n'}
[5.470255] (turtlesim) StdoutLine: {'line': b'[ 52%] \x1b[32mBuilding C object CMakeFiles/turtlesim__rosidl_typesupport_introspection_c.dir/rosidl_typesupport_introspection_c/turtlesim/srv/detail/set_pen__type_support.c.o\x1b[0m\n'}
[5.471619] (turtlesim) StdoutLine: {'line': b'[ 53%] \x1b[32mBuilding CXX object CMakeFiles/turtlesim__rosidl_typesupport_fastrtps_c.dir/rosidl_typesupport_fastrtps_c/turtlesim/action/detail/rotate_absolute__type_support_c.cpp.o\x1b[0m\n'}
[5.487023] (my_package) StdoutLine: {'line': b'[ 75%] Built target client_doc\n'}
[5.489157] (turtlesim) StdoutLine: {'line': b'[ 54%] \x1b[32mBuilding CXX object CMakeFiles/turtlesim__rosidl_typesupport_c.dir/rosidl_typesupport_c/turtlesim/msg/pose__type_support.cpp.o\x1b[0m\n'}
[5.523689] (-) TimerEvent: {}
[5.532331] (turtlesim) StdoutLine: {'line': b'[ 55%] \x1b[32m\x1b[1mLinking CXX shared library libturtlesim__rosidl_typesupport_introspection_cpp.so\x1b[0m\n'}
[5.547699] (turtlesim) StdoutLine: {'line': b'[ 56%] \x1b[32mBuilding C object CMakeFiles/turtlesim__rosidl_typesupport_introspection_c.dir/rosidl_typesupport_introspection_c/turtlesim/srv/detail/spawn__type_support.c.o\x1b[0m\n'}
[5.548785] (turtlesim) StdoutLine: {'line': b'[ 57%] \x1b[32mBuilding CXX object CMakeFiles/turtlesim__rosidl_typesupport_c.dir/rosidl_typesupport_c/turtlesim/srv/kill__type_support.cpp.o\x1b[0m\n'}
[5.570420] (turtlesim) StdoutLine: {'line': b'[ 58%] \x1b[32mBuilding CXX object CMakeFiles/turtlesim__rosidl_typesupport_c.dir/rosidl_typesupport_c/turtlesim/srv/set_pen__type_support.cpp.o\x1b[0m\n'}
[5.588508] (turtlesim) StdoutLine: {'line': b'[ 59%] \x1b[32mBuilding CXX object CMakeFiles/turtlesim__rosidl_typesupport_c.dir/rosidl_typesupport_c/turtlesim/srv/spawn__type_support.cpp.o\x1b[0m\n'}
[5.604635] (turtlesim) StdoutLine: {'line': b'[ 60%] \x1b[32mBuilding CXX object CMakeFiles/turtlesim__rosidl_typesupport_fastrtps_c.dir/rosidl_typesupport_fastrtps_c/turtlesim/msg/detail/color__type_support_c.cpp.o\x1b[0m\n'}
[5.623891] (-) TimerEvent: {}
[5.639507] (turtlesim) StdoutLine: {'line': b'[ 61%] \x1b[32mBuilding C object CMakeFiles/turtlesim__rosidl_typesupport_introspection_c.dir/rosidl_typesupport_introspection_c/turtlesim/srv/detail/teleport_absolute__type_support.c.o\x1b[0m\n'}
[5.645588] (turtlesim) StdoutLine: {'line': b'[ 62%] \x1b[32mBuilding CXX object CMakeFiles/turtlesim__rosidl_typesupport_c.dir/rosidl_typesupport_c/turtlesim/srv/teleport_absolute__type_support.cpp.o\x1b[0m\n'}
[5.703335] (turtlesim) StdoutLine: {'line': b'[ 63%] \x1b[32mBuilding CXX object CMakeFiles/turtlesim__rosidl_typesupport_c.dir/rosidl_typesupport_c/turtlesim/srv/teleport_relative__type_support.cpp.o\x1b[0m\n'}
[5.703802] (turtlesim) StdoutLine: {'line': b'[ 63%] Built target turtlesim__rosidl_typesupport_introspection_cpp\n'}
[5.715856] (turtlesim) StdoutLine: {'line': b'[ 64%] \x1b[32mBuilding C object CMakeFiles/turtlesim__rosidl_typesupport_introspection_c.dir/rosidl_typesupport_introspection_c/turtlesim/srv/detail/teleport_relative__type_support.c.o\x1b[0m\n'}
[5.724032] (-) TimerEvent: {}
[5.727407] (turtlesim) StdoutLine: {'line': b'[ 65%] \x1b[32mBuilding CXX object CMakeFiles/turtlesim__rosidl_typesupport_fastrtps_c.dir/rosidl_typesupport_fastrtps_c/turtlesim/msg/detail/pose__type_support_c.cpp.o\x1b[0m\n'}
[5.756931] (turtlesim) StdoutLine: {'line': b'[ 66%] \x1b[32m\x1b[1mLinking CXX shared library libturtlesim__rosidl_typesupport_c.so\x1b[0m\n'}
[5.767349] (turtlesim) StdoutLine: {'line': b'[ 67%] \x1b[32m\x1b[1mLinking C shared library libturtlesim__rosidl_typesupport_introspection_c.so\x1b[0m\n'}
[5.824297] (turtlesim) StdoutLine: {'line': b'[ 68%] \x1b[32mBuilding CXX object CMakeFiles/turtlesim__rosidl_typesupport_fastrtps_cpp.dir/rosidl_typesupport_fastrtps_cpp/turtlesim/srv/detail/dds_fastrtps/set_pen__type_support.cpp.o\x1b[0m\n'}
[5.824536] (-) TimerEvent: {}
[5.826200] (turtlesim) StdoutLine: {'line': b'[ 68%] Built target turtlesim__rosidl_typesupport_c\n'}
[5.836355] (turtlesim) StdoutLine: {'line': b'[ 68%] Built target turtlesim__rosidl_typesupport_introspection_c\n'}
[5.846309] (turtlesim) StdoutLine: {'line': b'[ 69%] \x1b[32mBuilding CXX object CMakeFiles/turtlesim__rosidl_typesupport_fastrtps_c.dir/rosidl_typesupport_fastrtps_c/turtlesim/srv/detail/kill__type_support_c.cpp.o\x1b[0m\n'}
[5.862469] (turtlesim) StdoutLine: {'line': b'[ 70%] \x1b[32mBuilding CXX object CMakeFiles/turtlesim__rosidl_typesupport_fastrtps_c.dir/rosidl_typesupport_fastrtps_c/turtlesim/srv/detail/set_pen__type_support_c.cpp.o\x1b[0m\n'}
[5.924678] (-) TimerEvent: {}
[5.950306] (my_package) StdoutLine: {'line': b'[ 87%] \x1b[32m\x1b[1mLinking CXX executable talker\x1b[0m\n'}
[6.017625] (turtlesim) StdoutLine: {'line': b'[ 71%] \x1b[32mBuilding CXX object CMakeFiles/turtlesim__rosidl_typesupport_fastrtps_cpp.dir/rosidl_typesupport_fastrtps_cpp/turtlesim/srv/detail/dds_fastrtps/spawn__type_support.cpp.o\x1b[0m\n'}
[6.024867] (-) TimerEvent: {}
[6.125283] (-) TimerEvent: {}
[6.181983] (turtlesim) StdoutLine: {'line': b'[ 72%] \x1b[32mBuilding CXX object CMakeFiles/turtlesim__rosidl_typesupport_fastrtps_cpp.dir/rosidl_typesupport_fastrtps_cpp/turtlesim/srv/detail/dds_fastrtps/teleport_absolute__type_support.cpp.o\x1b[0m\n'}
[6.225403] (-) TimerEvent: {}
[6.273912] (turtlesim) StdoutLine: {'line': b'[ 73%] \x1b[32mBuilding CXX object CMakeFiles/mimic.dir/tutorials/mimic.cpp.o\x1b[0m\n'}
[6.325534] (-) TimerEvent: {}
[6.328558] (my_package) StdoutLine: {'line': b'[ 87%] Built target talker\n'}
[6.368439] (turtlesim) StdoutLine: {'line': b'[ 74%] \x1b[32mBuilding CXX object CMakeFiles/turtlesim__rosidl_typesupport_fastrtps_cpp.dir/rosidl_typesupport_fastrtps_cpp/turtlesim/srv/detail/dds_fastrtps/teleport_relative__type_support.cpp.o\x1b[0m\n'}
[6.425669] (-) TimerEvent: {}
[6.473083] (turtlesim) StdoutLine: {'line': b'[ 75%] \x1b[32mBuilding CXX object CMakeFiles/turtlesim__rosidl_typesupport_fastrtps_c.dir/rosidl_typesupport_fastrtps_c/turtlesim/srv/detail/spawn__type_support_c.cpp.o\x1b[0m\n'}
[6.525801] (-) TimerEvent: {}
[6.549293] (turtlesim) StdoutLine: {'line': b'[ 76%] \x1b[32mBuilding CXX object CMakeFiles/turtlesim__rosidl_typesupport_fastrtps_c.dir/rosidl_typesupport_fastrtps_c/turtlesim/srv/detail/teleport_absolute__type_support_c.cpp.o\x1b[0m\n'}
[6.584403] (turtlesim) StdoutLine: {'line': b'[ 77%] \x1b[32mBuilding CXX object CMakeFiles/turtlesim__rosidl_typesupport_fastrtps_c.dir/rosidl_typesupport_fastrtps_c/turtlesim/srv/detail/teleport_relative__type_support_c.cpp.o\x1b[0m\n'}
[6.625943] (-) TimerEvent: {}
[6.726403] (-) TimerEvent: {}
[6.829294] (-) TimerEvent: {}
[6.929726] (-) TimerEvent: {}
[7.030136] (-) TimerEvent: {}
[7.048186] (turtlesim) StdoutLine: {'line': b'[ 78%] \x1b[32m\x1b[1mLinking CXX shared library libturtlesim__rosidl_typesupport_fastrtps_c.so\x1b[0m\n'}
[7.075441] (turtlesim) StdoutLine: {'line': b'[ 79%] \x1b[32m\x1b[1mLinking CXX shared library libturtlesim__rosidl_typesupport_fastrtps_cpp.so\x1b[0m\n'}
[7.130309] (-) TimerEvent: {}
[7.136133] (turtlesim) StdoutLine: {'line': b'[ 79%] Built target turtlesim__rosidl_typesupport_fastrtps_c\n'}
[7.186976] (turtlesim) StdoutLine: {'line': b'[ 79%] Built target turtlesim__rosidl_typesupport_fastrtps_cpp\n'}
[7.204603] (turtlesim) StdoutLine: {'line': b'[ 79%] Built target turtlesim\n'}
[7.222478] (turtlesim) StdoutLine: {'line': b'[ 80%] \x1b[34m\x1b[1mGenerating Python code for ROS interfaces\x1b[0m\n'}
[7.230425] (-) TimerEvent: {}
[7.330803] (-) TimerEvent: {}
[7.431134] (-) TimerEvent: {}
[7.531472] (-) TimerEvent: {}
[7.631815] (-) TimerEvent: {}
[7.732230] (-) TimerEvent: {}
[7.832587] (-) TimerEvent: {}
[7.932921] (-) TimerEvent: {}
[8.033266] (-) TimerEvent: {}
[8.133618] (-) TimerEvent: {}
[8.234019] (-) TimerEvent: {}
[8.334377] (-) TimerEvent: {}
[8.422909] (turtlesim) StdoutLine: {'line': b'[ 80%] Built target turtlesim__py\n'}
[8.434560] (-) TimerEvent: {}
[8.451287] (turtlesim) StdoutLine: {'line': b'[ 83%] \x1b[32mBuilding C object CMakeFiles/turtlesim__rosidl_generator_py.dir/rosidl_generator_py/turtlesim/msg/_color_s.c.o\x1b[0m\n'}
[8.451602] (turtlesim) StdoutLine: {'line': b'[ 83%] \x1b[32mBuilding C object CMakeFiles/turtlesim__rosidl_generator_py.dir/rosidl_generator_py/turtlesim/srv/_kill_s.c.o\x1b[0m\n'}
[8.451735] (turtlesim) StdoutLine: {'line': b'[ 83%] \x1b[32mBuilding C object CMakeFiles/turtlesim__rosidl_generator_py.dir/rosidl_generator_py/turtlesim/msg/_pose_s.c.o\x1b[0m\n'}
[8.451867] (turtlesim) StdoutLine: {'line': b'[ 84%] \x1b[32mBuilding C object CMakeFiles/turtlesim__rosidl_generator_py.dir/rosidl_generator_py/turtlesim/action/_rotate_absolute_s.c.o\x1b[0m\n'}
[8.464654] (turtlesim) StdoutLine: {'line': b'[ 85%] \x1b[32mBuilding C object CMakeFiles/turtlesim__rosidl_generator_py.dir/rosidl_generator_py/turtlesim/srv/_set_pen_s.c.o\x1b[0m\n'}
[8.534714] (-) TimerEvent: {}
[8.614802] (turtlesim) StdoutLine: {'line': b'[ 86%] \x1b[32mBuilding C object CMakeFiles/turtlesim__rosidl_generator_py.dir/rosidl_generator_py/turtlesim/srv/_spawn_s.c.o\x1b[0m\n'}
[8.634334] (turtlesim) StdoutLine: {'line': b'[ 87%] \x1b[32mBuilding C object CMakeFiles/turtlesim__rosidl_generator_py.dir/rosidl_generator_py/turtlesim/srv/_teleport_absolute_s.c.o\x1b[0m\n'}
[8.634782] (-) TimerEvent: {}
[8.638539] (turtlesim) StdoutLine: {'line': b'[ 88%] \x1b[32mBuilding C object CMakeFiles/turtlesim__rosidl_generator_py.dir/rosidl_generator_py/turtlesim/srv/_teleport_relative_s.c.o\x1b[0m\n'}
[8.734930] (-) TimerEvent: {}
[8.781651] (turtlesim) StdoutLine: {'line': b'[ 89%] \x1b[32m\x1b[1mLinking C shared library rosidl_generator_py/turtlesim/libturtlesim__rosidl_generator_py.so\x1b[0m\n'}
[8.835062] (-) TimerEvent: {}
[8.839012] (turtlesim) StdoutLine: {'line': b'[ 89%] Built target turtlesim__rosidl_generator_py\n'}
[8.864093] (turtlesim) StdoutLine: {'line': b'[ 90%] \x1b[32mBuilding C object CMakeFiles/turtlesim__rosidl_typesupport_introspection_c__pyext.dir/rosidl_generator_py/turtlesim/_turtlesim_s.ep.rosidl_typesupport_introspection_c.c.o\x1b[0m\n'}
[8.866692] (turtlesim) StdoutLine: {'line': b'[ 91%] \x1b[32mBuilding C object CMakeFiles/turtlesim__rosidl_typesupport_c__pyext.dir/rosidl_generator_py/turtlesim/_turtlesim_s.ep.rosidl_typesupport_c.c.o\x1b[0m\n'}
[8.867097] (turtlesim) StdoutLine: {'line': b'[ 92%] \x1b[32mBuilding C object CMakeFiles/turtlesim__rosidl_typesupport_fastrtps_c__pyext.dir/rosidl_generator_py/turtlesim/_turtlesim_s.ep.rosidl_typesupport_fastrtps_c.c.o\x1b[0m\n'}
[8.935271] (-) TimerEvent: {}
[9.035627] (-) TimerEvent: {}
[9.067001] (turtlesim) StdoutLine: {'line': b'[ 93%] \x1b[32m\x1b[1mLinking C shared library rosidl_generator_py/turtlesim/turtlesim_s__rosidl_typesupport_introspection_c.cpython-310-x86_64-linux-gnu.so\x1b[0m\n'}
[9.074759] (turtlesim) StdoutLine: {'line': b'[ 94%] \x1b[32m\x1b[1mLinking C shared library rosidl_generator_py/turtlesim/turtlesim_s__rosidl_typesupport_c.cpython-310-x86_64-linux-gnu.so\x1b[0m\n'}
[9.086972] (turtlesim) StdoutLine: {'line': b'[ 95%] \x1b[32m\x1b[1mLinking C shared library rosidl_generator_py/turtlesim/turtlesim_s__rosidl_typesupport_fastrtps_c.cpython-310-x86_64-linux-gnu.so\x1b[0m\n'}
[9.114921] (turtlesim) StdoutLine: {'line': b'[ 95%] Built target turtlesim__rosidl_typesupport_introspection_c__pyext\n'}
[9.128363] (turtlesim) StdoutLine: {'line': b'[ 95%] Built target turtlesim__rosidl_typesupport_c__pyext\n'}
[9.135758] (-) TimerEvent: {}
[9.137742] (turtlesim) StdoutLine: {'line': b'[ 95%] Built target turtlesim__rosidl_typesupport_fastrtps_c__pyext\n'}
[9.235879] (-) TimerEvent: {}
[9.336237] (-) TimerEvent: {}
[9.436598] (-) TimerEvent: {}
[9.536953] (-) TimerEvent: {}
[9.637317] (-) TimerEvent: {}
[9.737679] (-) TimerEvent: {}
[9.838024] (-) TimerEvent: {}
[9.938385] (-) TimerEvent: {}
[10.038763] (-) TimerEvent: {}
[10.139108] (-) TimerEvent: {}
[10.239471] (-) TimerEvent: {}
[10.339879] (-) TimerEvent: {}
[10.440315] (-) TimerEvent: {}
[10.540712] (-) TimerEvent: {}
[10.641065] (-) TimerEvent: {}
[10.741406] (-) TimerEvent: {}
[10.841812] (-) TimerEvent: {}
[10.942162] (-) TimerEvent: {}
[11.042496] (-) TimerEvent: {}
[11.142928] (-) TimerEvent: {}
[11.243300] (-) TimerEvent: {}
[11.322915] (turtlesim) StdoutLine: {'line': b'[ 96%] \x1b[32m\x1b[1mLinking CXX executable turtle_teleop_key\x1b[0m\n'}
[11.343425] (-) TimerEvent: {}
[11.443885] (-) TimerEvent: {}
[11.544276] (-) TimerEvent: {}
[11.590043] (my_package) StdoutLine: {'line': b'[100%] \x1b[32m\x1b[1mLinking CXX executable listener\x1b[0m\n'}
[11.590357] (turtlesim) StdoutLine: {'line': b'[ 96%] Built target turtle_teleop_key\n'}
[11.644393] (-) TimerEvent: {}
[11.744724] (-) TimerEvent: {}
[11.845053] (-) TimerEvent: {}
[11.945372] (-) TimerEvent: {}
[11.995323] (my_package) StdoutLine: {'line': b'[100%] Built target listener\n'}
[12.006509] (my_package) CommandEnded: {'returncode': 0}
[12.007223] (my_package) JobProgress: {'identifier': 'my_package', 'progress': 'install'}
[12.016636] (my_package) Command: {'cmd': ['/usr/bin/cmake', '--install', '/home/samiksha/ros2_ws/build/my_package'], 'cwd': '/home/samiksha/ros2_ws/build/my_package', 'env': OrderedDict([('LESSOPEN', '| /usr/bin/lesspipe %s'), ('LANGUAGE', 'en_IN:en'), ('USER', 'samiksha'), ('XDG_SESSION_TYPE', 'wayland'), ('SHLVL', '1'), ('LD_LIBRARY_PATH', '/home/samiksha/ros2_ws/install/turtlesim/lib:/home/samiksha/ros2_ws/install/custom_interfaces/lib:/opt/ros/humble/opt/rviz_ogre_vendor/lib:/opt/ros/humble/lib/x86_64-linux-gnu:/opt/ros/humble/lib'), ('HOME', '/home/samiksha'), ('OLDPWD', '/home/samiksha/ros2_ws'), ('DESKTOP_SESSION', 'ubuntu'), ('ROS_PYTHON_VERSION', '3'), ('GNOME_SHELL_SESSION_MODE', 'ubuntu'), ('GTK_MODULES', 'gail:atk-bridge'), ('SYSTEMD_EXEC_PID', '1655'), ('DBUS_SESSION_BUS_ADDRESS', 'unix:path=/run/user/1000/bus'), ('COLORTERM', 'truecolor'), ('_colcon_cd_root', '/opt/ros/humble/'), ('IM_CONFIG_PHASE', '1'), ('WAYLAND_DISPLAY', 'wayland-0'), ('COLCON_PREFIX_PATH', '/home/samiksha/ros2_ws/install'), ('ROS_DISTRO', 'humble'), ('LOGNAME', 'samiksha'), ('_', '/usr/bin/colcon'), ('ROS_VERSION', '2'), ('XDG_SESSION_CLASS', 'user'), ('USERNAME', 'samiksha'), ('TERM', 'xterm-256color'), ('GNOME_DESKTOP_SESSION_ID', 'this-is-deprecated'), ('ROS_LOCALHOST_ONLY', '0'), ('PATH', '/opt/ros/humble/bin:/home/samiksha/.local/bin:/usr/local/sbin:/usr/local/bin:/usr/sbin:/usr/bin:/sbin:/bin:/usr/games:/usr/local/games:/snap/bin:/snap/bin'), ('SESSION_MANAGER', 'local/samiksha-Victus-by-HP-Gaming-Laptop-15-fa1xxx:@/tmp/.ICE-unix/1623,unix/samiksha-Victus-by-HP-Gaming-Laptop-15-fa1xxx:/tmp/.ICE-unix/1623'), ('XDG_MENU_PREFIX', 'gnome-'), ('GNOME_TERMINAL_SCREEN', '/org/gnome/Terminal/screen/6f94412b_566b_472e_ac4b_db35b92b6ac2'), ('GNOME_SETUP_DISPLAY', ':1'), ('XDG_RUNTIME_DIR', '/run/user/1000'), ('DISPLAY', ':0'), ('LANG', 'en_US.UTF-8'), ('XDG_CURRENT_DESKTOP', 'ubuntu:GNOME'), ('XMODIFIERS', '@im=ibus'), ('XDG_SESSION_DESKTOP', 'ubuntu'), ('XAUTHORITY', '/run/user/1000/.mutter-Xwaylandauth.3N7T02'), ('LS_COLORS', 'rs=0:di=01;34:ln=01;36:mh=00:pi=40;33:so=01;35:do=01;35:bd=40;33;01:cd=40;33;01:or=40;31;01:mi=00:su=37;41:sg=30;43:ca=30;41:tw=30;42:ow=34;42:st=37;44:ex=01;32:*.tar=01;31:*.tgz=01;31:*.arc=01;31:*.arj=01;31:*.taz=01;31:*.lha=01;31:*.lz4=01;31:*.lzh=01;31:*.lzma=01;31:*.tlz=01;31:*.txz=01;31:*.tzo=01;31:*.t7z=01;31:*.zip=01;31:*.z=01;31:*.dz=01;31:*.gz=01;31:*.lrz=01;31:*.lz=01;31:*.lzo=01;31:*.xz=01;31:*.zst=01;31:*.tzst=01;31:*.bz2=01;31:*.bz=01;31:*.tbz=01;31:*.tbz2=01;31:*.tz=01;31:*.deb=01;31:*.rpm=01;31:*.jar=01;31:*.war=01;31:*.ear=01;31:*.sar=01;31:*.rar=01;31:*.alz=01;31:*.ace=01;31:*.zoo=01;31:*.cpio=01;31:*.7z=01;31:*.rz=01;31:*.cab=01;31:*.wim=01;31:*.swm=01;31:*.dwm=01;31:*.esd=01;31:*.jpg=01;35:*.jpeg=01;35:*.mjpg=01;35:*.mjpeg=01;35:*.gif=01;35:*.bmp=01;35:*.pbm=01;35:*.pgm=01;35:*.ppm=01;35:*.tga=01;35:*.xbm=01;35:*.xpm=01;35:*.tif=01;35:*.tiff=01;35:*.png=01;35:*.svg=01;35:*.svgz=01;35:*.mng=01;35:*.pcx=01;35:*.mov=01;35:*.mpg=01;35:*.mpeg=01;35:*.m2v=01;35:*.mkv=01;35:*.webm=01;35:*.webp=01;35:*.ogm=01;35:*.mp4=01;35:*.m4v=01;35:*.mp4v=01;35:*.vob=01;35:*.qt=01;35:*.nuv=01;35:*.wmv=01;35:*.asf=01;35:*.rm=01;35:*.rmvb=01;35:*.flc=01;35:*.avi=01;35:*.fli=01;35:*.flv=01;35:*.gl=01;35:*.dl=01;35:*.xcf=01;35:*.xwd=01;35:*.yuv=01;35:*.cgm=01;35:*.emf=01;35:*.ogv=01;35:*.ogx=01;35:*.aac=00;36:*.au=00;36:*.flac=00;36:*.m4a=00;36:*.mid=00;36:*.midi=00;36:*.mka=00;36:*.mp3=00;36:*.mpc=00;36:*.ogg=00;36:*.ra=00;36:*.wav=00;36:*.oga=00;36:*.opus=00;36:*.spx=00;36:*.xspf=00;36:'), ('GNOME_TERMINAL_SERVICE', ':1.101'), ('SSH_AGENT_LAUNCHER', 'gnome-keyring'), ('SSH_AUTH_SOCK', '/run/user/1000/keyring/ssh'), ('AMENT_PREFIX_PATH', '/home/samiksha/ros2_ws/install/turtlesim:/home/samiksha/ros2_ws/install/task_controller:/home/samiksha/ros2_ws/install/my_package:/home/samiksha/ros2_ws/install/custom_interfaces:/opt/ros/humble'), ('SHELL', '/bin/bash'), ('QT_ACCESSIBILITY', '1'), ('GDMSESSION', 'ubuntu'), ('LESSCLOSE', '/usr/bin/lesspipe %s %s'), ('QT_IM_MODULE', 'ibus'), ('PWD', '/home/samiksha/ros2_ws/build/my_package'), ('LC_ALL', 'en_US.UTF-8'), ('XDG_CONFIG_DIRS', '/etc/xdg/xdg-ubuntu:/etc/xdg'), ('XDG_DATA_DIRS', '/usr/share/ubuntu:/usr/local/share/:/usr/share/:/var/lib/snapd/desktop'), ('PYTHONPATH', '/home/samiksha/ros2_ws/install/turtlesim/local/lib/python3.10/dist-packages:/home/samiksha/ros2_ws/install/task_controller/lib/python3.10/site-packages:/home/samiksha/ros2_ws/install/custom_interfaces/local/lib/python3.10/dist-packages:/opt/ros/humble/lib/python3.10/site-packages:/opt/ros/humble/local/lib/python3.10/dist-packages'), ('COLCON', '1'), ('VTE_VERSION', '6800'), ('CMAKE_PREFIX_PATH', '/home/samiksha/ros2_ws/install/turtlesim:/home/samiksha/ros2_ws/install/my_package:/home/samiksha/ros2_ws/install/custom_interfaces:/home/samiksha/ros2_ws/install/task_controller:/opt/ros/humble')]), 'shell': False}
[12.024369] (my_package) StdoutLine: {'line': b'-- Install configuration: ""\n'}
[12.024615] (my_package) StdoutLine: {'line': b'-- Installing: /home/samiksha/ros2_ws/install/my_package/lib/my_package/talker\n'}
[12.025754] (my_package) StdoutLine: {'line': b'-- Set runtime path of "/home/samiksha/ros2_ws/install/my_package/lib/my_package/talker" to ""\n'}
[12.025895] (my_package) StdoutLine: {'line': b'-- Installing: /home/samiksha/ros2_ws/install/my_package/lib/my_package/listener\n'}
[12.029360] (my_package) StdoutLine: {'line': b'-- Set runtime path of "/home/samiksha/ros2_ws/install/my_package/lib/my_package/listener" to ""\n'}
[12.029604] (my_package) StdoutLine: {'line': b'-- Installing: /home/samiksha/ros2_ws/install/my_package/lib/my_package/server_doc\n'}
[12.030122] (my_package) StdoutLine: {'line': b'-- Set runtime path of "/home/samiksha/ros2_ws/install/my_package/lib/my_package/server_doc" to ""\n'}
[12.030253] (my_package) StdoutLine: {'line': b'-- Installing: /home/samiksha/ros2_ws/install/my_package/lib/my_package/client_doc\n'}
[12.030975] (my_package) StdoutLine: {'line': b'-- Set runtime path of "/home/samiksha/ros2_ws/install/my_package/lib/my_package/client_doc" to ""\n'}
[12.031133] (my_package) StdoutLine: {'line': b'-- Installing: /home/samiksha/ros2_ws/install/my_package/share/ament_index/resource_index/package_run_dependencies/my_package\n'}
[12.031242] (my_package) StdoutLine: {'line': b'-- Installing: /home/samiksha/ros2_ws/install/my_package/share/ament_index/resource_index/parent_prefix_path/my_package\n'}
[12.031415] (my_package) StdoutLine: {'line': b'-- Installing: /home/samiksha/ros2_ws/install/my_package/share/my_package/environment/ament_prefix_path.sh\n'}
[12.031539] (my_package) StdoutLine: {'line': b'-- Installing: /home/samiksha/ros2_ws/install/my_package/share/my_package/environment/ament_prefix_path.dsv\n'}
[12.031663] (my_package) StdoutLine: {'line': b'-- Installing: /home/samiksha/ros2_ws/install/my_package/share/my_package/environment/path.sh\n'}
[12.031788] (my_package) StdoutLine: {'line': b'-- Installing: /home/samiksha/ros2_ws/install/my_package/share/my_package/environment/path.dsv\n'}
[12.031903] (my_package) StdoutLine: {'line': b'-- Installing: /home/samiksha/ros2_ws/install/my_package/share/my_package/local_setup.bash\n'}
[12.031995] (my_package) StdoutLine: {'line': b'-- Installing: /home/samiksha/ros2_ws/install/my_package/share/my_package/local_setup.sh\n'}
[12.032112] (my_package) StdoutLine: {'line': b'-- Installing: /home/samiksha/ros2_ws/install/my_package/share/my_package/local_setup.zsh\n'}
[12.032247] (my_package) StdoutLine: {'line': b'-- Installing: /home/samiksha/ros2_ws/install/my_package/share/my_package/local_setup.dsv\n'}
[12.032369] (my_package) StdoutLine: {'line': b'-- Installing: /home/samiksha/ros2_ws/install/my_package/share/my_package/package.dsv\n'}
[12.032527] (my_package) StdoutLine: {'line': b'-- Installing: /home/samiksha/ros2_ws/install/my_package/share/ament_index/resource_index/packages/my_package\n'}
[12.032663] (my_package) StdoutLine: {'line': b'-- Installing: /home/samiksha/ros2_ws/install/my_package/share/my_package/cmake/my_packageConfig.cmake\n'}
[12.032757] (my_package) StdoutLine: {'line': b'-- Installing: /home/samiksha/ros2_ws/install/my_package/share/my_package/cmake/my_packageConfig-version.cmake\n'}
[12.032872] (my_package) StdoutLine: {'line': b'-- Installing: /home/samiksha/ros2_ws/install/my_package/share/my_package/package.xml\n'}
[12.034792] (my_package) CommandEnded: {'returncode': 0}
[12.045678] (-) TimerEvent: {}
[12.048750] (my_package) JobEnded: {'identifier': 'my_package', 'rc': 0}
[12.145795] (-) TimerEvent: {}
[12.246082] (-) TimerEvent: {}
[12.346790] (-) TimerEvent: {}
[12.447131] (-) TimerEvent: {}
[12.547604] (-) TimerEvent: {}
[12.647995] (-) TimerEvent: {}
[12.748357] (-) TimerEvent: {}
[12.848730] (-) TimerEvent: {}
[12.949083] (-) TimerEvent: {}
[13.049443] (-) TimerEvent: {}
[13.149724] (-) TimerEvent: {}
[13.250025] (-) TimerEvent: {}
[13.350370] (-) TimerEvent: {}
[13.450708] (-) TimerEvent: {}
[13.551139] (-) TimerEvent: {}
[13.651513] (-) TimerEvent: {}
[13.688632] (turtlesim) StdoutLine: {'line': b'[ 97%] \x1b[32m\x1b[1mLinking CXX executable mimic\x1b[0m\n'}
[13.751677] (-) TimerEvent: {}
[13.852021] (-) TimerEvent: {}
[13.952324] (-) TimerEvent: {}
[13.990962] (turtlesim) StdoutLine: {'line': b'[ 97%] Built target mimic\n'}
[14.052429] (-) TimerEvent: {}
[14.152686] (-) TimerEvent: {}
[14.253010] (-) TimerEvent: {}
[14.353370] (-) TimerEvent: {}
[14.453704] (-) TimerEvent: {}
[14.554046] (-) TimerEvent: {}
[14.654336] (-) TimerEvent: {}
[14.754695] (-) TimerEvent: {}
[14.855053] (-) TimerEvent: {}
[14.955438] (-) TimerEvent: {}
[15.029218] (turtlesim) StdoutLine: {'line': b'[ 98%] \x1b[32m\x1b[1mLinking CXX executable draw_square\x1b[0m\n'}
[15.055538] (-) TimerEvent: {}
[15.155863] (-) TimerEvent: {}
[15.256207] (-) TimerEvent: {}
[15.346242] (turtlesim) StdoutLine: {'line': b'[ 98%] Built target draw_square\n'}
[15.356312] (-) TimerEvent: {}
[15.456567] (-) TimerEvent: {}
[15.556959] (-) TimerEvent: {}
[15.657366] (-) TimerEvent: {}
[15.757754] (-) TimerEvent: {}
[15.858149] (-) TimerEvent: {}
[15.958561] (-) TimerEvent: {}
[16.058934] (-) TimerEvent: {}
[16.159318] (-) TimerEvent: {}
[16.188344] (turtlesim) StdoutLine: {'line': b'[100%] \x1b[32m\x1b[1mLinking CXX executable turtlesim_node\x1b[0m\n'}
[16.259547] (-) TimerEvent: {}
[16.359856] (-) TimerEvent: {}
[16.460280] (-) TimerEvent: {}
[16.560752] (-) TimerEvent: {}
[16.661233] (-) TimerEvent: {}
[16.761698] (-) TimerEvent: {}
[16.862160] (-) TimerEvent: {}
[16.962595] (-) TimerEvent: {}
[17.062954] (-) TimerEvent: {}
[17.163287] (-) TimerEvent: {}
[17.263687] (-) TimerEvent: {}
[17.364081] (-) TimerEvent: {}
[17.464377] (-) TimerEvent: {}
[17.542927] (turtlesim) StdoutLine: {'line': b'[100%] Built target turtlesim_node\n'}
[17.552674] (turtlesim) CommandEnded: {'returncode': 0}
[17.553306] (turtlesim) JobProgress: {'identifier': 'turtlesim', 'progress': 'install'}
[17.553644] (turtlesim) Command: {'cmd': ['/usr/bin/cmake', '--install', '/home/samiksha/ros2_ws/build/turtlesim'], 'cwd': '/home/samiksha/ros2_ws/build/turtlesim', 'env': OrderedDict([('LESSOPEN', '| /usr/bin/lesspipe %s'), ('LANGUAGE', 'en_IN:en'), ('USER', 'samiksha'), ('XDG_SESSION_TYPE', 'wayland'), ('SHLVL', '1'), ('LD_LIBRARY_PATH', '/home/samiksha/ros2_ws/install/turtlesim/lib:/home/samiksha/ros2_ws/install/custom_interfaces/lib:/opt/ros/humble/opt/rviz_ogre_vendor/lib:/opt/ros/humble/lib/x86_64-linux-gnu:/opt/ros/humble/lib'), ('HOME', '/home/samiksha'), ('OLDPWD', '/home/samiksha/ros2_ws'), ('DESKTOP_SESSION', 'ubuntu'), ('ROS_PYTHON_VERSION', '3'), ('GNOME_SHELL_SESSION_MODE', 'ubuntu'), ('GTK_MODULES', 'gail:atk-bridge'), ('SYSTEMD_EXEC_PID', '1655'), ('DBUS_SESSION_BUS_ADDRESS', 'unix:path=/run/user/1000/bus'), ('COLORTERM', 'truecolor'), ('_colcon_cd_root', '/opt/ros/humble/'), ('IM_CONFIG_PHASE', '1'), ('WAYLAND_DISPLAY', 'wayland-0'), ('COLCON_PREFIX_PATH', '/home/samiksha/ros2_ws/install'), ('ROS_DISTRO', 'humble'), ('LOGNAME', 'samiksha'), ('_', '/usr/bin/colcon'), ('ROS_VERSION', '2'), ('XDG_SESSION_CLASS', 'user'), ('USERNAME', 'samiksha'), ('TERM', 'xterm-256color'), ('GNOME_DESKTOP_SESSION_ID', 'this-is-deprecated'), ('ROS_LOCALHOST_ONLY', '0'), ('PATH', '/opt/ros/humble/bin:/home/samiksha/.local/bin:/usr/local/sbin:/usr/local/bin:/usr/sbin:/usr/bin:/sbin:/bin:/usr/games:/usr/local/games:/snap/bin:/snap/bin'), ('SESSION_MANAGER', 'local/samiksha-Victus-by-HP-Gaming-Laptop-15-fa1xxx:@/tmp/.ICE-unix/1623,unix/samiksha-Victus-by-HP-Gaming-Laptop-15-fa1xxx:/tmp/.ICE-unix/1623'), ('XDG_MENU_PREFIX', 'gnome-'), ('GNOME_TERMINAL_SCREEN', '/org/gnome/Terminal/screen/6f94412b_566b_472e_ac4b_db35b92b6ac2'), ('GNOME_SETUP_DISPLAY', ':1'), ('XDG_RUNTIME_DIR', '/run/user/1000'), ('DISPLAY', ':0'), ('LANG', 'en_US.UTF-8'), ('XDG_CURRENT_DESKTOP', 'ubuntu:GNOME'), ('XMODIFIERS', '@im=ibus'), ('XDG_SESSION_DESKTOP', 'ubuntu'), ('XAUTHORITY', '/run/user/1000/.mutter-Xwaylandauth.3N7T02'), ('LS_COLORS', 'rs=0:di=01;34:ln=01;36:mh=00:pi=40;33:so=01;35:do=01;35:bd=40;33;01:cd=40;33;01:or=40;31;01:mi=00:su=37;41:sg=30;43:ca=30;41:tw=30;42:ow=34;42:st=37;44:ex=01;32:*.tar=01;31:*.tgz=01;31:*.arc=01;31:*.arj=01;31:*.taz=01;31:*.lha=01;31:*.lz4=01;31:*.lzh=01;31:*.lzma=01;31:*.tlz=01;31:*.txz=01;31:*.tzo=01;31:*.t7z=01;31:*.zip=01;31:*.z=01;31:*.dz=01;31:*.gz=01;31:*.lrz=01;31:*.lz=01;31:*.lzo=01;31:*.xz=01;31:*.zst=01;31:*.tzst=01;31:*.bz2=01;31:*.bz=01;31:*.tbz=01;31:*.tbz2=01;31:*.tz=01;31:*.deb=01;31:*.rpm=01;31:*.jar=01;31:*.war=01;31:*.ear=01;31:*.sar=01;31:*.rar=01;31:*.alz=01;31:*.ace=01;31:*.zoo=01;31:*.cpio=01;31:*.7z=01;31:*.rz=01;31:*.cab=01;31:*.wim=01;31:*.swm=01;31:*.dwm=01;31:*.esd=01;31:*.jpg=01;35:*.jpeg=01;35:*.mjpg=01;35:*.mjpeg=01;35:*.gif=01;35:*.bmp=01;35:*.pbm=01;35:*.pgm=01;35:*.ppm=01;35:*.tga=01;35:*.xbm=01;35:*.xpm=01;35:*.tif=01;35:*.tiff=01;35:*.png=01;35:*.svg=01;35:*.svgz=01;35:*.mng=01;35:*.pcx=01;35:*.mov=01;35:*.mpg=01;35:*.mpeg=01;35:*.m2v=01;35:*.mkv=01;35:*.webm=01;35:*.webp=01;35:*.ogm=01;35:*.mp4=01;35:*.m4v=01;35:*.mp4v=01;35:*.vob=01;35:*.qt=01;35:*.nuv=01;35:*.wmv=01;35:*.asf=01;35:*.rm=01;35:*.rmvb=01;35:*.flc=01;35:*.avi=01;35:*.fli=01;35:*.flv=01;35:*.gl=01;35:*.dl=01;35:*.xcf=01;35:*.xwd=01;35:*.yuv=01;35:*.cgm=01;35:*.emf=01;35:*.ogv=01;35:*.ogx=01;35:*.aac=00;36:*.au=00;36:*.flac=00;36:*.m4a=00;36:*.mid=00;36:*.midi=00;36:*.mka=00;36:*.mp3=00;36:*.mpc=00;36:*.ogg=00;36:*.ra=00;36:*.wav=00;36:*.oga=00;36:*.opus=00;36:*.spx=00;36:*.xspf=00;36:'), ('GNOME_TERMINAL_SERVICE', ':1.101'), ('SSH_AGENT_LAUNCHER', 'gnome-keyring'), ('SSH_AUTH_SOCK', '/run/user/1000/keyring/ssh'), ('AMENT_PREFIX_PATH', '/home/samiksha/ros2_ws/install/turtlesim:/home/samiksha/ros2_ws/install/task_controller:/home/samiksha/ros2_ws/install/my_package:/home/samiksha/ros2_ws/install/custom_interfaces:/opt/ros/humble'), ('SHELL', '/bin/bash'), ('QT_ACCESSIBILITY', '1'), ('GDMSESSION', 'ubuntu'), ('LESSCLOSE', '/usr/bin/lesspipe %s %s'), ('QT_IM_MODULE', 'ibus'), ('PWD', '/home/samiksha/ros2_ws/build/turtlesim'), ('LC_ALL', 'en_US.UTF-8'), ('XDG_CONFIG_DIRS', '/etc/xdg/xdg-ubuntu:/etc/xdg'), ('XDG_DATA_DIRS', '/usr/share/ubuntu:/usr/local/share/:/usr/share/:/var/lib/snapd/desktop'), ('PYTHONPATH', '/home/samiksha/ros2_ws/install/turtlesim/local/lib/python3.10/dist-packages:/home/samiksha/ros2_ws/install/task_controller/lib/python3.10/site-packages:/home/samiksha/ros2_ws/install/custom_interfaces/local/lib/python3.10/dist-packages:/opt/ros/humble/lib/python3.10/site-packages:/opt/ros/humble/local/lib/python3.10/dist-packages'), ('COLCON', '1'), ('VTE_VERSION', '6800'), ('CMAKE_PREFIX_PATH', '/home/samiksha/ros2_ws/install/turtlesim:/home/samiksha/ros2_ws/install/my_package:/home/samiksha/ros2_ws/install/custom_interfaces:/home/samiksha/ros2_ws/install/task_controller:/opt/ros/humble')]), 'shell': False}
[17.559871] (turtlesim) StdoutLine: {'line': b'-- Install configuration: ""\n'}
[17.560071] (turtlesim) StdoutLine: {'line': b'-- Installing: /home/samiksha/ros2_ws/install/turtlesim/share/ament_index/resource_index/rosidl_interfaces/turtlesim\n'}
[17.560153] (turtlesim) StdoutLine: {'line': b'-- Installing: /home/samiksha/ros2_ws/install/turtlesim/include/turtlesim/turtlesim\n'}
[17.560240] (turtlesim) StdoutLine: {'line': b'-- Installing: /home/samiksha/ros2_ws/install/turtlesim/include/turtlesim/turtlesim/action\n'}
[17.560349] (turtlesim) StdoutLine: {'line': b'-- Installing: /home/samiksha/ros2_ws/install/turtlesim/include/turtlesim/turtlesim/action/detail\n'}
[17.560417] (turtlesim) StdoutLine: {'line': b'-- Installing: /home/samiksha/ros2_ws/install/turtlesim/include/turtlesim/turtlesim/action/detail/rotate_absolute__type_support.h\n'}
[17.560485] (turtlesim) StdoutLine: {'line': b'-- Installing: /home/samiksha/ros2_ws/install/turtlesim/include/turtlesim/turtlesim/action/detail/rotate_absolute__functions.c\n'}
[17.560554] (turtlesim) StdoutLine: {'line': b'-- Installing: /home/samiksha/ros2_ws/install/turtlesim/include/turtlesim/turtlesim/action/detail/rotate_absolute__struct.h\n'}
[17.560623] (turtlesim) StdoutLine: {'line': b'-- Installing: /home/samiksha/ros2_ws/install/turtlesim/include/turtlesim/turtlesim/action/detail/rotate_absolute__functions.h\n'}
[17.560693] (turtlesim) StdoutLine: {'line': b'-- Installing: /home/samiksha/ros2_ws/install/turtlesim/include/turtlesim/turtlesim/action/rotate_absolute.h\n'}
[17.560761] (turtlesim) StdoutLine: {'line': b'-- Installing: /home/samiksha/ros2_ws/install/turtlesim/include/turtlesim/turtlesim/msg\n'}
[17.560852] (turtlesim) StdoutLine: {'line': b'-- Installing: /home/samiksha/ros2_ws/install/turtlesim/include/turtlesim/turtlesim/msg/color.h\n'}
[17.560993] (turtlesim) StdoutLine: {'line': b'-- Installing: /home/samiksha/ros2_ws/install/turtlesim/include/turtlesim/turtlesim/msg/pose.h\n'}
[17.561071] (turtlesim) StdoutLine: {'line': b'-- Installing: /home/samiksha/ros2_ws/install/turtlesim/include/turtlesim/turtlesim/msg/detail\n'}
[17.561146] (turtlesim) StdoutLine: {'line': b'-- Installing: /home/samiksha/ros2_ws/install/turtlesim/include/turtlesim/turtlesim/msg/detail/color__struct.h\n'}
[17.561278] (turtlesim) StdoutLine: {'line': b'-- Installing: /home/samiksha/ros2_ws/install/turtlesim/include/turtlesim/turtlesim/msg/detail/pose__functions.c\n'}
[17.561356] (turtlesim) StdoutLine: {'line': b'-- Installing: /home/samiksha/ros2_ws/install/turtlesim/include/turtlesim/turtlesim/msg/detail/pose__functions.h\n'}
[17.561431] (turtlesim) StdoutLine: {'line': b'-- Installing: /home/samiksha/ros2_ws/install/turtlesim/include/turtlesim/turtlesim/msg/detail/color__functions.h\n'}
[17.561504] (turtlesim) StdoutLine: {'line': b'-- Installing: /home/samiksha/ros2_ws/install/turtlesim/include/turtlesim/turtlesim/msg/detail/pose__struct.h\n'}
[17.561577] (turtlesim) StdoutLine: {'line': b'-- Installing: /home/samiksha/ros2_ws/install/turtlesim/include/turtlesim/turtlesim/msg/detail/color__type_support.h\n'}
[17.561651] (turtlesim) StdoutLine: {'line': b'-- Installing: /home/samiksha/ros2_ws/install/turtlesim/include/turtlesim/turtlesim/msg/detail/color__functions.c\n'}
[17.561725] (turtlesim) StdoutLine: {'line': b'-- Installing: /home/samiksha/ros2_ws/install/turtlesim/include/turtlesim/turtlesim/msg/detail/pose__type_support.h\n'}
[17.561798] (turtlesim) StdoutLine: {'line': b'-- Installing: /home/samiksha/ros2_ws/install/turtlesim/include/turtlesim/turtlesim/msg/rosidl_generator_c__visibility_control.h\n'}
[17.561872] (turtlesim) StdoutLine: {'line': b'-- Installing: /home/samiksha/ros2_ws/install/turtlesim/include/turtlesim/turtlesim/srv\n'}
[17.561992] (turtlesim) StdoutLine: {'line': b'-- Installing: /home/samiksha/ros2_ws/install/turtlesim/include/turtlesim/turtlesim/srv/spawn.h\n'}
[17.562051] (turtlesim) StdoutLine: {'line': b'-- Installing: /home/samiksha/ros2_ws/install/turtlesim/include/turtlesim/turtlesim/srv/set_pen.h\n'}
[17.562109] (turtlesim) StdoutLine: {'line': b'-- Installing: /home/samiksha/ros2_ws/install/turtlesim/include/turtlesim/turtlesim/srv/kill.h\n'}
[17.562190] (turtlesim) StdoutLine: {'line': b'-- Installing: /home/samiksha/ros2_ws/install/turtlesim/include/turtlesim/turtlesim/srv/detail\n'}
[17.562272] (turtlesim) StdoutLine: {'line': b'-- Installing: /home/samiksha/ros2_ws/install/turtlesim/include/turtlesim/turtlesim/srv/detail/teleport_absolute__type_support.h\n'}
[17.562341] (turtlesim) StdoutLine: {'line': b'-- Installing: /home/samiksha/ros2_ws/install/turtlesim/include/turtlesim/turtlesim/srv/detail/set_pen__functions.c\n'}
[17.562402] (turtlesim) StdoutLine: {'line': b'-- Installing: /home/samiksha/ros2_ws/install/turtlesim/include/turtlesim/turtlesim/srv/detail/spawn__functions.h\n'}
[17.562459] (turtlesim) StdoutLine: {'line': b'-- Installing: /home/samiksha/ros2_ws/install/turtlesim/include/turtlesim/turtlesim/srv/detail/set_pen__struct.h\n'}
[17.562564] (turtlesim) StdoutLine: {'line': b'-- Installing: /home/samiksha/ros2_ws/install/turtlesim/include/turtlesim/turtlesim/srv/detail/kill__functions.h\n'}
[17.562624] (turtlesim) StdoutLine: {'line': b'-- Installing: /home/samiksha/ros2_ws/install/turtlesim/include/turtlesim/turtlesim/srv/detail/spawn__struct.h\n'}
[17.562681] (turtlesim) StdoutLine: {'line': b'-- Installing: /home/samiksha/ros2_ws/install/turtlesim/include/turtlesim/turtlesim/srv/detail/teleport_relative__type_support.h\n'}
[17.562738] (turtlesim) StdoutLine: {'line': b'-- Installing: /home/samiksha/ros2_ws/install/turtlesim/include/turtlesim/turtlesim/srv/detail/set_pen__type_support.h\n'}
[17.562796] (turtlesim) StdoutLine: {'line': b'-- Installing: /home/samiksha/ros2_ws/install/turtlesim/include/turtlesim/turtlesim/srv/detail/teleport_absolute__struct.h\n'}
[17.562854] (turtlesim) StdoutLine: {'line': b'-- Installing: /home/samiksha/ros2_ws/install/turtlesim/include/turtlesim/turtlesim/srv/detail/teleport_absolute__functions.c\n'}
[17.562911] (turtlesim) StdoutLine: {'line': b'-- Installing: /home/samiksha/ros2_ws/install/turtlesim/include/turtlesim/turtlesim/srv/detail/spawn__type_support.h\n'}
[17.562968] (turtlesim) StdoutLine: {'line': b'-- Installing: /home/samiksha/ros2_ws/install/turtlesim/include/turtlesim/turtlesim/srv/detail/teleport_relative__functions.c\n'}
[17.563026] (turtlesim) StdoutLine: {'line': b'-- Installing: /home/samiksha/ros2_ws/install/turtlesim/include/turtlesim/turtlesim/srv/detail/set_pen__functions.h\n'}
[17.563084] (turtlesim) StdoutLine: {'line': b'-- Installing: /home/samiksha/ros2_ws/install/turtlesim/include/turtlesim/turtlesim/srv/detail/spawn__functions.c\n'}
[17.563142] (turtlesim) StdoutLine: {'line': b'-- Installing: /home/samiksha/ros2_ws/install/turtlesim/include/turtlesim/turtlesim/srv/detail/teleport_absolute__functions.h\n'}
[17.563220] (turtlesim) StdoutLine: {'line': b'-- Installing: /home/samiksha/ros2_ws/install/turtlesim/include/turtlesim/turtlesim/srv/detail/teleport_relative__functions.h\n'}
[17.563344] (turtlesim) StdoutLine: {'line': b'-- Installing: /home/samiksha/ros2_ws/install/turtlesim/include/turtlesim/turtlesim/srv/detail/kill__type_support.h\n'}
[17.563403] (turtlesim) StdoutLine: {'line': b'-- Installing: /home/samiksha/ros2_ws/install/turtlesim/include/turtlesim/turtlesim/srv/detail/kill__struct.h\n'}
[17.563460] (turtlesim) StdoutLine: {'line': b'-- Installing: /home/samiksha/ros2_ws/install/turtlesim/include/turtlesim/turtlesim/srv/detail/teleport_relative__struct.h\n'}
[17.563517] (turtlesim) StdoutLine: {'line': b'-- Installing: /home/samiksha/ros2_ws/install/turtlesim/include/turtlesim/turtlesim/srv/detail/kill__functions.c\n'}
[17.563575] (turtlesim) StdoutLine: {'line': b'-- Installing: /home/samiksha/ros2_ws/install/turtlesim/include/turtlesim/turtlesim/srv/teleport_absolute.h\n'}
[17.563632] (turtlesim) StdoutLine: {'line': b'-- Installing: /home/samiksha/ros2_ws/install/turtlesim/include/turtlesim/turtlesim/srv/teleport_relative.h\n'}
[17.563689] (turtlesim) StdoutLine: {'line': b'-- Installing: /home/samiksha/ros2_ws/install/turtlesim/share/turtlesim/environment/library_path.sh\n'}
[17.563793] (turtlesim) StdoutLine: {'line': b'-- Installing: /home/samiksha/ros2_ws/install/turtlesim/share/turtlesim/environment/library_path.dsv\n'}
[17.563851] (turtlesim) StdoutLine: {'line': b'-- Installing: /home/samiksha/ros2_ws/install/turtlesim/lib/libturtlesim__rosidl_generator_c.so\n'}
[17.563908] (turtlesim) StdoutLine: {'line': b'-- Set runtime path of "/home/samiksha/ros2_ws/install/turtlesim/lib/libturtlesim__rosidl_generator_c.so" to ""\n'}
[17.563966] (turtlesim) StdoutLine: {'line': b'-- Up-to-date: /home/samiksha/ros2_ws/install/turtlesim/include/turtlesim/turtlesim\n'}
[17.564024] (turtlesim) StdoutLine: {'line': b'-- Up-to-date: /home/samiksha/ros2_ws/install/turtlesim/include/turtlesim/turtlesim/action\n'}
[17.564082] (turtlesim) StdoutLine: {'line': b'-- Up-to-date: /home/samiksha/ros2_ws/install/turtlesim/include/turtlesim/turtlesim/action/detail\n'}
[17.564139] (turtlesim) StdoutLine: {'line': b'-- Installing: /home/samiksha/ros2_ws/install/turtlesim/include/turtlesim/turtlesim/action/detail/rotate_absolute__rosidl_typesupport_fastrtps_c.h\n'}
[17.564253] (turtlesim) StdoutLine: {'line': b'-- Up-to-date: /home/samiksha/ros2_ws/install/turtlesim/include/turtlesim/turtlesim/msg\n'}
[17.564318] (turtlesim) StdoutLine: {'line': b'-- Up-to-date: /home/samiksha/ros2_ws/install/turtlesim/include/turtlesim/turtlesim/msg/detail\n'}
[17.564374] (-) TimerEvent: {}
[17.564508] (turtlesim) StdoutLine: {'line': b'-- Installing: /home/samiksha/ros2_ws/install/turtlesim/include/turtlesim/turtlesim/msg/detail/pose__rosidl_typesupport_fastrtps_c.h\n'}
[17.564641] (turtlesim) StdoutLine: {'line': b'-- Installing: /home/samiksha/ros2_ws/install/turtlesim/include/turtlesim/turtlesim/msg/detail/color__rosidl_typesupport_fastrtps_c.h\n'}
[17.564710] (turtlesim) StdoutLine: {'line': b'-- Installing: /home/samiksha/ros2_ws/install/turtlesim/include/turtlesim/turtlesim/msg/rosidl_typesupport_fastrtps_c__visibility_control.h\n'}
[17.564773] (turtlesim) StdoutLine: {'line': b'-- Up-to-date: /home/samiksha/ros2_ws/install/turtlesim/include/turtlesim/turtlesim/srv\n'}
[17.564834] (turtlesim) StdoutLine: {'line': b'-- Up-to-date: /home/samiksha/ros2_ws/install/turtlesim/include/turtlesim/turtlesim/srv/detail\n'}
[17.564893] (turtlesim) StdoutLine: {'line': b'-- Installing: /home/samiksha/ros2_ws/install/turtlesim/include/turtlesim/turtlesim/srv/detail/spawn__rosidl_typesupport_fastrtps_c.h\n'}
[17.564986] (turtlesim) StdoutLine: {'line': b'-- Installing: /home/samiksha/ros2_ws/install/turtlesim/include/turtlesim/turtlesim/srv/detail/teleport_absolute__rosidl_typesupport_fastrtps_c.h\n'}
[17.565044] (turtlesim) StdoutLine: {'line': b'-- Installing: /home/samiksha/ros2_ws/install/turtlesim/include/turtlesim/turtlesim/srv/detail/teleport_relative__rosidl_typesupport_fastrtps_c.h\n'}
[17.565101] (turtlesim) StdoutLine: {'line': b'-- Installing: /home/samiksha/ros2_ws/install/turtlesim/include/turtlesim/turtlesim/srv/detail/set_pen__rosidl_typesupport_fastrtps_c.h\n'}
[17.565158] (turtlesim) StdoutLine: {'line': b'-- Installing: /home/samiksha/ros2_ws/install/turtlesim/include/turtlesim/turtlesim/srv/detail/kill__rosidl_typesupport_fastrtps_c.h\n'}
[17.565540] (turtlesim) StdoutLine: {'line': b'-- Installing: /home/samiksha/ros2_ws/install/turtlesim/lib/libturtlesim__rosidl_typesupport_fastrtps_c.so\n'}
[17.565592] (turtlesim) StdoutLine: {'line': b'-- Set runtime path of "/home/samiksha/ros2_ws/install/turtlesim/lib/libturtlesim__rosidl_typesupport_fastrtps_c.so" to ""\n'}
[17.565626] (turtlesim) StdoutLine: {'line': b'-- Up-to-date: /home/samiksha/ros2_ws/install/turtlesim/include/turtlesim/turtlesim\n'}
[17.565656] (turtlesim) StdoutLine: {'line': b'-- Up-to-date: /home/samiksha/ros2_ws/install/turtlesim/include/turtlesim/turtlesim/action\n'}
[17.565686] (turtlesim) StdoutLine: {'line': b'-- Up-to-date: /home/samiksha/ros2_ws/install/turtlesim/include/turtlesim/turtlesim/action/detail\n'}
[17.565714] (turtlesim) StdoutLine: {'line': b'-- Installing: /home/samiksha/ros2_ws/install/turtlesim/include/turtlesim/turtlesim/action/detail/rotate_absolute__struct.hpp\n'}
[17.565913] (turtlesim) StdoutLine: {'line': b'-- Installing: /home/samiksha/ros2_ws/install/turtlesim/include/turtlesim/turtlesim/action/detail/rotate_absolute__type_support.hpp\n'}
[17.565954] (turtlesim) StdoutLine: {'line': b'-- Installing: /home/samiksha/ros2_ws/install/turtlesim/include/turtlesim/turtlesim/action/detail/rotate_absolute__builder.hpp\n'}
[17.565985] (turtlesim) StdoutLine: {'line': b'-- Installing: /home/samiksha/ros2_ws/install/turtlesim/include/turtlesim/turtlesim/action/detail/rotate_absolute__traits.hpp\n'}
[17.566015] (turtlesim) StdoutLine: {'line': b'-- Installing: /home/samiksha/ros2_ws/install/turtlesim/include/turtlesim/turtlesim/action/rotate_absolute.hpp\n'}
[17.566044] (turtlesim) StdoutLine: {'line': b'-- Up-to-date: /home/samiksha/ros2_ws/install/turtlesim/include/turtlesim/turtlesim/msg\n'}
[17.566072] (turtlesim) StdoutLine: {'line': b'-- Up-to-date: /home/samiksha/ros2_ws/install/turtlesim/include/turtlesim/turtlesim/msg/detail\n'}
[17.566100] (turtlesim) StdoutLine: {'line': b'-- Installing: /home/samiksha/ros2_ws/install/turtlesim/include/turtlesim/turtlesim/msg/detail/color__struct.hpp\n'}
[17.566126] (turtlesim) StdoutLine: {'line': b'-- Installing: /home/samiksha/ros2_ws/install/turtlesim/include/turtlesim/turtlesim/msg/detail/pose__type_support.hpp\n'}
[17.566153] (turtlesim) StdoutLine: {'line': b'-- Installing: /home/samiksha/ros2_ws/install/turtlesim/include/turtlesim/turtlesim/msg/detail/color__builder.hpp\n'}
[17.566227] (turtlesim) StdoutLine: {'line': b'-- Installing: /home/samiksha/ros2_ws/install/turtlesim/include/turtlesim/turtlesim/msg/detail/pose__struct.hpp\n'}
[17.566264] (turtlesim) StdoutLine: {'line': b'-- Installing: /home/samiksha/ros2_ws/install/turtlesim/include/turtlesim/turtlesim/msg/detail/color__traits.hpp\n'}
[17.566291] (turtlesim) StdoutLine: {'line': b'-- Installing: /home/samiksha/ros2_ws/install/turtlesim/include/turtlesim/turtlesim/msg/detail/color__type_support.hpp\n'}
[17.566499] (turtlesim) StdoutLine: {'line': b'-- Installing: /home/samiksha/ros2_ws/install/turtlesim/include/turtlesim/turtlesim/msg/detail/pose__builder.hpp\n'}
[17.566549] (turtlesim) StdoutLine: {'line': b'-- Installing: /home/samiksha/ros2_ws/install/turtlesim/include/turtlesim/turtlesim/msg/detail/pose__traits.hpp\n'}
[17.566582] (turtlesim) StdoutLine: {'line': b'-- Installing: /home/samiksha/ros2_ws/install/turtlesim/include/turtlesim/turtlesim/msg/color.hpp\n'}
[17.566610] (turtlesim) StdoutLine: {'line': b'-- Installing: /home/samiksha/ros2_ws/install/turtlesim/include/turtlesim/turtlesim/msg/pose.hpp\n'}
[17.566638] (turtlesim) StdoutLine: {'line': b'-- Installing: /home/samiksha/ros2_ws/install/turtlesim/include/turtlesim/turtlesim/msg/rosidl_generator_cpp__visibility_control.hpp\n'}
[17.566665] (turtlesim) StdoutLine: {'line': b'-- Up-to-date: /home/samiksha/ros2_ws/install/turtlesim/include/turtlesim/turtlesim/srv\n'}
[17.566693] (turtlesim) StdoutLine: {'line': b'-- Up-to-date: /home/samiksha/ros2_ws/install/turtlesim/include/turtlesim/turtlesim/srv/detail\n'}
[17.566719] (turtlesim) StdoutLine: {'line': b'-- Installing: /home/samiksha/ros2_ws/install/turtlesim/include/turtlesim/turtlesim/srv/detail/spawn__type_support.hpp\n'}
[17.566746] (turtlesim) StdoutLine: {'line': b'-- Installing: /home/samiksha/ros2_ws/install/turtlesim/include/turtlesim/turtlesim/srv/detail/set_pen__struct.hpp\n'}
[17.566826] (turtlesim) StdoutLine: {'line': b'-- Installing: /home/samiksha/ros2_ws/install/turtlesim/include/turtlesim/turtlesim/srv/detail/spawn__builder.hpp\n'}
[17.566854] (turtlesim) StdoutLine: {'line': b'-- Installing: /home/samiksha/ros2_ws/install/turtlesim/include/turtlesim/turtlesim/srv/detail/teleport_relative__builder.hpp\n'}
[17.566884] (turtlesim) StdoutLine: {'line': b'-- Installing: /home/samiksha/ros2_ws/install/turtlesim/include/turtlesim/turtlesim/srv/detail/set_pen__traits.hpp\n'}
[17.566913] (turtlesim) StdoutLine: {'line': b'-- Installing: /home/samiksha/ros2_ws/install/turtlesim/include/turtlesim/turtlesim/srv/detail/kill__builder.hpp\n'}
[17.566940] (turtlesim) StdoutLine: {'line': b'-- Installing: /home/samiksha/ros2_ws/install/turtlesim/include/turtlesim/turtlesim/srv/detail/set_pen__builder.hpp\n'}
[17.566966] (turtlesim) StdoutLine: {'line': b'-- Installing: /home/samiksha/ros2_ws/install/turtlesim/include/turtlesim/turtlesim/srv/detail/teleport_relative__traits.hpp\n'}
[17.566991] (turtlesim) StdoutLine: {'line': b'-- Installing: /home/samiksha/ros2_ws/install/turtlesim/include/turtlesim/turtlesim/srv/detail/set_pen__type_support.hpp\n'}
[17.567016] (turtlesim) StdoutLine: {'line': b'-- Installing: /home/samiksha/ros2_ws/install/turtlesim/include/turtlesim/turtlesim/srv/detail/spawn__traits.hpp\n'}
[17.567041] (turtlesim) StdoutLine: {'line': b'-- Installing: /home/samiksha/ros2_ws/install/turtlesim/include/turtlesim/turtlesim/srv/detail/teleport_relative__struct.hpp\n'}
[17.567066] (turtlesim) StdoutLine: {'line': b'-- Installing: /home/samiksha/ros2_ws/install/turtlesim/include/turtlesim/turtlesim/srv/detail/kill__traits.hpp\n'}
[17.567091] (turtlesim) StdoutLine: {'line': b'-- Installing: /home/samiksha/ros2_ws/install/turtlesim/include/turtlesim/turtlesim/srv/detail/teleport_absolute__type_support.hpp\n'}
[17.567116] (turtlesim) StdoutLine: {'line': b'-- Installing: /home/samiksha/ros2_ws/install/turtlesim/include/turtlesim/turtlesim/srv/detail/kill__struct.hpp\n'}
[17.567140] (turtlesim) StdoutLine: {'line': b'-- Installing: /home/samiksha/ros2_ws/install/turtlesim/include/turtlesim/turtlesim/srv/detail/teleport_absolute__builder.hpp\n'}
[17.567166] (turtlesim) StdoutLine: {'line': b'-- Installing: /home/samiksha/ros2_ws/install/turtlesim/include/turtlesim/turtlesim/srv/detail/teleport_absolute__traits.hpp\n'}
[17.567212] (turtlesim) StdoutLine: {'line': b'-- Installing: /home/samiksha/ros2_ws/install/turtlesim/include/turtlesim/turtlesim/srv/detail/teleport_relative__type_support.hpp\n'}
[17.567240] (turtlesim) StdoutLine: {'line': b'-- Installing: /home/samiksha/ros2_ws/install/turtlesim/include/turtlesim/turtlesim/srv/detail/kill__type_support.hpp\n'}
[17.567266] (turtlesim) StdoutLine: {'line': b'-- Installing: /home/samiksha/ros2_ws/install/turtlesim/include/turtlesim/turtlesim/srv/detail/teleport_absolute__struct.hpp\n'}
[17.567292] (turtlesim) StdoutLine: {'line': b'-- Installing: /home/samiksha/ros2_ws/install/turtlesim/include/turtlesim/turtlesim/srv/detail/spawn__struct.hpp\n'}
[17.567320] (turtlesim) StdoutLine: {'line': b'-- Installing: /home/samiksha/ros2_ws/install/turtlesim/include/turtlesim/turtlesim/srv/teleport_absolute.hpp\n'}
[17.567347] (turtlesim) StdoutLine: {'line': b'-- Installing: /home/samiksha/ros2_ws/install/turtlesim/include/turtlesim/turtlesim/srv/set_pen.hpp\n'}
[17.567376] (turtlesim) StdoutLine: {'line': b'-- Installing: /home/samiksha/ros2_ws/install/turtlesim/include/turtlesim/turtlesim/srv/spawn.hpp\n'}
[17.567404] (turtlesim) StdoutLine: {'line': b'-- Installing: /home/samiksha/ros2_ws/install/turtlesim/include/turtlesim/turtlesim/srv/teleport_relative.hpp\n'}
[17.567431] (turtlesim) StdoutLine: {'line': b'-- Installing: /home/samiksha/ros2_ws/install/turtlesim/include/turtlesim/turtlesim/srv/kill.hpp\n'}
[17.567457] (turtlesim) StdoutLine: {'line': b'-- Up-to-date: /home/samiksha/ros2_ws/install/turtlesim/include/turtlesim/turtlesim\n'}
[17.567482] (turtlesim) StdoutLine: {'line': b'-- Up-to-date: /home/samiksha/ros2_ws/install/turtlesim/include/turtlesim/turtlesim/action\n'}
[17.567509] (turtlesim) StdoutLine: {'line': b'-- Up-to-date: /home/samiksha/ros2_ws/install/turtlesim/include/turtlesim/turtlesim/action/detail\n'}
[17.567535] (turtlesim) StdoutLine: {'line': b'-- Installing: /home/samiksha/ros2_ws/install/turtlesim/include/turtlesim/turtlesim/action/detail/rotate_absolute__rosidl_typesupport_fastrtps_cpp.hpp\n'}
[17.567580] (turtlesim) StdoutLine: {'line': b'-- Installing: /home/samiksha/ros2_ws/install/turtlesim/include/turtlesim/turtlesim/action/detail/dds_fastrtps\n'}
[17.567607] (turtlesim) StdoutLine: {'line': b'-- Up-to-date: /home/samiksha/ros2_ws/install/turtlesim/include/turtlesim/turtlesim/msg\n'}
[17.567635] (turtlesim) StdoutLine: {'line': b'-- Up-to-date: /home/samiksha/ros2_ws/install/turtlesim/include/turtlesim/turtlesim/msg/detail\n'}
[17.567660] (turtlesim) StdoutLine: {'line': b'-- Installing: /home/samiksha/ros2_ws/install/turtlesim/include/turtlesim/turtlesim/msg/detail/pose__rosidl_typesupport_fastrtps_cpp.hpp\n'}
[17.567686] (turtlesim) StdoutLine: {'line': b'-- Installing: /home/samiksha/ros2_ws/install/turtlesim/include/turtlesim/turtlesim/msg/detail/dds_fastrtps\n'}
[17.567711] (turtlesim) StdoutLine: {'line': b'-- Installing: /home/samiksha/ros2_ws/install/turtlesim/include/turtlesim/turtlesim/msg/detail/color__rosidl_typesupport_fastrtps_cpp.hpp\n'}
[17.567736] (turtlesim) StdoutLine: {'line': b'-- Installing: /home/samiksha/ros2_ws/install/turtlesim/include/turtlesim/turtlesim/msg/rosidl_typesupport_fastrtps_cpp__visibility_control.h\n'}
[17.567786] (turtlesim) StdoutLine: {'line': b'-- Up-to-date: /home/samiksha/ros2_ws/install/turtlesim/include/turtlesim/turtlesim/srv\n'}
[17.567841] (turtlesim) StdoutLine: {'line': b'-- Up-to-date: /home/samiksha/ros2_ws/install/turtlesim/include/turtlesim/turtlesim/srv/detail\n'}
[17.567870] (turtlesim) StdoutLine: {'line': b'-- Installing: /home/samiksha/ros2_ws/install/turtlesim/include/turtlesim/turtlesim/srv/detail/teleport_relative__rosidl_typesupport_fastrtps_cpp.hpp\n'}
[17.567896] (turtlesim) StdoutLine: {'line': b'-- Installing: /home/samiksha/ros2_ws/install/turtlesim/include/turtlesim/turtlesim/srv/detail/teleport_absolute__rosidl_typesupport_fastrtps_cpp.hpp\n'}
[17.567921] (turtlesim) StdoutLine: {'line': b'-- Installing: /home/samiksha/ros2_ws/install/turtlesim/include/turtlesim/turtlesim/srv/detail/kill__rosidl_typesupport_fastrtps_cpp.hpp\n'}
[17.567947] (turtlesim) StdoutLine: {'line': b'-- Installing: /home/samiksha/ros2_ws/install/turtlesim/include/turtlesim/turtlesim/srv/detail/set_pen__rosidl_typesupport_fastrtps_cpp.hpp\n'}
[17.567973] (turtlesim) StdoutLine: {'line': b'-- Installing: /home/samiksha/ros2_ws/install/turtlesim/include/turtlesim/turtlesim/srv/detail/spawn__rosidl_typesupport_fastrtps_cpp.hpp\n'}
[17.567998] (turtlesim) StdoutLine: {'line': b'-- Installing: /home/samiksha/ros2_ws/install/turtlesim/include/turtlesim/turtlesim/srv/detail/dds_fastrtps\n'}
[17.568023] (turtlesim) StdoutLine: {'line': b'-- Installing: /home/samiksha/ros2_ws/install/turtlesim/lib/libturtlesim__rosidl_typesupport_fastrtps_cpp.so\n'}
[17.568047] (turtlesim) StdoutLine: {'line': b'-- Set runtime path of "/home/samiksha/ros2_ws/install/turtlesim/lib/libturtlesim__rosidl_typesupport_fastrtps_cpp.so" to ""\n'}
[17.568072] (turtlesim) StdoutLine: {'line': b'-- Up-to-date: /home/samiksha/ros2_ws/install/turtlesim/include/turtlesim/turtlesim\n'}
[17.568096] (turtlesim) StdoutLine: {'line': b'-- Up-to-date: /home/samiksha/ros2_ws/install/turtlesim/include/turtlesim/turtlesim/action\n'}
[17.568120] (turtlesim) StdoutLine: {'line': b'-- Up-to-date: /home/samiksha/ros2_ws/install/turtlesim/include/turtlesim/turtlesim/action/detail\n'}
[17.568144] (turtlesim) StdoutLine: {'line': b'-- Installing: /home/samiksha/ros2_ws/install/turtlesim/include/turtlesim/turtlesim/action/detail/rotate_absolute__type_support.c\n'}
[17.568168] (turtlesim) StdoutLine: {'line': b'-- Installing: /home/samiksha/ros2_ws/install/turtlesim/include/turtlesim/turtlesim/action/detail/rotate_absolute__rosidl_typesupport_introspection_c.h\n'}
[17.568197] (turtlesim) StdoutLine: {'line': b'-- Up-to-date: /home/samiksha/ros2_ws/install/turtlesim/include/turtlesim/turtlesim/msg\n'}
[17.568222] (turtlesim) StdoutLine: {'line': b'-- Up-to-date: /home/samiksha/ros2_ws/install/turtlesim/include/turtlesim/turtlesim/msg/detail\n'}
[17.568247] (turtlesim) StdoutLine: {'line': b'-- Installing: /home/samiksha/ros2_ws/install/turtlesim/include/turtlesim/turtlesim/msg/detail/color__rosidl_typesupport_introspection_c.h\n'}
[17.568272] (turtlesim) StdoutLine: {'line': b'-- Installing: /home/samiksha/ros2_ws/install/turtlesim/include/turtlesim/turtlesim/msg/detail/color__type_support.c\n'}
[17.568299] (turtlesim) StdoutLine: {'line': b'-- Installing: /home/samiksha/ros2_ws/install/turtlesim/include/turtlesim/turtlesim/msg/detail/pose__type_support.c\n'}
[17.568339] (turtlesim) StdoutLine: {'line': b'-- Installing: /home/samiksha/ros2_ws/install/turtlesim/include/turtlesim/turtlesim/msg/detail/pose__rosidl_typesupport_introspection_c.h\n'}
[17.568367] (turtlesim) StdoutLine: {'line': b'-- Installing: /home/samiksha/ros2_ws/install/turtlesim/include/turtlesim/turtlesim/msg/rosidl_typesupport_introspection_c__visibility_control.h\n'}
[17.568394] (turtlesim) StdoutLine: {'line': b'-- Up-to-date: /home/samiksha/ros2_ws/install/turtlesim/include/turtlesim/turtlesim/srv\n'}
[17.568418] (turtlesim) StdoutLine: {'line': b'-- Up-to-date: /home/samiksha/ros2_ws/install/turtlesim/include/turtlesim/turtlesim/srv/detail\n'}
[17.568443] (turtlesim) StdoutLine: {'line': b'-- Installing: /home/samiksha/ros2_ws/install/turtlesim/include/turtlesim/turtlesim/srv/detail/kill__rosidl_typesupport_introspection_c.h\n'}
[17.568467] (turtlesim) StdoutLine: {'line': b'-- Installing: /home/samiksha/ros2_ws/install/turtlesim/include/turtlesim/turtlesim/srv/detail/kill__type_support.c\n'}
[17.568492] (turtlesim) StdoutLine: {'line': b'-- Installing: /home/samiksha/ros2_ws/install/turtlesim/include/turtlesim/turtlesim/srv/detail/teleport_relative__rosidl_typesupport_introspection_c.h\n'}
[17.568517] (turtlesim) StdoutLine: {'line': b'-- Installing: /home/samiksha/ros2_ws/install/turtlesim/include/turtlesim/turtlesim/srv/detail/spawn__type_support.c\n'}
[17.568542] (turtlesim) StdoutLine: {'line': b'-- Installing: /home/samiksha/ros2_ws/install/turtlesim/include/turtlesim/turtlesim/srv/detail/spawn__rosidl_typesupport_introspection_c.h\n'}
[17.568566] (turtlesim) StdoutLine: {'line': b'-- Installing: /home/samiksha/ros2_ws/install/turtlesim/include/turtlesim/turtlesim/srv/detail/set_pen__rosidl_typesupport_introspection_c.h\n'}
[17.568591] (turtlesim) StdoutLine: {'line': b'-- Installing: /home/samiksha/ros2_ws/install/turtlesim/include/turtlesim/turtlesim/srv/detail/teleport_absolute__rosidl_typesupport_introspection_c.h\n'}
[17.568617] (turtlesim) StdoutLine: {'line': b'-- Installing: /home/samiksha/ros2_ws/install/turtlesim/include/turtlesim/turtlesim/srv/detail/teleport_absolute__type_support.c\n'}
[17.568641] (turtlesim) StdoutLine: {'line': b'-- Installing: /home/samiksha/ros2_ws/install/turtlesim/include/turtlesim/turtlesim/srv/detail/set_pen__type_support.c\n'}
[17.568666] (turtlesim) StdoutLine: {'line': b'-- Installing: /home/samiksha/ros2_ws/install/turtlesim/include/turtlesim/turtlesim/srv/detail/teleport_relative__type_support.c\n'}
[17.568690] (turtlesim) StdoutLine: {'line': b'-- Installing: /home/samiksha/ros2_ws/install/turtlesim/lib/libturtlesim__rosidl_typesupport_introspection_c.so\n'}
[17.568717] (turtlesim) StdoutLine: {'line': b'-- Set runtime path of "/home/samiksha/ros2_ws/install/turtlesim/lib/libturtlesim__rosidl_typesupport_introspection_c.so" to ""\n'}
[17.568741] (turtlesim) StdoutLine: {'line': b'-- Installing: /home/samiksha/ros2_ws/install/turtlesim/lib/libturtlesim__rosidl_typesupport_c.so\n'}
[17.568766] (turtlesim) StdoutLine: {'line': b'-- Set runtime path of "/home/samiksha/ros2_ws/install/turtlesim/lib/libturtlesim__rosidl_typesupport_c.so" to ""\n'}
[17.568791] (turtlesim) StdoutLine: {'line': b'-- Up-to-date: /home/samiksha/ros2_ws/install/turtlesim/include/turtlesim/turtlesim\n'}
[17.568815] (turtlesim) StdoutLine: {'line': b'-- Up-to-date: /home/samiksha/ros2_ws/install/turtlesim/include/turtlesim/turtlesim/action\n'}
[17.568840] (turtlesim) StdoutLine: {'line': b'-- Up-to-date: /home/samiksha/ros2_ws/install/turtlesim/include/turtlesim/turtlesim/action/detail\n'}
[17.568864] (turtlesim) StdoutLine: {'line': b'-- Installing: /home/samiksha/ros2_ws/install/turtlesim/include/turtlesim/turtlesim/action/detail/rotate_absolute__rosidl_typesupport_introspection_cpp.hpp\n'}
[17.568889] (turtlesim) StdoutLine: {'line': b'-- Installing: /home/samiksha/ros2_ws/install/turtlesim/include/turtlesim/turtlesim/action/detail/rotate_absolute__type_support.cpp\n'}
[17.568915] (turtlesim) StdoutLine: {'line': b'-- Up-to-date: /home/samiksha/ros2_ws/install/turtlesim/include/turtlesim/turtlesim/msg\n'}
[17.568939] (turtlesim) StdoutLine: {'line': b'-- Up-to-date: /home/samiksha/ros2_ws/install/turtlesim/include/turtlesim/turtlesim/msg/detail\n'}
[17.568964] (turtlesim) StdoutLine: {'line': b'-- Installing: /home/samiksha/ros2_ws/install/turtlesim/include/turtlesim/turtlesim/msg/detail/pose__rosidl_typesupport_introspection_cpp.hpp\n'}
[17.568988] (turtlesim) StdoutLine: {'line': b'-- Installing: /home/samiksha/ros2_ws/install/turtlesim/include/turtlesim/turtlesim/msg/detail/color__rosidl_typesupport_introspection_cpp.hpp\n'}
[17.569013] (turtlesim) StdoutLine: {'line': b'-- Installing: /home/samiksha/ros2_ws/install/turtlesim/include/turtlesim/turtlesim/msg/detail/pose__type_support.cpp\n'}
[17.569037] (turtlesim) StdoutLine: {'line': b'-- Installing: /home/samiksha/ros2_ws/install/turtlesim/include/turtlesim/turtlesim/msg/detail/color__type_support.cpp\n'}
[17.569062] (turtlesim) StdoutLine: {'line': b'-- Up-to-date: /home/samiksha/ros2_ws/install/turtlesim/include/turtlesim/turtlesim/srv\n'}
[17.569086] (turtlesim) StdoutLine: {'line': b'-- Up-to-date: /home/samiksha/ros2_ws/install/turtlesim/include/turtlesim/turtlesim/srv/detail\n'}
[17.569111] (turtlesim) StdoutLine: {'line': b'-- Installing: /home/samiksha/ros2_ws/install/turtlesim/include/turtlesim/turtlesim/srv/detail/spawn__rosidl_typesupport_introspection_cpp.hpp\n'}
[17.569135] (turtlesim) StdoutLine: {'line': b'-- Installing: /home/samiksha/ros2_ws/install/turtlesim/include/turtlesim/turtlesim/srv/detail/teleport_relative__rosidl_typesupport_introspection_cpp.hpp\n'}
[17.569160] (turtlesim) StdoutLine: {'line': b'-- Installing: /home/samiksha/ros2_ws/install/turtlesim/include/turtlesim/turtlesim/srv/detail/set_pen__rosidl_typesupport_introspection_cpp.hpp\n'}
[17.569188] (turtlesim) StdoutLine: {'line': b'-- Installing: /home/samiksha/ros2_ws/install/turtlesim/include/turtlesim/turtlesim/srv/detail/teleport_relative__type_support.cpp\n'}
[17.569214] (turtlesim) StdoutLine: {'line': b'-- Installing: /home/samiksha/ros2_ws/install/turtlesim/include/turtlesim/turtlesim/srv/detail/kill__rosidl_typesupport_introspection_cpp.hpp\n'}
[17.569239] (turtlesim) StdoutLine: {'line': b'-- Installing: /home/samiksha/ros2_ws/install/turtlesim/include/turtlesim/turtlesim/srv/detail/teleport_absolute__type_support.cpp\n'}
[17.569264] (turtlesim) StdoutLine: {'line': b'-- Installing: /home/samiksha/ros2_ws/install/turtlesim/include/turtlesim/turtlesim/srv/detail/kill__type_support.cpp\n'}
[17.569290] (turtlesim) StdoutLine: {'line': b'-- Installing: /home/samiksha/ros2_ws/install/turtlesim/include/turtlesim/turtlesim/srv/detail/spawn__type_support.cpp\n'}
[17.569316] (turtlesim) StdoutLine: {'line': b'-- Installing: /home/samiksha/ros2_ws/install/turtlesim/include/turtlesim/turtlesim/srv/detail/teleport_absolute__rosidl_typesupport_introspection_cpp.hpp\n'}
[17.569344] (turtlesim) StdoutLine: {'line': b'-- Installing: /home/samiksha/ros2_ws/install/turtlesim/include/turtlesim/turtlesim/srv/detail/set_pen__type_support.cpp\n'}
[17.569371] (turtlesim) StdoutLine: {'line': b'-- Installing: /home/samiksha/ros2_ws/install/turtlesim/lib/libturtlesim__rosidl_typesupport_introspection_cpp.so\n'}
[17.569396] (turtlesim) StdoutLine: {'line': b'-- Set runtime path of "/home/samiksha/ros2_ws/install/turtlesim/lib/libturtlesim__rosidl_typesupport_introspection_cpp.so" to ""\n'}
[17.569424] (turtlesim) StdoutLine: {'line': b'-- Installing: /home/samiksha/ros2_ws/install/turtlesim/lib/libturtlesim__rosidl_typesupport_cpp.so\n'}
[17.569447] (turtlesim) StdoutLine: {'line': b'-- Set runtime path of "/home/samiksha/ros2_ws/install/turtlesim/lib/libturtlesim__rosidl_typesupport_cpp.so" to ""\n'}
[17.569471] (turtlesim) StdoutLine: {'line': b'-- Installing: /home/samiksha/ros2_ws/install/turtlesim/share/turtlesim/environment/pythonpath.sh\n'}
[17.569495] (turtlesim) StdoutLine: {'line': b'-- Installing: /home/samiksha/ros2_ws/install/turtlesim/share/turtlesim/environment/pythonpath.dsv\n'}
[17.569559] (turtlesim) StdoutLine: {'line': b'-- Installing: /home/samiksha/ros2_ws/install/turtlesim/local/lib/python3.10/dist-packages/turtlesim-1.4.2-py3.10.egg-info\n'}
[17.569583] (turtlesim) StdoutLine: {'line': b'-- Installing: /home/samiksha/ros2_ws/install/turtlesim/local/lib/python3.10/dist-packages/turtlesim-1.4.2-py3.10.egg-info/dependency_links.txt\n'}
[17.569609] (turtlesim) StdoutLine: {'line': b'-- Installing: /home/samiksha/ros2_ws/install/turtlesim/local/lib/python3.10/dist-packages/turtlesim-1.4.2-py3.10.egg-info/PKG-INFO\n'}
[17.569632] (turtlesim) StdoutLine: {'line': b'-- Installing: /home/samiksha/ros2_ws/install/turtlesim/local/lib/python3.10/dist-packages/turtlesim-1.4.2-py3.10.egg-info/SOURCES.txt\n'}
[17.569656] (turtlesim) StdoutLine: {'line': b'-- Installing: /home/samiksha/ros2_ws/install/turtlesim/local/lib/python3.10/dist-packages/turtlesim-1.4.2-py3.10.egg-info/top_level.txt\n'}
[17.569680] (turtlesim) StdoutLine: {'line': b'-- Installing: /home/samiksha/ros2_ws/install/turtlesim/local/lib/python3.10/dist-packages/turtlesim\n'}
[17.569705] (turtlesim) StdoutLine: {'line': b'-- Installing: /home/samiksha/ros2_ws/install/turtlesim/local/lib/python3.10/dist-packages/turtlesim/action\n'}
[17.569729] (turtlesim) StdoutLine: {'line': b'-- Installing: /home/samiksha/ros2_ws/install/turtlesim/local/lib/python3.10/dist-packages/turtlesim/action/_rotate_absolute_s.c\n'}
[17.569753] (turtlesim) StdoutLine: {'line': b'-- Installing: /home/samiksha/ros2_ws/install/turtlesim/local/lib/python3.10/dist-packages/turtlesim/action/__init__.py\n'}
[17.569777] (turtlesim) StdoutLine: {'line': b'-- Installing: /home/samiksha/ros2_ws/install/turtlesim/local/lib/python3.10/dist-packages/turtlesim/action/_rotate_absolute.py\n'}
[17.569801] (turtlesim) StdoutLine: {'line': b'-- Installing: /home/samiksha/ros2_ws/install/turtlesim/local/lib/python3.10/dist-packages/turtlesim/_turtlesim_s.ep.rosidl_typesupport_introspection_c.c\n'}
[17.569826] (turtlesim) StdoutLine: {'line': b'-- Installing: /home/samiksha/ros2_ws/install/turtlesim/local/lib/python3.10/dist-packages/turtlesim/_turtlesim_s.ep.rosidl_typesupport_c.c\n'}
[17.569853] (turtlesim) StdoutLine: {'line': b'-- Installing: /home/samiksha/ros2_ws/install/turtlesim/local/lib/python3.10/dist-packages/turtlesim/turtlesim_s__rosidl_typesupport_introspection_c.cpython-310-x86_64-linux-gnu.so\n'}
[17.569878] (turtlesim) StdoutLine: {'line': b'-- Installing: /home/samiksha/ros2_ws/install/turtlesim/local/lib/python3.10/dist-packages/turtlesim/libturtlesim__rosidl_generator_py.so\n'}
[17.569904] (turtlesim) StdoutLine: {'line': b'-- Installing: /home/samiksha/ros2_ws/install/turtlesim/local/lib/python3.10/dist-packages/turtlesim/msg\n'}
[17.569930] (turtlesim) StdoutLine: {'line': b'-- Installing: /home/samiksha/ros2_ws/install/turtlesim/local/lib/python3.10/dist-packages/turtlesim/msg/_pose.py\n'}
[17.569957] (turtlesim) StdoutLine: {'line': b'-- Installing: /home/samiksha/ros2_ws/install/turtlesim/local/lib/python3.10/dist-packages/turtlesim/msg/_color.py\n'}
[17.570039] (turtlesim) StdoutLine: {'line': b'-- Installing: /home/samiksha/ros2_ws/install/turtlesim/local/lib/python3.10/dist-packages/turtlesim/msg/__init__.py\n'}
[17.570069] (turtlesim) StdoutLine: {'line': b'-- Installing: /home/samiksha/ros2_ws/install/turtlesim/local/lib/python3.10/dist-packages/turtlesim/msg/_color_s.c\n'}
[17.570096] (turtlesim) StdoutLine: {'line': b'-- Installing: /home/samiksha/ros2_ws/install/turtlesim/local/lib/python3.10/dist-packages/turtlesim/msg/_pose_s.c\n'}
[17.570122] (turtlesim) StdoutLine: {'line': b'-- Installing: /home/samiksha/ros2_ws/install/turtlesim/local/lib/python3.10/dist-packages/turtlesim/srv\n'}
[17.570148] (turtlesim) StdoutLine: {'line': b'-- Installing: /home/samiksha/ros2_ws/install/turtlesim/local/lib/python3.10/dist-packages/turtlesim/srv/_teleport_relative_s.c\n'}
[17.570177] (turtlesim) StdoutLine: {'line': b'-- Installing: /home/samiksha/ros2_ws/install/turtlesim/local/lib/python3.10/dist-packages/turtlesim/srv/_kill.py\n'}
[17.570209] (turtlesim) StdoutLine: {'line': b'-- Installing: /home/samiksha/ros2_ws/install/turtlesim/local/lib/python3.10/dist-packages/turtlesim/srv/_spawn.py\n'}
[17.570235] (turtlesim) StdoutLine: {'line': b'-- Installing: /home/samiksha/ros2_ws/install/turtlesim/local/lib/python3.10/dist-packages/turtlesim/srv/__init__.py\n'}
[17.570260] (turtlesim) StdoutLine: {'line': b'-- Installing: /home/samiksha/ros2_ws/install/turtlesim/local/lib/python3.10/dist-packages/turtlesim/srv/_spawn_s.c\n'}
[17.570284] (turtlesim) StdoutLine: {'line': b'-- Installing: /home/samiksha/ros2_ws/install/turtlesim/local/lib/python3.10/dist-packages/turtlesim/srv/_teleport_relative.py\n'}
[17.570317] (turtlesim) StdoutLine: {'line': b'-- Installing: /home/samiksha/ros2_ws/install/turtlesim/local/lib/python3.10/dist-packages/turtlesim/srv/_set_pen.py\n'}
[17.570345] (turtlesim) StdoutLine: {'line': b'-- Installing: /home/samiksha/ros2_ws/install/turtlesim/local/lib/python3.10/dist-packages/turtlesim/srv/_teleport_absolute_s.c\n'}
[17.570373] (turtlesim) StdoutLine: {'line': b'-- Installing: /home/samiksha/ros2_ws/install/turtlesim/local/lib/python3.10/dist-packages/turtlesim/srv/_teleport_absolute.py\n'}
[17.570402] (turtlesim) StdoutLine: {'line': b'-- Installing: /home/samiksha/ros2_ws/install/turtlesim/local/lib/python3.10/dist-packages/turtlesim/srv/_kill_s.c\n'}
[17.570426] (turtlesim) StdoutLine: {'line': b'-- Installing: /home/samiksha/ros2_ws/install/turtlesim/local/lib/python3.10/dist-packages/turtlesim/srv/_set_pen_s.c\n'}
[17.570451] (turtlesim) StdoutLine: {'line': b'-- Installing: /home/samiksha/ros2_ws/install/turtlesim/local/lib/python3.10/dist-packages/turtlesim/turtlesim_s__rosidl_typesupport_fastrtps_c.cpython-310-x86_64-linux-gnu.so\n'}
[17.570478] (turtlesim) StdoutLine: {'line': b'-- Installing: /home/samiksha/ros2_ws/install/turtlesim/local/lib/python3.10/dist-packages/turtlesim/__init__.py\n'}
[17.570503] (turtlesim) StdoutLine: {'line': b'-- Installing: /home/samiksha/ros2_ws/install/turtlesim/local/lib/python3.10/dist-packages/turtlesim/_turtlesim_s.ep.rosidl_typesupport_fastrtps_c.c\n'}
[17.570529] (turtlesim) StdoutLine: {'line': b'-- Installing: /home/samiksha/ros2_ws/install/turtlesim/local/lib/python3.10/dist-packages/turtlesim/turtlesim_s__rosidl_typesupport_c.cpython-310-x86_64-linux-gnu.so\n'}
[17.600485] (turtlesim) StdoutLine: {'line': b"Listing '/home/samiksha/ros2_ws/install/turtlesim/local/lib/python3.10/dist-packages/turtlesim'...\n"}
[17.600602] (turtlesim) StdoutLine: {'line': b"Compiling '/home/samiksha/ros2_ws/install/turtlesim/local/lib/python3.10/dist-packages/turtlesim/__init__.py'...\n"}
[17.600638] (turtlesim) StdoutLine: {'line': b"Listing '/home/samiksha/ros2_ws/install/turtlesim/local/lib/python3.10/dist-packages/turtlesim/action'...\n"}
[17.600668] (turtlesim) StdoutLine: {'line': b"Compiling '/home/samiksha/ros2_ws/install/turtlesim/local/lib/python3.10/dist-packages/turtlesim/action/__init__.py'...\n"}
[17.600698] (turtlesim) StdoutLine: {'line': b"Compiling '/home/samiksha/ros2_ws/install/turtlesim/local/lib/python3.10/dist-packages/turtlesim/action/_rotate_absolute.py'...\n"}
[17.600727] (turtlesim) StdoutLine: {'line': b"Listing '/home/samiksha/ros2_ws/install/turtlesim/local/lib/python3.10/dist-packages/turtlesim/msg'...\n"}
[17.600750] (turtlesim) StdoutLine: {'line': b"Compiling '/home/samiksha/ros2_ws/install/turtlesim/local/lib/python3.10/dist-packages/turtlesim/msg/__init__.py'...\n"}
[17.600773] (turtlesim) StdoutLine: {'line': b"Compiling '/home/samiksha/ros2_ws/install/turtlesim/local/lib/python3.10/dist-packages/turtlesim/msg/_color.py'...\n"}
[17.600794] (turtlesim) StdoutLine: {'line': b"Compiling '/home/samiksha/ros2_ws/install/turtlesim/local/lib/python3.10/dist-packages/turtlesim/msg/_pose.py'...\n"}
[17.600817] (turtlesim) StdoutLine: {'line': b"Listing '/home/samiksha/ros2_ws/install/turtlesim/local/lib/python3.10/dist-packages/turtlesim/srv'...\n"}
[17.600839] (turtlesim) StdoutLine: {'line': b"Compiling '/home/samiksha/ros2_ws/install/turtlesim/local/lib/python3.10/dist-packages/turtlesim/srv/__init__.py'...\n"}
[17.600867] (turtlesim) StdoutLine: {'line': b"Compiling '/home/samiksha/ros2_ws/install/turtlesim/local/lib/python3.10/dist-packages/turtlesim/srv/_kill.py'...\n"}
[17.600889] (turtlesim) StdoutLine: {'line': b"Compiling '/home/samiksha/ros2_ws/install/turtlesim/local/lib/python3.10/dist-packages/turtlesim/srv/_set_pen.py'...\n"}
[17.600910] (turtlesim) StdoutLine: {'line': b"Compiling '/home/samiksha/ros2_ws/install/turtlesim/local/lib/python3.10/dist-packages/turtlesim/srv/_spawn.py'...\n"}
[17.600931] (turtlesim) StdoutLine: {'line': b"Compiling '/home/samiksha/ros2_ws/install/turtlesim/local/lib/python3.10/dist-packages/turtlesim/srv/_teleport_absolute.py'...\n"}
[17.600952] (turtlesim) StdoutLine: {'line': b"Compiling '/home/samiksha/ros2_ws/install/turtlesim/local/lib/python3.10/dist-packages/turtlesim/srv/_teleport_relative.py'...\n"}
[17.603959] (turtlesim) StdoutLine: {'line': b'-- Installing: /home/samiksha/ros2_ws/install/turtlesim/local/lib/python3.10/dist-packages/turtlesim/turtlesim_s__rosidl_typesupport_fastrtps_c.cpython-310-x86_64-linux-gnu.so\n'}
[17.604039] (turtlesim) StdoutLine: {'line': b'-- Set runtime path of "/home/samiksha/ros2_ws/install/turtlesim/local/lib/python3.10/dist-packages/turtlesim/turtlesim_s__rosidl_typesupport_fastrtps_c.cpython-310-x86_64-linux-gnu.so" to ""\n'}
[17.604070] (turtlesim) StdoutLine: {'line': b'-- Installing: /home/samiksha/ros2_ws/install/turtlesim/local/lib/python3.10/dist-packages/turtlesim/turtlesim_s__rosidl_typesupport_introspection_c.cpython-310-x86_64-linux-gnu.so\n'}
[17.604132] (turtlesim) StdoutLine: {'line': b'-- Set runtime path of "/home/samiksha/ros2_ws/install/turtlesim/local/lib/python3.10/dist-packages/turtlesim/turtlesim_s__rosidl_typesupport_introspection_c.cpython-310-x86_64-linux-gnu.so" to ""\n'}
[17.604328] (turtlesim) StdoutLine: {'line': b'-- Installing: /home/samiksha/ros2_ws/install/turtlesim/local/lib/python3.10/dist-packages/turtlesim/turtlesim_s__rosidl_typesupport_c.cpython-310-x86_64-linux-gnu.so\n'}
[17.604396] (turtlesim) StdoutLine: {'line': b'-- Set runtime path of "/home/samiksha/ros2_ws/install/turtlesim/local/lib/python3.10/dist-packages/turtlesim/turtlesim_s__rosidl_typesupport_c.cpython-310-x86_64-linux-gnu.so" to ""\n'}
[17.604426] (turtlesim) StdoutLine: {'line': b'-- Installing: /home/samiksha/ros2_ws/install/turtlesim/lib/libturtlesim__rosidl_generator_py.so\n'}
[17.604534] (turtlesim) StdoutLine: {'line': b'-- Set runtime path of "/home/samiksha/ros2_ws/install/turtlesim/lib/libturtlesim__rosidl_generator_py.so" to ""\n'}
[17.604576] (turtlesim) StdoutLine: {'line': b'-- Installing: /home/samiksha/ros2_ws/install/turtlesim/share/turtlesim/action/RotateAbsolute.idl\n'}
[17.604713] (turtlesim) StdoutLine: {'line': b'-- Installing: /home/samiksha/ros2_ws/install/turtlesim/share/turtlesim/msg/Color.idl\n'}
[17.604749] (turtlesim) StdoutLine: {'line': b'-- Installing: /home/samiksha/ros2_ws/install/turtlesim/share/turtlesim/msg/Pose.idl\n'}
[17.604808] (turtlesim) StdoutLine: {'line': b'-- Installing: /home/samiksha/ros2_ws/install/turtlesim/share/turtlesim/srv/Kill.idl\n'}
[17.604844] (turtlesim) StdoutLine: {'line': b'-- Installing: /home/samiksha/ros2_ws/install/turtlesim/share/turtlesim/srv/SetPen.idl\n'}
[17.604874] (turtlesim) StdoutLine: {'line': b'-- Installing: /home/samiksha/ros2_ws/install/turtlesim/share/turtlesim/srv/Spawn.idl\n'}
[17.604925] (turtlesim) StdoutLine: {'line': b'-- Installing: /home/samiksha/ros2_ws/install/turtlesim/share/turtlesim/srv/TeleportAbsolute.idl\n'}
[17.604961] (turtlesim) StdoutLine: {'line': b'-- Installing: /home/samiksha/ros2_ws/install/turtlesim/share/turtlesim/srv/TeleportRelative.idl\n'}
[17.605009] (turtlesim) StdoutLine: {'line': b'-- Installing: /home/samiksha/ros2_ws/install/turtlesim/share/turtlesim/action/RotateAbsolute.action\n'}
[17.605131] (turtlesim) StdoutLine: {'line': b'-- Installing: /home/samiksha/ros2_ws/install/turtlesim/share/turtlesim/msg/Color.msg\n'}
[17.605160] (turtlesim) StdoutLine: {'line': b'-- Installing: /home/samiksha/ros2_ws/install/turtlesim/share/turtlesim/msg/Pose.msg\n'}
[17.605202] (turtlesim) StdoutLine: {'line': b'-- Installing: /home/samiksha/ros2_ws/install/turtlesim/share/turtlesim/srv/Kill.srv\n'}
[17.605233] (turtlesim) StdoutLine: {'line': b'-- Installing: /home/samiksha/ros2_ws/install/turtlesim/share/turtlesim/srv/Kill_Request.msg\n'}
[17.605279] (turtlesim) StdoutLine: {'line': b'-- Installing: /home/samiksha/ros2_ws/install/turtlesim/share/turtlesim/srv/Kill_Response.msg\n'}
[17.605309] (turtlesim) StdoutLine: {'line': b'-- Installing: /home/samiksha/ros2_ws/install/turtlesim/share/turtlesim/srv/SetPen.srv\n'}
[17.605350] (turtlesim) StdoutLine: {'line': b'-- Installing: /home/samiksha/ros2_ws/install/turtlesim/share/turtlesim/srv/SetPen_Request.msg\n'}
[17.605376] (turtlesim) StdoutLine: {'line': b'-- Installing: /home/samiksha/ros2_ws/install/turtlesim/share/turtlesim/srv/SetPen_Response.msg\n'}
[17.605412] (turtlesim) StdoutLine: {'line': b'-- Installing: /home/samiksha/ros2_ws/install/turtlesim/share/turtlesim/srv/Spawn.srv\n'}
[17.605447] (turtlesim) StdoutLine: {'line': b'-- Installing: /home/samiksha/ros2_ws/install/turtlesim/share/turtlesim/srv/Spawn_Request.msg\n'}
[17.605482] (turtlesim) StdoutLine: {'line': b'-- Installing: /home/samiksha/ros2_ws/install/turtlesim/share/turtlesim/srv/Spawn_Response.msg\n'}
[17.605521] (turtlesim) StdoutLine: {'line': b'-- Installing: /home/samiksha/ros2_ws/install/turtlesim/share/turtlesim/srv/TeleportAbsolute.srv\n'}
[17.605564] (turtlesim) StdoutLine: {'line': b'-- Installing: /home/samiksha/ros2_ws/install/turtlesim/share/turtlesim/srv/TeleportAbsolute_Request.msg\n'}
[17.605608] (turtlesim) StdoutLine: {'line': b'-- Installing: /home/samiksha/ros2_ws/install/turtlesim/share/turtlesim/srv/TeleportAbsolute_Response.msg\n'}
[17.605650] (turtlesim) StdoutLine: {'line': b'-- Installing: /home/samiksha/ros2_ws/install/turtlesim/share/turtlesim/srv/TeleportRelative.srv\n'}
[17.605694] (turtlesim) StdoutLine: {'line': b'-- Installing: /home/samiksha/ros2_ws/install/turtlesim/share/turtlesim/srv/TeleportRelative_Request.msg\n'}
[17.605738] (turtlesim) StdoutLine: {'line': b'-- Installing: /home/samiksha/ros2_ws/install/turtlesim/share/turtlesim/srv/TeleportRelative_Response.msg\n'}
[17.605805] (turtlesim) StdoutLine: {'line': b'-- Installing: /home/samiksha/ros2_ws/install/turtlesim/lib/turtlesim/turtlesim_node\n'}
[17.609766] (turtlesim) StdoutLine: {'line': b'-- Set runtime path of "/home/samiksha/ros2_ws/install/turtlesim/lib/turtlesim/turtlesim_node" to ""\n'}
[17.609802] (turtlesim) StdoutLine: {'line': b'-- Installing: /home/samiksha/ros2_ws/install/turtlesim/lib/turtlesim/turtle_teleop_key\n'}
[17.610821] (turtlesim) StdoutLine: {'line': b'-- Set runtime path of "/home/samiksha/ros2_ws/install/turtlesim/lib/turtlesim/turtle_teleop_key" to ""\n'}
[17.610859] (turtlesim) StdoutLine: {'line': b'-- Installing: /home/samiksha/ros2_ws/install/turtlesim/lib/turtlesim/draw_square\n'}
[17.612829] (turtlesim) StdoutLine: {'line': b'-- Set runtime path of "/home/samiksha/ros2_ws/install/turtlesim/lib/turtlesim/draw_square" to ""\n'}
[17.612866] (turtlesim) StdoutLine: {'line': b'-- Installing: /home/samiksha/ros2_ws/install/turtlesim/lib/turtlesim/mimic\n'}
[17.614389] (turtlesim) StdoutLine: {'line': b'-- Set runtime path of "/home/samiksha/ros2_ws/install/turtlesim/lib/turtlesim/mimic" to ""\n'}
[17.614423] (turtlesim) StdoutLine: {'line': b'-- Installing: /home/samiksha/ros2_ws/install/turtlesim/share/turtlesim/images\n'}
[17.614462] (turtlesim) StdoutLine: {'line': b'-- Installing: /home/samiksha/ros2_ws/install/turtlesim/share/turtlesim/images/rolling.png\n'}
[17.615378] (turtlesim) StdoutLine: {'line': b'-- Installing: /home/samiksha/ros2_ws/install/turtlesim/share/turtlesim/images/ardent.png\n'}
[17.615448] (turtlesim) StdoutLine: {'line': b'-- Installing: /home/samiksha/ros2_ws/install/turtlesim/share/turtlesim/images/dashing.png\n'}
[17.615508] (turtlesim) StdoutLine: {'line': b'-- Installing: /home/samiksha/ros2_ws/install/turtlesim/share/turtlesim/images/crystal.png\n'}
[17.615573] (turtlesim) StdoutLine: {'line': b'-- Installing: /home/samiksha/ros2_ws/install/turtlesim/share/turtlesim/images/humble.png\n'}
[17.615650] (turtlesim) StdoutLine: {'line': b'-- Installing: /home/samiksha/ros2_ws/install/turtlesim/share/turtlesim/images/eloquent.png\n'}
[17.615712] (turtlesim) StdoutLine: {'line': b'-- Installing: /home/samiksha/ros2_ws/install/turtlesim/share/turtlesim/images/bouncy.png\n'}
[17.615772] (turtlesim) StdoutLine: {'line': b'-- Installing: /home/samiksha/ros2_ws/install/turtlesim/share/turtlesim/images/galactic.png\n'}
[17.615826] (turtlesim) StdoutLine: {'line': b'-- Installing: /home/samiksha/ros2_ws/install/turtlesim/share/turtlesim/images/foxy.png\n'}
[17.615898] (turtlesim) StdoutLine: {'line': b'-- Installing: /home/samiksha/ros2_ws/install/turtlesim/share/turtlesim/launch\n'}
[17.615934] (turtlesim) StdoutLine: {'line': b'-- Installing: /home/samiksha/ros2_ws/install/turtlesim/share/turtlesim/launch/multisim.launch.py\n'}
[17.616067] (turtlesim) StdoutLine: {'line': b'-- Installing: /home/samiksha/ros2_ws/install/turtlesim/share/ament_index/resource_index/package_run_dependencies/turtlesim\n'}
[17.616128] (turtlesim) StdoutLine: {'line': b'-- Installing: /home/samiksha/ros2_ws/install/turtlesim/share/ament_index/resource_index/parent_prefix_path/turtlesim\n'}
[17.616183] (turtlesim) StdoutLine: {'line': b'-- Installing: /home/samiksha/ros2_ws/install/turtlesim/share/turtlesim/environment/ament_prefix_path.sh\n'}
[17.616230] (turtlesim) StdoutLine: {'line': b'-- Installing: /home/samiksha/ros2_ws/install/turtlesim/share/turtlesim/environment/ament_prefix_path.dsv\n'}
[17.616275] (turtlesim) StdoutLine: {'line': b'-- Installing: /home/samiksha/ros2_ws/install/turtlesim/share/turtlesim/environment/path.sh\n'}
[17.616324] (turtlesim) StdoutLine: {'line': b'-- Installing: /home/samiksha/ros2_ws/install/turtlesim/share/turtlesim/environment/path.dsv\n'}
[17.616373] (turtlesim) StdoutLine: {'line': b'-- Installing: /home/samiksha/ros2_ws/install/turtlesim/share/turtlesim/local_setup.bash\n'}
[17.616420] (turtlesim) StdoutLine: {'line': b'-- Installing: /home/samiksha/ros2_ws/install/turtlesim/share/turtlesim/local_setup.sh\n'}
[17.616465] (turtlesim) StdoutLine: {'line': b'-- Installing: /home/samiksha/ros2_ws/install/turtlesim/share/turtlesim/local_setup.zsh\n'}
[17.616507] (turtlesim) StdoutLine: {'line': b'-- Installing: /home/samiksha/ros2_ws/install/turtlesim/share/turtlesim/local_setup.dsv\n'}
[17.616551] (turtlesim) StdoutLine: {'line': b'-- Installing: /home/samiksha/ros2_ws/install/turtlesim/share/turtlesim/package.dsv\n'}
[17.616610] (turtlesim) StdoutLine: {'line': b'-- Installing: /home/samiksha/ros2_ws/install/turtlesim/share/ament_index/resource_index/packages/turtlesim\n'}
[17.616675] (turtlesim) StdoutLine: {'line': b'-- Installing: /home/samiksha/ros2_ws/install/turtlesim/share/turtlesim/cmake/export_turtlesim__rosidl_generator_cExport.cmake\n'}
[17.616728] (turtlesim) StdoutLine: {'line': b'-- Installing: /home/samiksha/ros2_ws/install/turtlesim/share/turtlesim/cmake/export_turtlesim__rosidl_generator_cExport-noconfig.cmake\n'}
[17.616780] (turtlesim) StdoutLine: {'line': b'-- Installing: /home/samiksha/ros2_ws/install/turtlesim/share/turtlesim/cmake/export_turtlesim__rosidl_typesupport_fastrtps_cExport.cmake\n'}
[17.616829] (turtlesim) StdoutLine: {'line': b'-- Installing: /home/samiksha/ros2_ws/install/turtlesim/share/turtlesim/cmake/export_turtlesim__rosidl_typesupport_fastrtps_cExport-noconfig.cmake\n'}
[17.616879] (turtlesim) StdoutLine: {'line': b'-- Installing: /home/samiksha/ros2_ws/install/turtlesim/share/turtlesim/cmake/export_turtlesim__rosidl_generator_cppExport.cmake\n'}
[17.616929] (turtlesim) StdoutLine: {'line': b'-- Installing: /home/samiksha/ros2_ws/install/turtlesim/share/turtlesim/cmake/export_turtlesim__rosidl_typesupport_fastrtps_cppExport.cmake\n'}
[17.616977] (turtlesim) StdoutLine: {'line': b'-- Installing: /home/samiksha/ros2_ws/install/turtlesim/share/turtlesim/cmake/export_turtlesim__rosidl_typesupport_fastrtps_cppExport-noconfig.cmake\n'}
[17.617031] (turtlesim) StdoutLine: {'line': b'-- Installing: /home/samiksha/ros2_ws/install/turtlesim/share/turtlesim/cmake/turtlesim__rosidl_typesupport_introspection_cExport.cmake\n'}
[17.617081] (turtlesim) StdoutLine: {'line': b'-- Installing: /home/samiksha/ros2_ws/install/turtlesim/share/turtlesim/cmake/turtlesim__rosidl_typesupport_introspection_cExport-noconfig.cmake\n'}
[17.617132] (turtlesim) StdoutLine: {'line': b'-- Installing: /home/samiksha/ros2_ws/install/turtlesim/share/turtlesim/cmake/turtlesim__rosidl_typesupport_cExport.cmake\n'}
[17.617179] (turtlesim) StdoutLine: {'line': b'-- Installing: /home/samiksha/ros2_ws/install/turtlesim/share/turtlesim/cmake/turtlesim__rosidl_typesupport_cExport-noconfig.cmake\n'}
[17.617261] (turtlesim) StdoutLine: {'line': b'-- Installing: /home/samiksha/ros2_ws/install/turtlesim/share/turtlesim/cmake/turtlesim__rosidl_typesupport_introspection_cppExport.cmake\n'}
[17.617320] (turtlesim) StdoutLine: {'line': b'-- Installing: /home/samiksha/ros2_ws/install/turtlesim/share/turtlesim/cmake/turtlesim__rosidl_typesupport_introspection_cppExport-noconfig.cmake\n'}
[17.617383] (turtlesim) StdoutLine: {'line': b'-- Installing: /home/samiksha/ros2_ws/install/turtlesim/share/turtlesim/cmake/turtlesim__rosidl_typesupport_cppExport.cmake\n'}
[17.617433] (turtlesim) StdoutLine: {'line': b'-- Installing: /home/samiksha/ros2_ws/install/turtlesim/share/turtlesim/cmake/turtlesim__rosidl_typesupport_cppExport-noconfig.cmake\n'}
[17.617484] (turtlesim) StdoutLine: {'line': b'-- Installing: /home/samiksha/ros2_ws/install/turtlesim/share/turtlesim/cmake/export_turtlesim__rosidl_generator_pyExport.cmake\n'}
[17.617532] (turtlesim) StdoutLine: {'line': b'-- Installing: /home/samiksha/ros2_ws/install/turtlesim/share/turtlesim/cmake/export_turtlesim__rosidl_generator_pyExport-noconfig.cmake\n'}
[17.617579] (turtlesim) StdoutLine: {'line': b'-- Installing: /home/samiksha/ros2_ws/install/turtlesim/share/turtlesim/cmake/rosidl_cmake-extras.cmake\n'}
[17.617623] (turtlesim) StdoutLine: {'line': b'-- Installing: /home/samiksha/ros2_ws/install/turtlesim/share/turtlesim/cmake/ament_cmake_export_dependencies-extras.cmake\n'}
[17.617669] (turtlesim) StdoutLine: {'line': b'-- Installing: /home/samiksha/ros2_ws/install/turtlesim/share/turtlesim/cmake/ament_cmake_export_include_directories-extras.cmake\n'}
[17.617714] (turtlesim) StdoutLine: {'line': b'-- Installing: /home/samiksha/ros2_ws/install/turtlesim/share/turtlesim/cmake/ament_cmake_export_libraries-extras.cmake\n'}
[17.617760] (turtlesim) StdoutLine: {'line': b'-- Installing: /home/samiksha/ros2_ws/install/turtlesim/share/turtlesim/cmake/ament_cmake_export_targets-extras.cmake\n'}
[17.617804] (turtlesim) StdoutLine: {'line': b'-- Installing: /home/samiksha/ros2_ws/install/turtlesim/share/turtlesim/cmake/rosidl_cmake_export_typesupport_targets-extras.cmake\n'}
[17.617921] (turtlesim) StdoutLine: {'line': b'-- Installing: /home/samiksha/ros2_ws/install/turtlesim/share/turtlesim/cmake/rosidl_cmake_export_typesupport_libraries-extras.cmake\n'}
[17.618105] (turtlesim) StdoutLine: {'line': b'-- Installing: /home/samiksha/ros2_ws/install/turtlesim/share/turtlesim/cmake/turtlesimConfig.cmake\n'}
[17.618271] (turtlesim) StdoutLine: {'line': b'-- Installing: /home/samiksha/ros2_ws/install/turtlesim/share/turtlesim/cmake/turtlesimConfig-version.cmake\n'}
[17.618307] (turtlesim) StdoutLine: {'line': b'-- Installing: /home/samiksha/ros2_ws/install/turtlesim/share/turtlesim/package.xml\n'}
[17.619814] (turtlesim) CommandEnded: {'returncode': 0}
[17.635360] (turtlesim) JobEnded: {'identifier': 'turtlesim', 'rc': 0}
[17.635931] (-) EventReactorShutdown: {}
