[0.000000] (-) TimerEvent: {}
[0.000727] (task_controller) JobQueued: {'identifier': 'task_controller', 'dependencies': OrderedDict()}
[0.000923] (task_controller_cpp) JobQueued: {'identifier': 'task_controller_cpp', 'dependencies': OrderedDict()}
[0.000938] (turtlesim) JobQueued: {'identifier': 'turtlesim', 'dependencies': OrderedDict()}
[0.000950] (task_controller) JobStarted: {'identifier': 'task_controller'}
[0.006284] (task_controller_cpp) JobStarted: {'identifier': 'task_controller_cpp'}
[0.009561] (turtlesim) JobStarted: {'identifier': 'turtlesim'}
[0.099758] (-) TimerEvent: {}
[0.200313] (-) TimerEvent: {}
[0.256986] (task_controller_cpp) JobProgress: {'identifier': 'task_controller_cpp', 'progress': 'cmake'}
[0.257446] (task_controller_cpp) JobProgress: {'identifier': 'task_controller_cpp', 'progress': 'build'}
[0.258237] (task_controller_cpp) Command: {'cmd': ['/usr/bin/cmake', '--build', '/home/samiksha/ros2_ws/build/task_controller_cpp', '--', '-j12', '-l12'], 'cwd': '/home/samiksha/ros2_ws/build/task_controller_cpp', 'env': OrderedDict([('LESSOPEN', '| /usr/bin/lesspipe %s'), ('LANGUAGE', 'en_IN:en'), ('USER', 'samiksha'), ('XDG_SESSION_TYPE', 'wayland'), ('SHLVL', '1'), ('LD_LIBRARY_PATH', '/home/samiksha/ros2_ws/install/turtlesim/lib:/opt/ros/humble/opt/rviz_ogre_vendor/lib:/opt/ros/humble/lib/x86_64-linux-gnu:/opt/ros/humble/lib'), ('HOME', '/home/samiksha'), ('OLDPWD', '/home/samiksha'), ('DESKTOP_SESSION', 'ubuntu'), ('ROS_PYTHON_VERSION', '3'), ('GNOME_SHELL_SESSION_MODE', 'ubuntu'), ('GTK_MODULES', 'gail:atk-bridge'), ('SYSTEMD_EXEC_PID', '1655'), ('DBUS_SESSION_BUS_ADDRESS', 'unix:path=/run/user/1000/bus'), ('COLORTERM', 'truecolor'), ('_colcon_cd_root', '/opt/ros/humble/'), ('IM_CONFIG_PHASE', '1'), ('WAYLAND_DISPLAY', 'wayland-0'), ('COLCON_PREFIX_PATH', '/home/samiksha/ros2_ws/install'), ('ROS_DISTRO', 'humble'), ('LOGNAME', 'samiksha'), ('_', '/usr/bin/colcon'), ('ROS_VERSION', '2'), ('XDG_SESSION_CLASS', 'user'), ('USERNAME', 'samiksha'), ('TERM', 'xterm-256color'), ('GNOME_DESKTOP_SESSION_ID', 'this-is-deprecated'), ('ROS_LOCALHOST_ONLY', '0'), ('PATH', '/opt/ros/humble/bin:/home/samiksha/.local/bin:/usr/local/sbin:/usr/local/bin:/usr/sbin:/usr/bin:/sbin:/bin:/usr/games:/usr/local/games:/snap/bin:/snap/bin'), ('SESSION_MANAGER', 'local/samiksha-Victus-by-HP-Gaming-Laptop-15-fa1xxx:@/tmp/.ICE-unix/1623,unix/samiksha-Victus-by-HP-Gaming-Laptop-15-fa1xxx:/tmp/.ICE-unix/1623'), ('XDG_MENU_PREFIX', 'gnome-'), ('GNOME_TERMINAL_SCREEN', '/org/gnome/Terminal/screen/95c72b64_c946_4651_b5ee_8f51e75fd202'), ('GNOME_SETUP_DISPLAY', ':1'), ('XDG_RUNTIME_DIR', '/run/user/1000'), ('DISPLAY', ':0'), ('LANG', 'en_US.UTF-8'), ('XDG_CURRENT_DESKTOP', 'ubuntu:GNOME'), ('XMODIFIERS', '@im=ibus'), ('XDG_SESSION_DESKTOP', 'ubuntu'), ('XAUTHORITY', '/run/user/1000/.mutter-Xwaylandauth.3N7T02'), ('LS_COLORS', 'rs=0:di=01;34:ln=01;36:mh=00:pi=40;33:so=01;35:do=01;35:bd=40;33;01:cd=40;33;01:or=40;31;01:mi=00:su=37;41:sg=30;43:ca=30;41:tw=30;42:ow=34;42:st=37;44:ex=01;32:*.tar=01;31:*.tgz=01;31:*.arc=01;31:*.arj=01;31:*.taz=01;31:*.lha=01;31:*.lz4=01;31:*.lzh=01;31:*.lzma=01;31:*.tlz=01;31:*.txz=01;31:*.tzo=01;31:*.t7z=01;31:*.zip=01;31:*.z=01;31:*.dz=01;31:*.gz=01;31:*.lrz=01;31:*.lz=01;31:*.lzo=01;31:*.xz=01;31:*.zst=01;31:*.tzst=01;31:*.bz2=01;31:*.bz=01;31:*.tbz=01;31:*.tbz2=01;31:*.tz=01;31:*.deb=01;31:*.rpm=01;31:*.jar=01;31:*.war=01;31:*.ear=01;31:*.sar=01;31:*.rar=01;31:*.alz=01;31:*.ace=01;31:*.zoo=01;31:*.cpio=01;31:*.7z=01;31:*.rz=01;31:*.cab=01;31:*.wim=01;31:*.swm=01;31:*.dwm=01;31:*.esd=01;31:*.jpg=01;35:*.jpeg=01;35:*.mjpg=01;35:*.mjpeg=01;35:*.gif=01;35:*.bmp=01;35:*.pbm=01;35:*.pgm=01;35:*.ppm=01;35:*.tga=01;35:*.xbm=01;35:*.xpm=01;35:*.tif=01;35:*.tiff=01;35:*.png=01;35:*.svg=01;35:*.svgz=01;35:*.mng=01;35:*.pcx=01;35:*.mov=01;35:*.mpg=01;35:*.mpeg=01;35:*.m2v=01;35:*.mkv=01;35:*.webm=01;35:*.webp=01;35:*.ogm=01;35:*.mp4=01;35:*.m4v=01;35:*.mp4v=01;35:*.vob=01;35:*.qt=01;35:*.nuv=01;35:*.wmv=01;35:*.asf=01;35:*.rm=01;35:*.rmvb=01;35:*.flc=01;35:*.avi=01;35:*.fli=01;35:*.flv=01;35:*.gl=01;35:*.dl=01;35:*.xcf=01;35:*.xwd=01;35:*.yuv=01;35:*.cgm=01;35:*.emf=01;35:*.ogv=01;35:*.ogx=01;35:*.aac=00;36:*.au=00;36:*.flac=00;36:*.m4a=00;36:*.mid=00;36:*.midi=00;36:*.mka=00;36:*.mp3=00;36:*.mpc=00;36:*.ogg=00;36:*.ra=00;36:*.wav=00;36:*.oga=00;36:*.opus=00;36:*.spx=00;36:*.xspf=00;36:'), ('GNOME_TERMINAL_SERVICE', ':1.135'), ('SSH_AGENT_LAUNCHER', 'gnome-keyring'), ('SSH_AUTH_SOCK', '/run/user/1000/keyring/ssh'), ('AMENT_PREFIX_PATH', '/home/samiksha/ros2_ws/install/turtlesim:/home/samiksha/ros2_ws/install/task_controller:/home/samiksha/ros2_ws/install/my_package:/opt/ros/humble'), ('SHELL', '/bin/bash'), ('QT_ACCESSIBILITY', '1'), ('GDMSESSION', 'ubuntu'), ('LESSCLOSE', '/usr/bin/lesspipe %s %s'), ('QT_IM_MODULE', 'ibus'), ('PWD', '/home/samiksha/ros2_ws/build/task_controller_cpp'), ('LC_ALL', 'en_US.UTF-8'), ('XDG_CONFIG_DIRS', '/etc/xdg/xdg-ubuntu:/etc/xdg'), ('XDG_DATA_DIRS', '/usr/share/ubuntu:/usr/local/share/:/usr/share/:/var/lib/snapd/desktop'), ('PYTHONPATH', '/home/samiksha/ros2_ws/install/turtlesim/local/lib/python3.10/dist-packages:/home/samiksha/ros2_ws/install/task_controller/lib/python3.10/site-packages:/opt/ros/humble/lib/python3.10/site-packages:/opt/ros/humble/local/lib/python3.10/dist-packages'), ('COLCON', '1'), ('VTE_VERSION', '6800'), ('CMAKE_PREFIX_PATH', '/home/samiksha/ros2_ws/install/turtlesim:/home/samiksha/ros2_ws/install/my_package:/home/samiksha/ros2_ws/install/task_controller:/opt/ros/humble')]), 'shell': False}
[0.261989] (turtlesim) JobProgress: {'identifier': 'turtlesim', 'progress': 'cmake'}
[0.262528] (turtlesim) JobProgress: {'identifier': 'turtlesim', 'progress': 'build'}
[0.262829] (turtlesim) Command: {'cmd': ['/usr/bin/cmake', '--build', '/home/samiksha/ros2_ws/build/turtlesim', '--', '-j12', '-l12'], 'cwd': '/home/samiksha/ros2_ws/build/turtlesim', 'env': OrderedDict([('LESSOPEN', '| /usr/bin/lesspipe %s'), ('LANGUAGE', 'en_IN:en'), ('USER', 'samiksha'), ('XDG_SESSION_TYPE', 'wayland'), ('SHLVL', '1'), ('LD_LIBRARY_PATH', '/home/samiksha/ros2_ws/install/turtlesim/lib:/opt/ros/humble/opt/rviz_ogre_vendor/lib:/opt/ros/humble/lib/x86_64-linux-gnu:/opt/ros/humble/lib'), ('HOME', '/home/samiksha'), ('OLDPWD', '/home/samiksha'), ('DESKTOP_SESSION', 'ubuntu'), ('ROS_PYTHON_VERSION', '3'), ('GNOME_SHELL_SESSION_MODE', 'ubuntu'), ('GTK_MODULES', 'gail:atk-bridge'), ('SYSTEMD_EXEC_PID', '1655'), ('DBUS_SESSION_BUS_ADDRESS', 'unix:path=/run/user/1000/bus'), ('COLORTERM', 'truecolor'), ('_colcon_cd_root', '/opt/ros/humble/'), ('IM_CONFIG_PHASE', '1'), ('WAYLAND_DISPLAY', 'wayland-0'), ('COLCON_PREFIX_PATH', '/home/samiksha/ros2_ws/install'), ('ROS_DISTRO', 'humble'), ('LOGNAME', 'samiksha'), ('_', '/usr/bin/colcon'), ('ROS_VERSION', '2'), ('XDG_SESSION_CLASS', 'user'), ('USERNAME', 'samiksha'), ('TERM', 'xterm-256color'), ('GNOME_DESKTOP_SESSION_ID', 'this-is-deprecated'), ('ROS_LOCALHOST_ONLY', '0'), ('PATH', '/opt/ros/humble/bin:/home/samiksha/.local/bin:/usr/local/sbin:/usr/local/bin:/usr/sbin:/usr/bin:/sbin:/bin:/usr/games:/usr/local/games:/snap/bin:/snap/bin'), ('SESSION_MANAGER', 'local/samiksha-Victus-by-HP-Gaming-Laptop-15-fa1xxx:@/tmp/.ICE-unix/1623,unix/samiksha-Victus-by-HP-Gaming-Laptop-15-fa1xxx:/tmp/.ICE-unix/1623'), ('XDG_MENU_PREFIX', 'gnome-'), ('GNOME_TERMINAL_SCREEN', '/org/gnome/Terminal/screen/95c72b64_c946_4651_b5ee_8f51e75fd202'), ('GNOME_SETUP_DISPLAY', ':1'), ('XDG_RUNTIME_DIR', '/run/user/1000'), ('DISPLAY', ':0'), ('LANG', 'en_US.UTF-8'), ('XDG_CURRENT_DESKTOP', 'ubuntu:GNOME'), ('XMODIFIERS', '@im=ibus'), ('XDG_SESSION_DESKTOP', 'ubuntu'), ('XAUTHORITY', '/run/user/1000/.mutter-Xwaylandauth.3N7T02'), ('LS_COLORS', 'rs=0:di=01;34:ln=01;36:mh=00:pi=40;33:so=01;35:do=01;35:bd=40;33;01:cd=40;33;01:or=40;31;01:mi=00:su=37;41:sg=30;43:ca=30;41:tw=30;42:ow=34;42:st=37;44:ex=01;32:*.tar=01;31:*.tgz=01;31:*.arc=01;31:*.arj=01;31:*.taz=01;31:*.lha=01;31:*.lz4=01;31:*.lzh=01;31:*.lzma=01;31:*.tlz=01;31:*.txz=01;31:*.tzo=01;31:*.t7z=01;31:*.zip=01;31:*.z=01;31:*.dz=01;31:*.gz=01;31:*.lrz=01;31:*.lz=01;31:*.lzo=01;31:*.xz=01;31:*.zst=01;31:*.tzst=01;31:*.bz2=01;31:*.bz=01;31:*.tbz=01;31:*.tbz2=01;31:*.tz=01;31:*.deb=01;31:*.rpm=01;31:*.jar=01;31:*.war=01;31:*.ear=01;31:*.sar=01;31:*.rar=01;31:*.alz=01;31:*.ace=01;31:*.zoo=01;31:*.cpio=01;31:*.7z=01;31:*.rz=01;31:*.cab=01;31:*.wim=01;31:*.swm=01;31:*.dwm=01;31:*.esd=01;31:*.jpg=01;35:*.jpeg=01;35:*.mjpg=01;35:*.mjpeg=01;35:*.gif=01;35:*.bmp=01;35:*.pbm=01;35:*.pgm=01;35:*.ppm=01;35:*.tga=01;35:*.xbm=01;35:*.xpm=01;35:*.tif=01;35:*.tiff=01;35:*.png=01;35:*.svg=01;35:*.svgz=01;35:*.mng=01;35:*.pcx=01;35:*.mov=01;35:*.mpg=01;35:*.mpeg=01;35:*.m2v=01;35:*.mkv=01;35:*.webm=01;35:*.webp=01;35:*.ogm=01;35:*.mp4=01;35:*.m4v=01;35:*.mp4v=01;35:*.vob=01;35:*.qt=01;35:*.nuv=01;35:*.wmv=01;35:*.asf=01;35:*.rm=01;35:*.rmvb=01;35:*.flc=01;35:*.avi=01;35:*.fli=01;35:*.flv=01;35:*.gl=01;35:*.dl=01;35:*.xcf=01;35:*.xwd=01;35:*.yuv=01;35:*.cgm=01;35:*.emf=01;35:*.ogv=01;35:*.ogx=01;35:*.aac=00;36:*.au=00;36:*.flac=00;36:*.m4a=00;36:*.mid=00;36:*.midi=00;36:*.mka=00;36:*.mp3=00;36:*.mpc=00;36:*.ogg=00;36:*.ra=00;36:*.wav=00;36:*.oga=00;36:*.opus=00;36:*.spx=00;36:*.xspf=00;36:'), ('GNOME_TERMINAL_SERVICE', ':1.135'), ('SSH_AGENT_LAUNCHER', 'gnome-keyring'), ('SSH_AUTH_SOCK', '/run/user/1000/keyring/ssh'), ('AMENT_PREFIX_PATH', '/home/samiksha/ros2_ws/install/turtlesim:/home/samiksha/ros2_ws/install/task_controller:/home/samiksha/ros2_ws/install/my_package:/opt/ros/humble'), ('SHELL', '/bin/bash'), ('QT_ACCESSIBILITY', '1'), ('GDMSESSION', 'ubuntu'), ('LESSCLOSE', '/usr/bin/lesspipe %s %s'), ('QT_IM_MODULE', 'ibus'), ('PWD', '/home/samiksha/ros2_ws/build/turtlesim'), ('LC_ALL', 'en_US.UTF-8'), ('XDG_CONFIG_DIRS', '/etc/xdg/xdg-ubuntu:/etc/xdg'), ('XDG_DATA_DIRS', '/usr/share/ubuntu:/usr/local/share/:/usr/share/:/var/lib/snapd/desktop'), ('PYTHONPATH', '/home/samiksha/ros2_ws/install/turtlesim/local/lib/python3.10/dist-packages:/home/samiksha/ros2_ws/install/task_controller/lib/python3.10/site-packages:/opt/ros/humble/lib/python3.10/site-packages:/opt/ros/humble/local/lib/python3.10/dist-packages'), ('COLCON', '1'), ('VTE_VERSION', '6800'), ('CMAKE_PREFIX_PATH', '/home/samiksha/ros2_ws/install/turtlesim:/home/samiksha/ros2_ws/install/my_package:/home/samiksha/ros2_ws/install/task_controller:/opt/ros/humble')]), 'shell': False}
[0.300486] (-) TimerEvent: {}
[0.304331] (task_controller_cpp) StdoutLine: {'line': b'\x1b[35m\x1b[1mConsolidate compiler generated dependencies of target chatNode2\x1b[0m\n'}
[0.304588] (task_controller_cpp) StdoutLine: {'line': b'\x1b[35m\x1b[1mConsolidate compiler generated dependencies of target listener\x1b[0m\n'}
[0.304681] (task_controller_cpp) StdoutLine: {'line': b'\x1b[35m\x1b[1mConsolidate compiler generated dependencies of target server_doc\x1b[0m\n'}
[0.304752] (task_controller_cpp) StdoutLine: {'line': b'\x1b[35m\x1b[1mConsolidate compiler generated dependencies of target talker\x1b[0m\n'}
[0.304821] (task_controller_cpp) StdoutLine: {'line': b'\x1b[35m\x1b[1mConsolidate compiler generated dependencies of target client_doc\x1b[0m\n'}
[0.304890] (task_controller_cpp) StdoutLine: {'line': b'\x1b[35m\x1b[1mConsolidate compiler generated dependencies of target chatNode1\x1b[0m\n'}
[0.327339] (task_controller_cpp) StdoutLine: {'line': b'[  8%] \x1b[32mBuilding CXX object CMakeFiles/chatNode1.dir/src/chat_first.cpp.o\x1b[0m\n'}
[0.327728] (task_controller_cpp) StdoutLine: {'line': b'[ 16%] \x1b[32mBuilding CXX object CMakeFiles/chatNode2.dir/src/chat_second.cpp.o\x1b[0m\n'}
[0.329049] (task_controller_cpp) StdoutLine: {'line': b'[ 33%] Built target listener\n'}
[0.331935] (task_controller_cpp) StdoutLine: {'line': b'[ 50%] Built target client_doc\n'}
[0.335702] (turtlesim) StdoutLine: {'line': b'[ 11%] Built target turtlesim__cpp\n'}
[0.336090] (task_controller_cpp) StdoutLine: {'line': b'[ 66%] Built target server_doc\n'}
[0.336288] (turtlesim) StdoutLine: {'line': b'[ 11%] Built target turtlesim__rosidl_generator_c\n'}
[0.337680] (task_controller_cpp) StdoutLine: {'line': b'[ 83%] Built target talker\n'}
[0.351247] (turtlesim) StdoutLine: {'line': b'[ 11%] Built target ament_cmake_python_copy_turtlesim\n'}
[0.372009] (turtlesim) StdoutLine: {'line': b'[ 21%] Built target turtlesim__rosidl_typesupport_c\n'}
[0.376610] (turtlesim) StdoutLine: {'line': b'[ 31%] Built target turtlesim__rosidl_typesupport_cpp\n'}
[0.378172] (turtlesim) StdoutLine: {'line': b'[ 41%] Built target turtlesim__rosidl_typesupport_introspection_cpp\n'}
[0.382439] (turtlesim) StdoutLine: {'line': b'[ 51%] Built target turtlesim__rosidl_typesupport_fastrtps_cpp\n'}
[0.391844] (turtlesim) StdoutLine: {'line': b'[ 61%] Built target turtlesim__rosidl_typesupport_fastrtps_c\n'}
[0.392100] (turtlesim) StdoutLine: {'line': b'[ 71%] Built target turtlesim__rosidl_typesupport_introspection_c\n'}
[0.400601] (-) TimerEvent: {}
[0.423394] (turtlesim) StdoutLine: {'line': b'[ 71%] Built target turtlesim\n'}
[0.423703] (turtlesim) StdoutLine: {'line': b'[ 73%] Built target mimic\n'}
[0.433228] (turtlesim) StdoutLine: {'line': b'[ 75%] Built target draw_square\n'}
[0.452212] (turtlesim) StdoutLine: {'line': b'[ 81%] Built target turtlesim_node\n'}
[0.459727] (turtlesim) StdoutLine: {'line': b'[ 83%] Built target turtle_teleop_key\n'}
[0.461966] (turtlesim) StdoutLine: {'line': b'[ 84%] Built target turtlesim__py\n'}
[0.502214] (-) TimerEvent: {}
[0.502656] (turtlesim) StdoutLine: {'line': b'[ 93%] Built target turtlesim__rosidl_generator_py\n'}
[0.549464] (turtlesim) StdoutLine: {'line': b'[ 95%] Built target turtlesim__rosidl_typesupport_fastrtps_c__pyext\n'}
[0.554586] (turtlesim) StdoutLine: {'line': b'[ 97%] Built target turtlesim__rosidl_typesupport_introspection_c__pyext\n'}
[0.570226] (turtlesim) StdoutLine: {'line': b'[100%] Built target turtlesim__rosidl_typesupport_c__pyext\n'}
[0.602323] (-) TimerEvent: {}
[0.702889] (-) TimerEvent: {}
[0.788669] (turtlesim) StdoutLine: {'line': b'running egg_info\n'}
[0.795690] (turtlesim) StdoutLine: {'line': b"writing manifest file 'turtlesim.egg-info/SOURCES.txt'\n"}
[0.803012] (-) TimerEvent: {}
[0.855475] (turtlesim) StdoutLine: {'line': b'[100%] Built target ament_cmake_python_build_turtlesim_egg\n'}
[0.873249] (turtlesim) CommandEnded: {'returncode': 0}
[0.874374] (turtlesim) JobProgress: {'identifier': 'turtlesim', 'progress': 'install'}
[0.887620] (turtlesim) Command: {'cmd': ['/usr/bin/cmake', '--install', '/home/samiksha/ros2_ws/build/turtlesim'], 'cwd': '/home/samiksha/ros2_ws/build/turtlesim', 'env': OrderedDict([('LESSOPEN', '| /usr/bin/lesspipe %s'), ('LANGUAGE', 'en_IN:en'), ('USER', 'samiksha'), ('XDG_SESSION_TYPE', 'wayland'), ('SHLVL', '1'), ('LD_LIBRARY_PATH', '/home/samiksha/ros2_ws/install/turtlesim/lib:/opt/ros/humble/opt/rviz_ogre_vendor/lib:/opt/ros/humble/lib/x86_64-linux-gnu:/opt/ros/humble/lib'), ('HOME', '/home/samiksha'), ('OLDPWD', '/home/samiksha'), ('DESKTOP_SESSION', 'ubuntu'), ('ROS_PYTHON_VERSION', '3'), ('GNOME_SHELL_SESSION_MODE', 'ubuntu'), ('GTK_MODULES', 'gail:atk-bridge'), ('SYSTEMD_EXEC_PID', '1655'), ('DBUS_SESSION_BUS_ADDRESS', 'unix:path=/run/user/1000/bus'), ('COLORTERM', 'truecolor'), ('_colcon_cd_root', '/opt/ros/humble/'), ('IM_CONFIG_PHASE', '1'), ('WAYLAND_DISPLAY', 'wayland-0'), ('COLCON_PREFIX_PATH', '/home/samiksha/ros2_ws/install'), ('ROS_DISTRO', 'humble'), ('LOGNAME', 'samiksha'), ('_', '/usr/bin/colcon'), ('ROS_VERSION', '2'), ('XDG_SESSION_CLASS', 'user'), ('USERNAME', 'samiksha'), ('TERM', 'xterm-256color'), ('GNOME_DESKTOP_SESSION_ID', 'this-is-deprecated'), ('ROS_LOCALHOST_ONLY', '0'), ('PATH', '/opt/ros/humble/bin:/home/samiksha/.local/bin:/usr/local/sbin:/usr/local/bin:/usr/sbin:/usr/bin:/sbin:/bin:/usr/games:/usr/local/games:/snap/bin:/snap/bin'), ('SESSION_MANAGER', 'local/samiksha-Victus-by-HP-Gaming-Laptop-15-fa1xxx:@/tmp/.ICE-unix/1623,unix/samiksha-Victus-by-HP-Gaming-Laptop-15-fa1xxx:/tmp/.ICE-unix/1623'), ('XDG_MENU_PREFIX', 'gnome-'), ('GNOME_TERMINAL_SCREEN', '/org/gnome/Terminal/screen/95c72b64_c946_4651_b5ee_8f51e75fd202'), ('GNOME_SETUP_DISPLAY', ':1'), ('XDG_RUNTIME_DIR', '/run/user/1000'), ('DISPLAY', ':0'), ('LANG', 'en_US.UTF-8'), ('XDG_CURRENT_DESKTOP', 'ubuntu:GNOME'), ('XMODIFIERS', '@im=ibus'), ('XDG_SESSION_DESKTOP', 'ubuntu'), ('XAUTHORITY', '/run/user/1000/.mutter-Xwaylandauth.3N7T02'), ('LS_COLORS', 'rs=0:di=01;34:ln=01;36:mh=00:pi=40;33:so=01;35:do=01;35:bd=40;33;01:cd=40;33;01:or=40;31;01:mi=00:su=37;41:sg=30;43:ca=30;41:tw=30;42:ow=34;42:st=37;44:ex=01;32:*.tar=01;31:*.tgz=01;31:*.arc=01;31:*.arj=01;31:*.taz=01;31:*.lha=01;31:*.lz4=01;31:*.lzh=01;31:*.lzma=01;31:*.tlz=01;31:*.txz=01;31:*.tzo=01;31:*.t7z=01;31:*.zip=01;31:*.z=01;31:*.dz=01;31:*.gz=01;31:*.lrz=01;31:*.lz=01;31:*.lzo=01;31:*.xz=01;31:*.zst=01;31:*.tzst=01;31:*.bz2=01;31:*.bz=01;31:*.tbz=01;31:*.tbz2=01;31:*.tz=01;31:*.deb=01;31:*.rpm=01;31:*.jar=01;31:*.war=01;31:*.ear=01;31:*.sar=01;31:*.rar=01;31:*.alz=01;31:*.ace=01;31:*.zoo=01;31:*.cpio=01;31:*.7z=01;31:*.rz=01;31:*.cab=01;31:*.wim=01;31:*.swm=01;31:*.dwm=01;31:*.esd=01;31:*.jpg=01;35:*.jpeg=01;35:*.mjpg=01;35:*.mjpeg=01;35:*.gif=01;35:*.bmp=01;35:*.pbm=01;35:*.pgm=01;35:*.ppm=01;35:*.tga=01;35:*.xbm=01;35:*.xpm=01;35:*.tif=01;35:*.tiff=01;35:*.png=01;35:*.svg=01;35:*.svgz=01;35:*.mng=01;35:*.pcx=01;35:*.mov=01;35:*.mpg=01;35:*.mpeg=01;35:*.m2v=01;35:*.mkv=01;35:*.webm=01;35:*.webp=01;35:*.ogm=01;35:*.mp4=01;35:*.m4v=01;35:*.mp4v=01;35:*.vob=01;35:*.qt=01;35:*.nuv=01;35:*.wmv=01;35:*.asf=01;35:*.rm=01;35:*.rmvb=01;35:*.flc=01;35:*.avi=01;35:*.fli=01;35:*.flv=01;35:*.gl=01;35:*.dl=01;35:*.xcf=01;35:*.xwd=01;35:*.yuv=01;35:*.cgm=01;35:*.emf=01;35:*.ogv=01;35:*.ogx=01;35:*.aac=00;36:*.au=00;36:*.flac=00;36:*.m4a=00;36:*.mid=00;36:*.midi=00;36:*.mka=00;36:*.mp3=00;36:*.mpc=00;36:*.ogg=00;36:*.ra=00;36:*.wav=00;36:*.oga=00;36:*.opus=00;36:*.spx=00;36:*.xspf=00;36:'), ('GNOME_TERMINAL_SERVICE', ':1.135'), ('SSH_AGENT_LAUNCHER', 'gnome-keyring'), ('SSH_AUTH_SOCK', '/run/user/1000/keyring/ssh'), ('AMENT_PREFIX_PATH', '/home/samiksha/ros2_ws/install/turtlesim:/home/samiksha/ros2_ws/install/task_controller:/home/samiksha/ros2_ws/install/my_package:/opt/ros/humble'), ('SHELL', '/bin/bash'), ('QT_ACCESSIBILITY', '1'), ('GDMSESSION', 'ubuntu'), ('LESSCLOSE', '/usr/bin/lesspipe %s %s'), ('QT_IM_MODULE', 'ibus'), ('PWD', '/home/samiksha/ros2_ws/build/turtlesim'), ('LC_ALL', 'en_US.UTF-8'), ('XDG_CONFIG_DIRS', '/etc/xdg/xdg-ubuntu:/etc/xdg'), ('XDG_DATA_DIRS', '/usr/share/ubuntu:/usr/local/share/:/usr/share/:/var/lib/snapd/desktop'), ('PYTHONPATH', '/home/samiksha/ros2_ws/install/turtlesim/local/lib/python3.10/dist-packages:/home/samiksha/ros2_ws/install/task_controller/lib/python3.10/site-packages:/opt/ros/humble/lib/python3.10/site-packages:/opt/ros/humble/local/lib/python3.10/dist-packages'), ('COLCON', '1'), ('VTE_VERSION', '6800'), ('CMAKE_PREFIX_PATH', '/home/samiksha/ros2_ws/install/turtlesim:/home/samiksha/ros2_ws/install/my_package:/home/samiksha/ros2_ws/install/task_controller:/opt/ros/humble')]), 'shell': False}
[0.891671] (task_controller) Command: {'cmd': ['/usr/bin/python3', '-W', 'ignore:setup.py install is deprecated', '-W', 'ignore:easy_install command is deprecated', 'setup.py', 'egg_info', '--egg-base', '../../build/task_controller', 'build', '--build-base', '/home/samiksha/ros2_ws/build/task_controller/build', 'install', '--record', '/home/samiksha/ros2_ws/build/task_controller/install.log', '--single-version-externally-managed', 'install_data'], 'cwd': '/home/samiksha/ros2_ws/src/task_controller', 'env': {'LESSOPEN': '| /usr/bin/lesspipe %s', 'LANGUAGE': 'en_IN:en', 'USER': 'samiksha', 'XDG_SESSION_TYPE': 'wayland', 'SHLVL': '1', 'LD_LIBRARY_PATH': '/home/samiksha/ros2_ws/install/turtlesim/lib:/opt/ros/humble/opt/rviz_ogre_vendor/lib:/opt/ros/humble/lib/x86_64-linux-gnu:/opt/ros/humble/lib', 'HOME': '/home/samiksha', 'OLDPWD': '/home/samiksha', 'DESKTOP_SESSION': 'ubuntu', 'ROS_PYTHON_VERSION': '3', 'GNOME_SHELL_SESSION_MODE': 'ubuntu', 'GTK_MODULES': 'gail:atk-bridge', 'SYSTEMD_EXEC_PID': '1655', 'DBUS_SESSION_BUS_ADDRESS': 'unix:path=/run/user/1000/bus', 'COLORTERM': 'truecolor', '_colcon_cd_root': '/opt/ros/humble/', 'IM_CONFIG_PHASE': '1', 'WAYLAND_DISPLAY': 'wayland-0', 'COLCON_PREFIX_PATH': '/home/samiksha/ros2_ws/install', 'ROS_DISTRO': 'humble', 'LOGNAME': 'samiksha', '_': '/usr/bin/colcon', 'ROS_VERSION': '2', 'XDG_SESSION_CLASS': 'user', 'USERNAME': 'samiksha', 'TERM': 'xterm-256color', 'GNOME_DESKTOP_SESSION_ID': 'this-is-deprecated', 'ROS_LOCALHOST_ONLY': '0', 'PATH': '/opt/ros/humble/bin:/home/samiksha/.local/bin:/usr/local/sbin:/usr/local/bin:/usr/sbin:/usr/bin:/sbin:/bin:/usr/games:/usr/local/games:/snap/bin:/snap/bin', 'SESSION_MANAGER': 'local/samiksha-Victus-by-HP-Gaming-Laptop-15-fa1xxx:@/tmp/.ICE-unix/1623,unix/samiksha-Victus-by-HP-Gaming-Laptop-15-fa1xxx:/tmp/.ICE-unix/1623', 'XDG_MENU_PREFIX': 'gnome-', 'GNOME_TERMINAL_SCREEN': '/org/gnome/Terminal/screen/95c72b64_c946_4651_b5ee_8f51e75fd202', 'GNOME_SETUP_DISPLAY': ':1', 'XDG_RUNTIME_DIR': '/run/user/1000', 'DISPLAY': ':0', 'LANG': 'en_US.UTF-8', 'XDG_CURRENT_DESKTOP': 'ubuntu:GNOME', 'XMODIFIERS': '@im=ibus', 'XDG_SESSION_DESKTOP': 'ubuntu', 'XAUTHORITY': '/run/user/1000/.mutter-Xwaylandauth.3N7T02', 'LS_COLORS': 'rs=0:di=01;34:ln=01;36:mh=00:pi=40;33:so=01;35:do=01;35:bd=40;33;01:cd=40;33;01:or=40;31;01:mi=00:su=37;41:sg=30;43:ca=30;41:tw=30;42:ow=34;42:st=37;44:ex=01;32:*.tar=01;31:*.tgz=01;31:*.arc=01;31:*.arj=01;31:*.taz=01;31:*.lha=01;31:*.lz4=01;31:*.lzh=01;31:*.lzma=01;31:*.tlz=01;31:*.txz=01;31:*.tzo=01;31:*.t7z=01;31:*.zip=01;31:*.z=01;31:*.dz=01;31:*.gz=01;31:*.lrz=01;31:*.lz=01;31:*.lzo=01;31:*.xz=01;31:*.zst=01;31:*.tzst=01;31:*.bz2=01;31:*.bz=01;31:*.tbz=01;31:*.tbz2=01;31:*.tz=01;31:*.deb=01;31:*.rpm=01;31:*.jar=01;31:*.war=01;31:*.ear=01;31:*.sar=01;31:*.rar=01;31:*.alz=01;31:*.ace=01;31:*.zoo=01;31:*.cpio=01;31:*.7z=01;31:*.rz=01;31:*.cab=01;31:*.wim=01;31:*.swm=01;31:*.dwm=01;31:*.esd=01;31:*.jpg=01;35:*.jpeg=01;35:*.mjpg=01;35:*.mjpeg=01;35:*.gif=01;35:*.bmp=01;35:*.pbm=01;35:*.pgm=01;35:*.ppm=01;35:*.tga=01;35:*.xbm=01;35:*.xpm=01;35:*.tif=01;35:*.tiff=01;35:*.png=01;35:*.svg=01;35:*.svgz=01;35:*.mng=01;35:*.pcx=01;35:*.mov=01;35:*.mpg=01;35:*.mpeg=01;35:*.m2v=01;35:*.mkv=01;35:*.webm=01;35:*.webp=01;35:*.ogm=01;35:*.mp4=01;35:*.m4v=01;35:*.mp4v=01;35:*.vob=01;35:*.qt=01;35:*.nuv=01;35:*.wmv=01;35:*.asf=01;35:*.rm=01;35:*.rmvb=01;35:*.flc=01;35:*.avi=01;35:*.fli=01;35:*.flv=01;35:*.gl=01;35:*.dl=01;35:*.xcf=01;35:*.xwd=01;35:*.yuv=01;35:*.cgm=01;35:*.emf=01;35:*.ogv=01;35:*.ogx=01;35:*.aac=00;36:*.au=00;36:*.flac=00;36:*.m4a=00;36:*.mid=00;36:*.midi=00;36:*.mka=00;36:*.mp3=00;36:*.mpc=00;36:*.ogg=00;36:*.ra=00;36:*.wav=00;36:*.oga=00;36:*.opus=00;36:*.spx=00;36:*.xspf=00;36:', 'GNOME_TERMINAL_SERVICE': ':1.135', 'SSH_AGENT_LAUNCHER': 'gnome-keyring', 'SSH_AUTH_SOCK': '/run/user/1000/keyring/ssh', 'AMENT_PREFIX_PATH': '/home/samiksha/ros2_ws/install/turtlesim:/home/samiksha/ros2_ws/install/task_controller:/home/samiksha/ros2_ws/install/my_package:/opt/ros/humble', 'SHELL': '/bin/bash', 'QT_ACCESSIBILITY': '1', 'GDMSESSION': 'ubuntu', 'LESSCLOSE': '/usr/bin/lesspipe %s %s', 'QT_IM_MODULE': 'ibus', 'PWD': '/home/samiksha/ros2_ws/build/task_controller', 'LC_ALL': 'en_US.UTF-8', 'XDG_CONFIG_DIRS': '/etc/xdg/xdg-ubuntu:/etc/xdg', 'XDG_DATA_DIRS': '/usr/share/ubuntu:/usr/local/share/:/usr/share/:/var/lib/snapd/desktop', 'PYTHONPATH': '/home/samiksha/ros2_ws/build/task_controller/prefix_override:/usr/lib/python3/dist-packages/colcon_core/task/python/colcon_distutils_commands:/home/samiksha/ros2_ws/install/task_controller/lib/python3.10/site-packages:/home/samiksha/ros2_ws/install/turtlesim/local/lib/python3.10/dist-packages:/home/samiksha/ros2_ws/install/task_controller/lib/python3.10/site-packages:/opt/ros/humble/lib/python3.10/site-packages:/opt/ros/humble/local/lib/python3.10/dist-packages', 'COLCON': '1', 'VTE_VERSION': '6800', 'CMAKE_PREFIX_PATH': '/home/samiksha/ros2_ws/install/turtlesim:/home/samiksha/ros2_ws/install/my_package'}, 'shell': False}
[0.901008] (turtlesim) StdoutLine: {'line': b'-- Install configuration: ""\n'}
[0.901921] (turtlesim) StdoutLine: {'line': b'-- Up-to-date: /home/samiksha/ros2_ws/install/turtlesim/share/ament_index/resource_index/rosidl_interfaces/turtlesim\n'}
[0.902039] (turtlesim) StdoutLine: {'line': b'-- Up-to-date: /home/samiksha/ros2_ws/install/turtlesim/include/turtlesim/turtlesim\n'}
[0.902108] (turtlesim) StdoutLine: {'line': b'-- Up-to-date: /home/samiksha/ros2_ws/install/turtlesim/include/turtlesim/turtlesim/action\n'}
[0.902220] (turtlesim) StdoutLine: {'line': b'-- Up-to-date: /home/samiksha/ros2_ws/install/turtlesim/include/turtlesim/turtlesim/action/detail\n'}
[0.902285] (turtlesim) StdoutLine: {'line': b'-- Up-to-date: /home/samiksha/ros2_ws/install/turtlesim/include/turtlesim/turtlesim/action/detail/rotate_absolute__type_support.h\n'}
[0.902351] (turtlesim) StdoutLine: {'line': b'-- Up-to-date: /home/samiksha/ros2_ws/install/turtlesim/include/turtlesim/turtlesim/action/detail/rotate_absolute__functions.c\n'}
[0.902420] (turtlesim) StdoutLine: {'line': b'-- Up-to-date: /home/samiksha/ros2_ws/install/turtlesim/include/turtlesim/turtlesim/action/detail/rotate_absolute__struct.h\n'}
[0.902486] (turtlesim) StdoutLine: {'line': b'-- Up-to-date: /home/samiksha/ros2_ws/install/turtlesim/include/turtlesim/turtlesim/action/detail/rotate_absolute__functions.h\n'}
[0.902552] (turtlesim) StdoutLine: {'line': b'-- Up-to-date: /home/samiksha/ros2_ws/install/turtlesim/include/turtlesim/turtlesim/action/rotate_absolute.h\n'}
[0.902711] (turtlesim) StdoutLine: {'line': b'-- Up-to-date: /home/samiksha/ros2_ws/install/turtlesim/include/turtlesim/turtlesim/msg\n'}
[0.902782] (turtlesim) StdoutLine: {'line': b'-- Up-to-date: /home/samiksha/ros2_ws/install/turtlesim/include/turtlesim/turtlesim/msg/color.h\n'}
[0.902849] (turtlesim) StdoutLine: {'line': b'-- Up-to-date: /home/samiksha/ros2_ws/install/turtlesim/include/turtlesim/turtlesim/msg/pose.h\n'}
[0.902917] (turtlesim) StdoutLine: {'line': b'-- Up-to-date: /home/samiksha/ros2_ws/install/turtlesim/include/turtlesim/turtlesim/msg/detail\n'}
[0.903205] (-) TimerEvent: {}
[0.903372] (turtlesim) StdoutLine: {'line': b'-- Up-to-date: /home/samiksha/ros2_ws/install/turtlesim/include/turtlesim/turtlesim/msg/detail/color__struct.h\n'}
[0.903492] (turtlesim) StdoutLine: {'line': b'-- Up-to-date: /home/samiksha/ros2_ws/install/turtlesim/include/turtlesim/turtlesim/msg/detail/pose__functions.c\n'}
[0.903587] (turtlesim) StdoutLine: {'line': b'-- Up-to-date: /home/samiksha/ros2_ws/install/turtlesim/include/turtlesim/turtlesim/msg/detail/pose__functions.h\n'}
[0.903673] (turtlesim) StdoutLine: {'line': b'-- Up-to-date: /home/samiksha/ros2_ws/install/turtlesim/include/turtlesim/turtlesim/msg/detail/color__functions.h\n'}
[0.903773] (turtlesim) StdoutLine: {'line': b'-- Up-to-date: /home/samiksha/ros2_ws/install/turtlesim/include/turtlesim/turtlesim/msg/detail/pose__struct.h\n'}
[0.903912] (turtlesim) StdoutLine: {'line': b'-- Up-to-date: /home/samiksha/ros2_ws/install/turtlesim/include/turtlesim/turtlesim/msg/detail/color__type_support.h\n'}
[0.904319] (turtlesim) StdoutLine: {'line': b'-- Up-to-date: /home/samiksha/ros2_ws/install/turtlesim/include/turtlesim/turtlesim/msg/detail/color__functions.c\n'}
[0.904658] (turtlesim) StdoutLine: {'line': b'-- Up-to-date: /home/samiksha/ros2_ws/install/turtlesim/include/turtlesim/turtlesim/msg/detail/pose__type_support.h\n'}
[0.904752] (turtlesim) StdoutLine: {'line': b'-- Up-to-date: /home/samiksha/ros2_ws/install/turtlesim/include/turtlesim/turtlesim/msg/rosidl_generator_c__visibility_control.h\n'}
[0.904833] (turtlesim) StdoutLine: {'line': b'-- Up-to-date: /home/samiksha/ros2_ws/install/turtlesim/include/turtlesim/turtlesim/srv\n'}
[0.904909] (turtlesim) StdoutLine: {'line': b'-- Up-to-date: /home/samiksha/ros2_ws/install/turtlesim/include/turtlesim/turtlesim/srv/spawn.h\n'}
[0.904980] (turtlesim) StdoutLine: {'line': b'-- Up-to-date: /home/samiksha/ros2_ws/install/turtlesim/include/turtlesim/turtlesim/srv/set_pen.h\n'}
[0.905049] (turtlesim) StdoutLine: {'line': b'-- Up-to-date: /home/samiksha/ros2_ws/install/turtlesim/include/turtlesim/turtlesim/srv/kill.h\n'}
[0.905123] (turtlesim) StdoutLine: {'line': b'-- Up-to-date: /home/samiksha/ros2_ws/install/turtlesim/include/turtlesim/turtlesim/srv/detail\n'}
[0.905267] (turtlesim) StdoutLine: {'line': b'-- Up-to-date: /home/samiksha/ros2_ws/install/turtlesim/include/turtlesim/turtlesim/srv/detail/teleport_absolute__type_support.h\n'}
[0.905459] (turtlesim) StdoutLine: {'line': b'-- Up-to-date: /home/samiksha/ros2_ws/install/turtlesim/include/turtlesim/turtlesim/srv/detail/set_pen__functions.c\n'}
[0.905598] (turtlesim) StdoutLine: {'line': b'-- Up-to-date: /home/samiksha/ros2_ws/install/turtlesim/include/turtlesim/turtlesim/srv/detail/spawn__functions.h\n'}
[0.905721] (turtlesim) StdoutLine: {'line': b'-- Up-to-date: /home/samiksha/ros2_ws/install/turtlesim/include/turtlesim/turtlesim/srv/detail/set_pen__struct.h\n'}
[0.906299] (turtlesim) StdoutLine: {'line': b'-- Up-to-date: /home/samiksha/ros2_ws/install/turtlesim/include/turtlesim/turtlesim/srv/detail/kill__functions.h\n'}
[0.906516] (turtlesim) StdoutLine: {'line': b'-- Up-to-date: /home/samiksha/ros2_ws/install/turtlesim/include/turtlesim/turtlesim/srv/detail/spawn__struct.h\n'}
[0.906667] (turtlesim) StdoutLine: {'line': b'-- Up-to-date: /home/samiksha/ros2_ws/install/turtlesim/include/turtlesim/turtlesim/srv/detail/teleport_relative__type_support.h\n'}
[0.906781] (turtlesim) StdoutLine: {'line': b'-- Up-to-date: /home/samiksha/ros2_ws/install/turtlesim/include/turtlesim/turtlesim/srv/detail/set_pen__type_support.h\n'}
[0.906892] (turtlesim) StdoutLine: {'line': b'-- Up-to-date: /home/samiksha/ros2_ws/install/turtlesim/include/turtlesim/turtlesim/srv/detail/teleport_absolute__struct.h\n'}
[0.906996] (turtlesim) StdoutLine: {'line': b'-- Up-to-date: /home/samiksha/ros2_ws/install/turtlesim/include/turtlesim/turtlesim/srv/detail/teleport_absolute__functions.c\n'}
[0.907109] (turtlesim) StdoutLine: {'line': b'-- Up-to-date: /home/samiksha/ros2_ws/install/turtlesim/include/turtlesim/turtlesim/srv/detail/spawn__type_support.h\n'}
[0.907416] (turtlesim) StdoutLine: {'line': b'-- Up-to-date: /home/samiksha/ros2_ws/install/turtlesim/include/turtlesim/turtlesim/srv/detail/teleport_relative__functions.c\n'}
[0.907572] (turtlesim) StdoutLine: {'line': b'-- Up-to-date: /home/samiksha/ros2_ws/install/turtlesim/include/turtlesim/turtlesim/srv/detail/set_pen__functions.h\n'}
[0.907721] (turtlesim) StdoutLine: {'line': b'-- Up-to-date: /home/samiksha/ros2_ws/install/turtlesim/include/turtlesim/turtlesim/srv/detail/spawn__functions.c\n'}
[0.907826] (turtlesim) StdoutLine: {'line': b'-- Up-to-date: /home/samiksha/ros2_ws/install/turtlesim/include/turtlesim/turtlesim/srv/detail/teleport_absolute__functions.h\n'}
[0.907957] (turtlesim) StdoutLine: {'line': b'-- Up-to-date: /home/samiksha/ros2_ws/install/turtlesim/include/turtlesim/turtlesim/srv/detail/teleport_relative__functions.h\n'}
[0.908067] (turtlesim) StdoutLine: {'line': b'-- Up-to-date: /home/samiksha/ros2_ws/install/turtlesim/include/turtlesim/turtlesim/srv/detail/kill__type_support.h\n'}
[0.908309] (turtlesim) StdoutLine: {'line': b'-- Up-to-date: /home/samiksha/ros2_ws/install/turtlesim/include/turtlesim/turtlesim/srv/detail/kill__struct.h\n'}
[0.908846] (turtlesim) StdoutLine: {'line': b'-- Up-to-date: /home/samiksha/ros2_ws/install/turtlesim/include/turtlesim/turtlesim/srv/detail/teleport_relative__struct.h\n'}
[0.909125] (turtlesim) StdoutLine: {'line': b'-- Up-to-date: /home/samiksha/ros2_ws/install/turtlesim/include/turtlesim/turtlesim/srv/detail/kill__functions.c\n'}
[0.909250] (turtlesim) StdoutLine: {'line': b'-- Up-to-date: /home/samiksha/ros2_ws/install/turtlesim/include/turtlesim/turtlesim/srv/teleport_absolute.h\n'}
[0.909353] (turtlesim) StdoutLine: {'line': b'-- Up-to-date: /home/samiksha/ros2_ws/install/turtlesim/include/turtlesim/turtlesim/srv/teleport_relative.h\n'}
[0.909451] (turtlesim) StdoutLine: {'line': b'-- Up-to-date: /home/samiksha/ros2_ws/install/turtlesim/share/turtlesim/environment/library_path.sh\n'}
[0.909550] (turtlesim) StdoutLine: {'line': b'-- Up-to-date: /home/samiksha/ros2_ws/install/turtlesim/share/turtlesim/environment/library_path.dsv\n'}
[0.909670] (turtlesim) StdoutLine: {'line': b'-- Up-to-date: /home/samiksha/ros2_ws/install/turtlesim/lib/libturtlesim__rosidl_generator_c.so\n'}
[0.909773] (turtlesim) StdoutLine: {'line': b'-- Up-to-date: /home/samiksha/ros2_ws/install/turtlesim/include/turtlesim/turtlesim\n'}
[0.909877] (turtlesim) StdoutLine: {'line': b'-- Up-to-date: /home/samiksha/ros2_ws/install/turtlesim/include/turtlesim/turtlesim/action\n'}
[0.909992] (turtlesim) StdoutLine: {'line': b'-- Up-to-date: /home/samiksha/ros2_ws/install/turtlesim/include/turtlesim/turtlesim/action/detail\n'}
[0.910079] (turtlesim) StdoutLine: {'line': b'-- Up-to-date: /home/samiksha/ros2_ws/install/turtlesim/include/turtlesim/turtlesim/action/detail/rotate_absolute__rosidl_typesupport_fastrtps_c.h\n'}
[0.910202] (turtlesim) StdoutLine: {'line': b'-- Up-to-date: /home/samiksha/ros2_ws/install/turtlesim/include/turtlesim/turtlesim/msg\n'}
[0.910294] (turtlesim) StdoutLine: {'line': b'-- Up-to-date: /home/samiksha/ros2_ws/install/turtlesim/include/turtlesim/turtlesim/msg/detail\n'}
[0.910374] (turtlesim) StdoutLine: {'line': b'-- Up-to-date: /home/samiksha/ros2_ws/install/turtlesim/include/turtlesim/turtlesim/msg/detail/pose__rosidl_typesupport_fastrtps_c.h\n'}
[0.910457] (turtlesim) StdoutLine: {'line': b'-- Up-to-date: /home/samiksha/ros2_ws/install/turtlesim/include/turtlesim/turtlesim/msg/detail/color__rosidl_typesupport_fastrtps_c.h\n'}
[0.910542] (turtlesim) StdoutLine: {'line': b'-- Up-to-date: /home/samiksha/ros2_ws/install/turtlesim/include/turtlesim/turtlesim/msg/rosidl_typesupport_fastrtps_c__visibility_control.h\n'}
[0.910649] (turtlesim) StdoutLine: {'line': b'-- Up-to-date: /home/samiksha/ros2_ws/install/turtlesim/include/turtlesim/turtlesim/srv\n'}
[0.910767] (turtlesim) StdoutLine: {'line': b'-- Up-to-date: /home/samiksha/ros2_ws/install/turtlesim/include/turtlesim/turtlesim/srv/detail\n'}
[0.910879] (turtlesim) StdoutLine: {'line': b'-- Up-to-date: /home/samiksha/ros2_ws/install/turtlesim/include/turtlesim/turtlesim/srv/detail/spawn__rosidl_typesupport_fastrtps_c.h\n'}
[0.910992] (turtlesim) StdoutLine: {'line': b'-- Up-to-date: /home/samiksha/ros2_ws/install/turtlesim/include/turtlesim/turtlesim/srv/detail/teleport_absolute__rosidl_typesupport_fastrtps_c.h\n'}
[0.911094] (turtlesim) StdoutLine: {'line': b'-- Up-to-date: /home/samiksha/ros2_ws/install/turtlesim/include/turtlesim/turtlesim/srv/detail/teleport_relative__rosidl_typesupport_fastrtps_c.h\n'}
[0.911202] (turtlesim) StdoutLine: {'line': b'-- Up-to-date: /home/samiksha/ros2_ws/install/turtlesim/include/turtlesim/turtlesim/srv/detail/set_pen__rosidl_typesupport_fastrtps_c.h\n'}
[0.911299] (turtlesim) StdoutLine: {'line': b'-- Up-to-date: /home/samiksha/ros2_ws/install/turtlesim/include/turtlesim/turtlesim/srv/detail/kill__rosidl_typesupport_fastrtps_c.h\n'}
[0.911391] (turtlesim) StdoutLine: {'line': b'-- Up-to-date: /home/samiksha/ros2_ws/install/turtlesim/lib/libturtlesim__rosidl_typesupport_fastrtps_c.so\n'}
[0.911479] (turtlesim) StdoutLine: {'line': b'-- Up-to-date: /home/samiksha/ros2_ws/install/turtlesim/include/turtlesim/turtlesim\n'}
[0.911569] (turtlesim) StdoutLine: {'line': b'-- Up-to-date: /home/samiksha/ros2_ws/install/turtlesim/include/turtlesim/turtlesim/action\n'}
[0.911656] (turtlesim) StdoutLine: {'line': b'-- Up-to-date: /home/samiksha/ros2_ws/install/turtlesim/include/turtlesim/turtlesim/action/detail\n'}
[0.911744] (turtlesim) StdoutLine: {'line': b'-- Up-to-date: /home/samiksha/ros2_ws/install/turtlesim/include/turtlesim/turtlesim/action/detail/rotate_absolute__struct.hpp\n'}
[0.911831] (turtlesim) StdoutLine: {'line': b'-- Up-to-date: /home/samiksha/ros2_ws/install/turtlesim/include/turtlesim/turtlesim/action/detail/rotate_absolute__type_support.hpp\n'}
[0.911917] (turtlesim) StdoutLine: {'line': b'-- Up-to-date: /home/samiksha/ros2_ws/install/turtlesim/include/turtlesim/turtlesim/action/detail/rotate_absolute__builder.hpp\n'}
[0.912002] (turtlesim) StdoutLine: {'line': b'-- Up-to-date: /home/samiksha/ros2_ws/install/turtlesim/include/turtlesim/turtlesim/action/detail/rotate_absolute__traits.hpp\n'}
[0.912088] (turtlesim) StdoutLine: {'line': b'-- Up-to-date: /home/samiksha/ros2_ws/install/turtlesim/include/turtlesim/turtlesim/action/rotate_absolute.hpp\n'}
[0.912189] (turtlesim) StdoutLine: {'line': b'-- Up-to-date: /home/samiksha/ros2_ws/install/turtlesim/include/turtlesim/turtlesim/msg\n'}
[0.912287] (turtlesim) StdoutLine: {'line': b'-- Up-to-date: /home/samiksha/ros2_ws/install/turtlesim/include/turtlesim/turtlesim/msg/detail\n'}
[0.912375] (turtlesim) StdoutLine: {'line': b'-- Up-to-date: /home/samiksha/ros2_ws/install/turtlesim/include/turtlesim/turtlesim/msg/detail/color__struct.hpp\n'}
[0.912461] (turtlesim) StdoutLine: {'line': b'-- Up-to-date: /home/samiksha/ros2_ws/install/turtlesim/include/turtlesim/turtlesim/msg/detail/pose__type_support.hpp\n'}
[0.912552] (turtlesim) StdoutLine: {'line': b'-- Up-to-date: /home/samiksha/ros2_ws/install/turtlesim/include/turtlesim/turtlesim/msg/detail/color__builder.hpp\n'}
[0.912643] (turtlesim) StdoutLine: {'line': b'-- Up-to-date: /home/samiksha/ros2_ws/install/turtlesim/include/turtlesim/turtlesim/msg/detail/pose__struct.hpp\n'}
[0.912731] (turtlesim) StdoutLine: {'line': b'-- Up-to-date: /home/samiksha/ros2_ws/install/turtlesim/include/turtlesim/turtlesim/msg/detail/color__traits.hpp\n'}
[0.912819] (turtlesim) StdoutLine: {'line': b'-- Up-to-date: /home/samiksha/ros2_ws/install/turtlesim/include/turtlesim/turtlesim/msg/detail/color__type_support.hpp\n'}
[0.912912] (turtlesim) StdoutLine: {'line': b'-- Up-to-date: /home/samiksha/ros2_ws/install/turtlesim/include/turtlesim/turtlesim/msg/detail/pose__builder.hpp\n'}
[0.912998] (turtlesim) StdoutLine: {'line': b'-- Up-to-date: /home/samiksha/ros2_ws/install/turtlesim/include/turtlesim/turtlesim/msg/detail/pose__traits.hpp\n'}
[0.913087] (turtlesim) StdoutLine: {'line': b'-- Up-to-date: /home/samiksha/ros2_ws/install/turtlesim/include/turtlesim/turtlesim/msg/color.hpp\n'}
[0.913198] (turtlesim) StdoutLine: {'line': b'-- Up-to-date: /home/samiksha/ros2_ws/install/turtlesim/include/turtlesim/turtlesim/msg/pose.hpp\n'}
[0.913304] (turtlesim) StdoutLine: {'line': b'-- Up-to-date: /home/samiksha/ros2_ws/install/turtlesim/include/turtlesim/turtlesim/msg/rosidl_generator_cpp__visibility_control.hpp\n'}
[0.913411] (turtlesim) StdoutLine: {'line': b'-- Up-to-date: /home/samiksha/ros2_ws/install/turtlesim/include/turtlesim/turtlesim/srv\n'}
[0.913507] (turtlesim) StdoutLine: {'line': b'-- Up-to-date: /home/samiksha/ros2_ws/install/turtlesim/include/turtlesim/turtlesim/srv/detail\n'}
[0.913602] (turtlesim) StdoutLine: {'line': b'-- Up-to-date: /home/samiksha/ros2_ws/install/turtlesim/include/turtlesim/turtlesim/srv/detail/spawn__type_support.hpp\n'}
[0.913700] (turtlesim) StdoutLine: {'line': b'-- Up-to-date: /home/samiksha/ros2_ws/install/turtlesim/include/turtlesim/turtlesim/srv/detail/set_pen__struct.hpp\n'}
[0.913796] (turtlesim) StdoutLine: {'line': b'-- Up-to-date: /home/samiksha/ros2_ws/install/turtlesim/include/turtlesim/turtlesim/srv/detail/spawn__builder.hpp\n'}
[0.913901] (turtlesim) StdoutLine: {'line': b'-- Up-to-date: /home/samiksha/ros2_ws/install/turtlesim/include/turtlesim/turtlesim/srv/detail/teleport_relative__builder.hpp\n'}
[0.913999] (turtlesim) StdoutLine: {'line': b'-- Up-to-date: /home/samiksha/ros2_ws/install/turtlesim/include/turtlesim/turtlesim/srv/detail/set_pen__traits.hpp\n'}
[0.914098] (turtlesim) StdoutLine: {'line': b'-- Up-to-date: /home/samiksha/ros2_ws/install/turtlesim/include/turtlesim/turtlesim/srv/detail/kill__builder.hpp\n'}
[0.914214] (turtlesim) StdoutLine: {'line': b'-- Up-to-date: /home/samiksha/ros2_ws/install/turtlesim/include/turtlesim/turtlesim/srv/detail/set_pen__builder.hpp\n'}
[0.914319] (turtlesim) StdoutLine: {'line': b'-- Up-to-date: /home/samiksha/ros2_ws/install/turtlesim/include/turtlesim/turtlesim/srv/detail/teleport_relative__traits.hpp\n'}
[0.914435] (turtlesim) StdoutLine: {'line': b'-- Up-to-date: /home/samiksha/ros2_ws/install/turtlesim/include/turtlesim/turtlesim/srv/detail/set_pen__type_support.hpp\n'}
[0.914538] (turtlesim) StdoutLine: {'line': b'-- Up-to-date: /home/samiksha/ros2_ws/install/turtlesim/include/turtlesim/turtlesim/srv/detail/spawn__traits.hpp\n'}
[0.914635] (turtlesim) StdoutLine: {'line': b'-- Up-to-date: /home/samiksha/ros2_ws/install/turtlesim/include/turtlesim/turtlesim/srv/detail/teleport_relative__struct.hpp\n'}
[0.914731] (turtlesim) StdoutLine: {'line': b'-- Up-to-date: /home/samiksha/ros2_ws/install/turtlesim/include/turtlesim/turtlesim/srv/detail/kill__traits.hpp\n'}
[0.914810] (turtlesim) StdoutLine: {'line': b'-- Up-to-date: /home/samiksha/ros2_ws/install/turtlesim/include/turtlesim/turtlesim/srv/detail/teleport_absolute__type_support.hpp\n'}
[0.914890] (turtlesim) StdoutLine: {'line': b'-- Up-to-date: /home/samiksha/ros2_ws/install/turtlesim/include/turtlesim/turtlesim/srv/detail/kill__struct.hpp\n'}
[0.914966] (turtlesim) StdoutLine: {'line': b'-- Up-to-date: /home/samiksha/ros2_ws/install/turtlesim/include/turtlesim/turtlesim/srv/detail/teleport_absolute__builder.hpp\n'}
[0.915049] (turtlesim) StdoutLine: {'line': b'-- Up-to-date: /home/samiksha/ros2_ws/install/turtlesim/include/turtlesim/turtlesim/srv/detail/teleport_absolute__traits.hpp\n'}
[0.915141] (turtlesim) StdoutLine: {'line': b'-- Up-to-date: /home/samiksha/ros2_ws/install/turtlesim/include/turtlesim/turtlesim/srv/detail/teleport_relative__type_support.hpp\n'}
[0.915250] (turtlesim) StdoutLine: {'line': b'-- Up-to-date: /home/samiksha/ros2_ws/install/turtlesim/include/turtlesim/turtlesim/srv/detail/kill__type_support.hpp\n'}
[0.915342] (turtlesim) StdoutLine: {'line': b'-- Up-to-date: /home/samiksha/ros2_ws/install/turtlesim/include/turtlesim/turtlesim/srv/detail/teleport_absolute__struct.hpp\n'}
[0.915436] (turtlesim) StdoutLine: {'line': b'-- Up-to-date: /home/samiksha/ros2_ws/install/turtlesim/include/turtlesim/turtlesim/srv/detail/spawn__struct.hpp\n'}
[0.915530] (turtlesim) StdoutLine: {'line': b'-- Up-to-date: /home/samiksha/ros2_ws/install/turtlesim/include/turtlesim/turtlesim/srv/teleport_absolute.hpp\n'}
[0.915619] (turtlesim) StdoutLine: {'line': b'-- Up-to-date: /home/samiksha/ros2_ws/install/turtlesim/include/turtlesim/turtlesim/srv/set_pen.hpp\n'}
[0.915708] (turtlesim) StdoutLine: {'line': b'-- Up-to-date: /home/samiksha/ros2_ws/install/turtlesim/include/turtlesim/turtlesim/srv/spawn.hpp\n'}
[0.915798] (turtlesim) StdoutLine: {'line': b'-- Up-to-date: /home/samiksha/ros2_ws/install/turtlesim/include/turtlesim/turtlesim/srv/teleport_relative.hpp\n'}
[0.915890] (turtlesim) StdoutLine: {'line': b'-- Up-to-date: /home/samiksha/ros2_ws/install/turtlesim/include/turtlesim/turtlesim/srv/kill.hpp\n'}
[0.915978] (turtlesim) StdoutLine: {'line': b'-- Up-to-date: /home/samiksha/ros2_ws/install/turtlesim/include/turtlesim/turtlesim\n'}
[0.916079] (turtlesim) StdoutLine: {'line': b'-- Up-to-date: /home/samiksha/ros2_ws/install/turtlesim/include/turtlesim/turtlesim/action\n'}
[0.916188] (turtlesim) StdoutLine: {'line': b'-- Up-to-date: /home/samiksha/ros2_ws/install/turtlesim/include/turtlesim/turtlesim/action/detail\n'}
[0.916288] (turtlesim) StdoutLine: {'line': b'-- Up-to-date: /home/samiksha/ros2_ws/install/turtlesim/include/turtlesim/turtlesim/action/detail/rotate_absolute__rosidl_typesupport_fastrtps_cpp.hpp\n'}
[0.916379] (turtlesim) StdoutLine: {'line': b'-- Up-to-date: /home/samiksha/ros2_ws/install/turtlesim/include/turtlesim/turtlesim/action/detail/dds_fastrtps\n'}
[0.916471] (turtlesim) StdoutLine: {'line': b'-- Up-to-date: /home/samiksha/ros2_ws/install/turtlesim/include/turtlesim/turtlesim/msg\n'}
[0.916562] (turtlesim) StdoutLine: {'line': b'-- Up-to-date: /home/samiksha/ros2_ws/install/turtlesim/include/turtlesim/turtlesim/msg/detail\n'}
[0.916656] (turtlesim) StdoutLine: {'line': b'-- Up-to-date: /home/samiksha/ros2_ws/install/turtlesim/include/turtlesim/turtlesim/msg/detail/pose__rosidl_typesupport_fastrtps_cpp.hpp\n'}
[0.916749] (turtlesim) StdoutLine: {'line': b'-- Up-to-date: /home/samiksha/ros2_ws/install/turtlesim/include/turtlesim/turtlesim/msg/detail/dds_fastrtps\n'}
[0.916840] (turtlesim) StdoutLine: {'line': b'-- Up-to-date: /home/samiksha/ros2_ws/install/turtlesim/include/turtlesim/turtlesim/msg/detail/color__rosidl_typesupport_fastrtps_cpp.hpp\n'}
[0.916927] (turtlesim) StdoutLine: {'line': b'-- Up-to-date: /home/samiksha/ros2_ws/install/turtlesim/include/turtlesim/turtlesim/msg/rosidl_typesupport_fastrtps_cpp__visibility_control.h\n'}
[0.917029] (turtlesim) StdoutLine: {'line': b'-- Up-to-date: /home/samiksha/ros2_ws/install/turtlesim/include/turtlesim/turtlesim/srv\n'}
[0.917120] (turtlesim) StdoutLine: {'line': b'-- Up-to-date: /home/samiksha/ros2_ws/install/turtlesim/include/turtlesim/turtlesim/srv/detail\n'}
[0.917233] (turtlesim) StdoutLine: {'line': b'-- Up-to-date: /home/samiksha/ros2_ws/install/turtlesim/include/turtlesim/turtlesim/srv/detail/teleport_relative__rosidl_typesupport_fastrtps_cpp.hpp\n'}
[0.917332] (turtlesim) StdoutLine: {'line': b'-- Up-to-date: /home/samiksha/ros2_ws/install/turtlesim/include/turtlesim/turtlesim/srv/detail/teleport_absolute__rosidl_typesupport_fastrtps_cpp.hpp\n'}
[0.917426] (turtlesim) StdoutLine: {'line': b'-- Up-to-date: /home/samiksha/ros2_ws/install/turtlesim/include/turtlesim/turtlesim/srv/detail/kill__rosidl_typesupport_fastrtps_cpp.hpp\n'}
[0.917519] (turtlesim) StdoutLine: {'line': b'-- Up-to-date: /home/samiksha/ros2_ws/install/turtlesim/include/turtlesim/turtlesim/srv/detail/set_pen__rosidl_typesupport_fastrtps_cpp.hpp\n'}
[0.917616] (turtlesim) StdoutLine: {'line': b'-- Up-to-date: /home/samiksha/ros2_ws/install/turtlesim/include/turtlesim/turtlesim/srv/detail/spawn__rosidl_typesupport_fastrtps_cpp.hpp\n'}
[0.917724] (turtlesim) StdoutLine: {'line': b'-- Up-to-date: /home/samiksha/ros2_ws/install/turtlesim/include/turtlesim/turtlesim/srv/detail/dds_fastrtps\n'}
[0.917814] (turtlesim) StdoutLine: {'line': b'-- Up-to-date: /home/samiksha/ros2_ws/install/turtlesim/lib/libturtlesim__rosidl_typesupport_fastrtps_cpp.so\n'}
[0.917906] (turtlesim) StdoutLine: {'line': b'-- Up-to-date: /home/samiksha/ros2_ws/install/turtlesim/include/turtlesim/turtlesim\n'}
[0.917996] (turtlesim) StdoutLine: {'line': b'-- Up-to-date: /home/samiksha/ros2_ws/install/turtlesim/include/turtlesim/turtlesim/action\n'}
[0.918086] (turtlesim) StdoutLine: {'line': b'-- Up-to-date: /home/samiksha/ros2_ws/install/turtlesim/include/turtlesim/turtlesim/action/detail\n'}
[0.918189] (turtlesim) StdoutLine: {'line': b'-- Up-to-date: /home/samiksha/ros2_ws/install/turtlesim/include/turtlesim/turtlesim/action/detail/rotate_absolute__type_support.c\n'}
[0.918290] (turtlesim) StdoutLine: {'line': b'-- Up-to-date: /home/samiksha/ros2_ws/install/turtlesim/include/turtlesim/turtlesim/action/detail/rotate_absolute__rosidl_typesupport_introspection_c.h\n'}
[0.918385] (turtlesim) StdoutLine: {'line': b'-- Up-to-date: /home/samiksha/ros2_ws/install/turtlesim/include/turtlesim/turtlesim/msg\n'}
[0.918477] (turtlesim) StdoutLine: {'line': b'-- Up-to-date: /home/samiksha/ros2_ws/install/turtlesim/include/turtlesim/turtlesim/msg/detail\n'}
[0.918564] (turtlesim) StdoutLine: {'line': b'-- Up-to-date: /home/samiksha/ros2_ws/install/turtlesim/include/turtlesim/turtlesim/msg/detail/color__rosidl_typesupport_introspection_c.h\n'}
[0.918658] (turtlesim) StdoutLine: {'line': b'-- Up-to-date: /home/samiksha/ros2_ws/install/turtlesim/include/turtlesim/turtlesim/msg/detail/color__type_support.c\n'}
[0.918753] (turtlesim) StdoutLine: {'line': b'-- Up-to-date: /home/samiksha/ros2_ws/install/turtlesim/include/turtlesim/turtlesim/msg/detail/pose__type_support.c\n'}
[0.918853] (turtlesim) StdoutLine: {'line': b'-- Up-to-date: /home/samiksha/ros2_ws/install/turtlesim/include/turtlesim/turtlesim/msg/detail/pose__rosidl_typesupport_introspection_c.h\n'}
[0.918947] (turtlesim) StdoutLine: {'line': b'-- Up-to-date: /home/samiksha/ros2_ws/install/turtlesim/include/turtlesim/turtlesim/msg/rosidl_typesupport_introspection_c__visibility_control.h\n'}
[0.919038] (turtlesim) StdoutLine: {'line': b'-- Up-to-date: /home/samiksha/ros2_ws/install/turtlesim/include/turtlesim/turtlesim/srv\n'}
[0.919132] (turtlesim) StdoutLine: {'line': b'-- Up-to-date: /home/samiksha/ros2_ws/install/turtlesim/include/turtlesim/turtlesim/srv/detail\n'}
[0.919255] (turtlesim) StdoutLine: {'line': b'-- Up-to-date: /home/samiksha/ros2_ws/install/turtlesim/include/turtlesim/turtlesim/srv/detail/kill__rosidl_typesupport_introspection_c.h\n'}
[0.919354] (turtlesim) StdoutLine: {'line': b'-- Up-to-date: /home/samiksha/ros2_ws/install/turtlesim/include/turtlesim/turtlesim/srv/detail/kill__type_support.c\n'}
[0.919444] (turtlesim) StdoutLine: {'line': b'-- Up-to-date: /home/samiksha/ros2_ws/install/turtlesim/include/turtlesim/turtlesim/srv/detail/teleport_relative__rosidl_typesupport_introspection_c.h\n'}
[0.919542] (turtlesim) StdoutLine: {'line': b'-- Up-to-date: /home/samiksha/ros2_ws/install/turtlesim/include/turtlesim/turtlesim/srv/detail/spawn__type_support.c\n'}
[0.919637] (turtlesim) StdoutLine: {'line': b'-- Up-to-date: /home/samiksha/ros2_ws/install/turtlesim/include/turtlesim/turtlesim/srv/detail/spawn__rosidl_typesupport_introspection_c.h\n'}
[0.919728] (turtlesim) StdoutLine: {'line': b'-- Up-to-date: /home/samiksha/ros2_ws/install/turtlesim/include/turtlesim/turtlesim/srv/detail/set_pen__rosidl_typesupport_introspection_c.h\n'}
[0.919814] (turtlesim) StdoutLine: {'line': b'-- Up-to-date: /home/samiksha/ros2_ws/install/turtlesim/include/turtlesim/turtlesim/srv/detail/teleport_absolute__rosidl_typesupport_introspection_c.h\n'}
[0.919907] (turtlesim) StdoutLine: {'line': b'-- Up-to-date: /home/samiksha/ros2_ws/install/turtlesim/include/turtlesim/turtlesim/srv/detail/teleport_absolute__type_support.c\n'}
[0.920001] (turtlesim) StdoutLine: {'line': b'-- Up-to-date: /home/samiksha/ros2_ws/install/turtlesim/include/turtlesim/turtlesim/srv/detail/set_pen__type_support.c\n'}
[0.920096] (turtlesim) StdoutLine: {'line': b'-- Up-to-date: /home/samiksha/ros2_ws/install/turtlesim/include/turtlesim/turtlesim/srv/detail/teleport_relative__type_support.c\n'}
[0.920206] (turtlesim) StdoutLine: {'line': b'-- Up-to-date: /home/samiksha/ros2_ws/install/turtlesim/lib/libturtlesim__rosidl_typesupport_introspection_c.so\n'}
[0.920306] (turtlesim) StdoutLine: {'line': b'-- Up-to-date: /home/samiksha/ros2_ws/install/turtlesim/lib/libturtlesim__rosidl_typesupport_c.so\n'}
[0.920400] (turtlesim) StdoutLine: {'line': b'-- Up-to-date: /home/samiksha/ros2_ws/install/turtlesim/include/turtlesim/turtlesim\n'}
[0.920495] (turtlesim) StdoutLine: {'line': b'-- Up-to-date: /home/samiksha/ros2_ws/install/turtlesim/include/turtlesim/turtlesim/action\n'}
[0.920588] (turtlesim) StdoutLine: {'line': b'-- Up-to-date: /home/samiksha/ros2_ws/install/turtlesim/include/turtlesim/turtlesim/action/detail\n'}
[0.920679] (turtlesim) StdoutLine: {'line': b'-- Up-to-date: /home/samiksha/ros2_ws/install/turtlesim/include/turtlesim/turtlesim/action/detail/rotate_absolute__rosidl_typesupport_introspection_cpp.hpp\n'}
[0.920772] (turtlesim) StdoutLine: {'line': b'-- Up-to-date: /home/samiksha/ros2_ws/install/turtlesim/include/turtlesim/turtlesim/action/detail/rotate_absolute__type_support.cpp\n'}
[0.920866] (turtlesim) StdoutLine: {'line': b'-- Up-to-date: /home/samiksha/ros2_ws/install/turtlesim/include/turtlesim/turtlesim/msg\n'}
[0.920960] (turtlesim) StdoutLine: {'line': b'-- Up-to-date: /home/samiksha/ros2_ws/install/turtlesim/include/turtlesim/turtlesim/msg/detail\n'}
[0.921067] (turtlesim) StdoutLine: {'line': b'-- Up-to-date: /home/samiksha/ros2_ws/install/turtlesim/include/turtlesim/turtlesim/msg/detail/pose__rosidl_typesupport_introspection_cpp.hpp\n'}
[0.921170] (turtlesim) StdoutLine: {'line': b'-- Up-to-date: /home/samiksha/ros2_ws/install/turtlesim/include/turtlesim/turtlesim/msg/detail/color__rosidl_typesupport_introspection_cpp.hpp\n'}
[0.921278] (turtlesim) StdoutLine: {'line': b'-- Up-to-date: /home/samiksha/ros2_ws/install/turtlesim/include/turtlesim/turtlesim/msg/detail/pose__type_support.cpp\n'}
[0.921374] (turtlesim) StdoutLine: {'line': b'-- Up-to-date: /home/samiksha/ros2_ws/install/turtlesim/include/turtlesim/turtlesim/msg/detail/color__type_support.cpp\n'}
[0.921468] (turtlesim) StdoutLine: {'line': b'-- Up-to-date: /home/samiksha/ros2_ws/install/turtlesim/include/turtlesim/turtlesim/srv\n'}
[0.921567] (turtlesim) StdoutLine: {'line': b'-- Up-to-date: /home/samiksha/ros2_ws/install/turtlesim/include/turtlesim/turtlesim/srv/detail\n'}
[0.921673] (turtlesim) StdoutLine: {'line': b'-- Up-to-date: /home/samiksha/ros2_ws/install/turtlesim/include/turtlesim/turtlesim/srv/detail/spawn__rosidl_typesupport_introspection_cpp.hpp\n'}
[0.921782] (turtlesim) StdoutLine: {'line': b'-- Up-to-date: /home/samiksha/ros2_ws/install/turtlesim/include/turtlesim/turtlesim/srv/detail/teleport_relative__rosidl_typesupport_introspection_cpp.hpp\n'}
[0.921891] (turtlesim) StdoutLine: {'line': b'-- Up-to-date: /home/samiksha/ros2_ws/install/turtlesim/include/turtlesim/turtlesim/srv/detail/set_pen__rosidl_typesupport_introspection_cpp.hpp\n'}
[0.921991] (turtlesim) StdoutLine: {'line': b'-- Up-to-date: /home/samiksha/ros2_ws/install/turtlesim/include/turtlesim/turtlesim/srv/detail/teleport_relative__type_support.cpp\n'}
[0.922080] (turtlesim) StdoutLine: {'line': b'-- Up-to-date: /home/samiksha/ros2_ws/install/turtlesim/include/turtlesim/turtlesim/srv/detail/kill__rosidl_typesupport_introspection_cpp.hpp\n'}
[0.922182] (turtlesim) StdoutLine: {'line': b'-- Up-to-date: /home/samiksha/ros2_ws/install/turtlesim/include/turtlesim/turtlesim/srv/detail/teleport_absolute__type_support.cpp\n'}
[0.922292] (turtlesim) StdoutLine: {'line': b'-- Up-to-date: /home/samiksha/ros2_ws/install/turtlesim/include/turtlesim/turtlesim/srv/detail/kill__type_support.cpp\n'}
[0.922388] (turtlesim) StdoutLine: {'line': b'-- Up-to-date: /home/samiksha/ros2_ws/install/turtlesim/include/turtlesim/turtlesim/srv/detail/spawn__type_support.cpp\n'}
[0.922476] (turtlesim) StdoutLine: {'line': b'-- Up-to-date: /home/samiksha/ros2_ws/install/turtlesim/include/turtlesim/turtlesim/srv/detail/teleport_absolute__rosidl_typesupport_introspection_cpp.hpp\n'}
[0.922563] (turtlesim) StdoutLine: {'line': b'-- Up-to-date: /home/samiksha/ros2_ws/install/turtlesim/include/turtlesim/turtlesim/srv/detail/set_pen__type_support.cpp\n'}
[0.922650] (turtlesim) StdoutLine: {'line': b'-- Up-to-date: /home/samiksha/ros2_ws/install/turtlesim/lib/libturtlesim__rosidl_typesupport_introspection_cpp.so\n'}
[0.922735] (turtlesim) StdoutLine: {'line': b'-- Up-to-date: /home/samiksha/ros2_ws/install/turtlesim/lib/libturtlesim__rosidl_typesupport_cpp.so\n'}
[0.922824] (turtlesim) StdoutLine: {'line': b'-- Up-to-date: /home/samiksha/ros2_ws/install/turtlesim/share/turtlesim/environment/pythonpath.sh\n'}
[0.922909] (turtlesim) StdoutLine: {'line': b'-- Up-to-date: /home/samiksha/ros2_ws/install/turtlesim/share/turtlesim/environment/pythonpath.dsv\n'}
[0.922998] (turtlesim) StdoutLine: {'line': b'-- Up-to-date: /home/samiksha/ros2_ws/install/turtlesim/local/lib/python3.10/dist-packages/turtlesim-1.4.2-py3.10.egg-info\n'}
[0.923085] (turtlesim) StdoutLine: {'line': b'-- Installing: /home/samiksha/ros2_ws/install/turtlesim/local/lib/python3.10/dist-packages/turtlesim-1.4.2-py3.10.egg-info/dependency_links.txt\n'}
[0.923189] (turtlesim) StdoutLine: {'line': b'-- Installing: /home/samiksha/ros2_ws/install/turtlesim/local/lib/python3.10/dist-packages/turtlesim-1.4.2-py3.10.egg-info/PKG-INFO\n'}
[0.923288] (turtlesim) StdoutLine: {'line': b'-- Installing: /home/samiksha/ros2_ws/install/turtlesim/local/lib/python3.10/dist-packages/turtlesim-1.4.2-py3.10.egg-info/SOURCES.txt\n'}
[0.923384] (turtlesim) StdoutLine: {'line': b'-- Installing: /home/samiksha/ros2_ws/install/turtlesim/local/lib/python3.10/dist-packages/turtlesim-1.4.2-py3.10.egg-info/top_level.txt\n'}
[0.923482] (turtlesim) StdoutLine: {'line': b'-- Up-to-date: /home/samiksha/ros2_ws/install/turtlesim/local/lib/python3.10/dist-packages/turtlesim\n'}
[0.923572] (turtlesim) StdoutLine: {'line': b'-- Up-to-date: /home/samiksha/ros2_ws/install/turtlesim/local/lib/python3.10/dist-packages/turtlesim/action\n'}
[0.923657] (turtlesim) StdoutLine: {'line': b'-- Up-to-date: /home/samiksha/ros2_ws/install/turtlesim/local/lib/python3.10/dist-packages/turtlesim/action/_rotate_absolute_s.c\n'}
[0.923736] (turtlesim) StdoutLine: {'line': b'-- Up-to-date: /home/samiksha/ros2_ws/install/turtlesim/local/lib/python3.10/dist-packages/turtlesim/action/__init__.py\n'}
[0.923819] (turtlesim) StdoutLine: {'line': b'-- Up-to-date: /home/samiksha/ros2_ws/install/turtlesim/local/lib/python3.10/dist-packages/turtlesim/action/_rotate_absolute.py\n'}
[0.923910] (turtlesim) StdoutLine: {'line': b'-- Up-to-date: /home/samiksha/ros2_ws/install/turtlesim/local/lib/python3.10/dist-packages/turtlesim/_turtlesim_s.ep.rosidl_typesupport_introspection_c.c\n'}
[0.923991] (turtlesim) StdoutLine: {'line': b'-- Up-to-date: /home/samiksha/ros2_ws/install/turtlesim/local/lib/python3.10/dist-packages/turtlesim/_turtlesim_s.ep.rosidl_typesupport_c.c\n'}
[0.924073] (turtlesim) StdoutLine: {'line': b'-- Up-to-date: /home/samiksha/ros2_ws/install/turtlesim/local/lib/python3.10/dist-packages/turtlesim/turtlesim_s__rosidl_typesupport_introspection_c.cpython-310-x86_64-linux-gnu.so\n'}
[0.924184] (turtlesim) StdoutLine: {'line': b'-- Up-to-date: /home/samiksha/ros2_ws/install/turtlesim/local/lib/python3.10/dist-packages/turtlesim/libturtlesim__rosidl_generator_py.so\n'}
[0.924268] (turtlesim) StdoutLine: {'line': b'-- Up-to-date: /home/samiksha/ros2_ws/install/turtlesim/local/lib/python3.10/dist-packages/turtlesim/msg\n'}
[0.924345] (turtlesim) StdoutLine: {'line': b'-- Up-to-date: /home/samiksha/ros2_ws/install/turtlesim/local/lib/python3.10/dist-packages/turtlesim/msg/_pose.py\n'}
[0.924421] (turtlesim) StdoutLine: {'line': b'-- Up-to-date: /home/samiksha/ros2_ws/install/turtlesim/local/lib/python3.10/dist-packages/turtlesim/msg/_color.py\n'}
[0.924496] (turtlesim) StdoutLine: {'line': b'-- Up-to-date: /home/samiksha/ros2_ws/install/turtlesim/local/lib/python3.10/dist-packages/turtlesim/msg/__init__.py\n'}
[0.924592] (turtlesim) StdoutLine: {'line': b'-- Up-to-date: /home/samiksha/ros2_ws/install/turtlesim/local/lib/python3.10/dist-packages/turtlesim/msg/_color_s.c\n'}
[0.924680] (turtlesim) StdoutLine: {'line': b'-- Up-to-date: /home/samiksha/ros2_ws/install/turtlesim/local/lib/python3.10/dist-packages/turtlesim/msg/_pose_s.c\n'}
[0.924770] (turtlesim) StdoutLine: {'line': b'-- Up-to-date: /home/samiksha/ros2_ws/install/turtlesim/local/lib/python3.10/dist-packages/turtlesim/srv\n'}
[0.924859] (turtlesim) StdoutLine: {'line': b'-- Up-to-date: /home/samiksha/ros2_ws/install/turtlesim/local/lib/python3.10/dist-packages/turtlesim/srv/_teleport_relative_s.c\n'}
[0.924946] (turtlesim) StdoutLine: {'line': b'-- Up-to-date: /home/samiksha/ros2_ws/install/turtlesim/local/lib/python3.10/dist-packages/turtlesim/srv/_kill.py\n'}
[0.925048] (turtlesim) StdoutLine: {'line': b'-- Up-to-date: /home/samiksha/ros2_ws/install/turtlesim/local/lib/python3.10/dist-packages/turtlesim/srv/_spawn.py\n'}
[0.925137] (turtlesim) StdoutLine: {'line': b'-- Up-to-date: /home/samiksha/ros2_ws/install/turtlesim/local/lib/python3.10/dist-packages/turtlesim/srv/__init__.py\n'}
[0.925243] (turtlesim) StdoutLine: {'line': b'-- Up-to-date: /home/samiksha/ros2_ws/install/turtlesim/local/lib/python3.10/dist-packages/turtlesim/srv/_spawn_s.c\n'}
[0.925333] (turtlesim) StdoutLine: {'line': b'-- Up-to-date: /home/samiksha/ros2_ws/install/turtlesim/local/lib/python3.10/dist-packages/turtlesim/srv/_teleport_relative.py\n'}
[0.925418] (turtlesim) StdoutLine: {'line': b'-- Up-to-date: /home/samiksha/ros2_ws/install/turtlesim/local/lib/python3.10/dist-packages/turtlesim/srv/_set_pen.py\n'}
[0.925503] (turtlesim) StdoutLine: {'line': b'-- Up-to-date: /home/samiksha/ros2_ws/install/turtlesim/local/lib/python3.10/dist-packages/turtlesim/srv/_teleport_absolute_s.c\n'}
[0.925589] (turtlesim) StdoutLine: {'line': b'-- Up-to-date: /home/samiksha/ros2_ws/install/turtlesim/local/lib/python3.10/dist-packages/turtlesim/srv/_teleport_absolute.py\n'}
[0.925673] (turtlesim) StdoutLine: {'line': b'-- Up-to-date: /home/samiksha/ros2_ws/install/turtlesim/local/lib/python3.10/dist-packages/turtlesim/srv/_kill_s.c\n'}
[0.925760] (turtlesim) StdoutLine: {'line': b'-- Up-to-date: /home/samiksha/ros2_ws/install/turtlesim/local/lib/python3.10/dist-packages/turtlesim/srv/_set_pen_s.c\n'}
[0.925846] (turtlesim) StdoutLine: {'line': b'-- Up-to-date: /home/samiksha/ros2_ws/install/turtlesim/local/lib/python3.10/dist-packages/turtlesim/turtlesim_s__rosidl_typesupport_fastrtps_c.cpython-310-x86_64-linux-gnu.so\n'}
[0.925934] (turtlesim) StdoutLine: {'line': b'-- Up-to-date: /home/samiksha/ros2_ws/install/turtlesim/local/lib/python3.10/dist-packages/turtlesim/__init__.py\n'}
[0.926032] (turtlesim) StdoutLine: {'line': b'-- Up-to-date: /home/samiksha/ros2_ws/install/turtlesim/local/lib/python3.10/dist-packages/turtlesim/_turtlesim_s.ep.rosidl_typesupport_fastrtps_c.c\n'}
[0.926119] (turtlesim) StdoutLine: {'line': b'-- Up-to-date: /home/samiksha/ros2_ws/install/turtlesim/local/lib/python3.10/dist-packages/turtlesim/turtlesim_s__rosidl_typesupport_c.cpython-310-x86_64-linux-gnu.so\n'}
[0.947687] (turtlesim) StdoutLine: {'line': b"Listing '/home/samiksha/ros2_ws/install/turtlesim/local/lib/python3.10/dist-packages/turtlesim'...\n"}
[0.947988] (turtlesim) StdoutLine: {'line': b"Listing '/home/samiksha/ros2_ws/install/turtlesim/local/lib/python3.10/dist-packages/turtlesim/action'...\n"}
[0.948108] (turtlesim) StdoutLine: {'line': b"Listing '/home/samiksha/ros2_ws/install/turtlesim/local/lib/python3.10/dist-packages/turtlesim/msg'...\n"}
[0.948243] (turtlesim) StdoutLine: {'line': b"Listing '/home/samiksha/ros2_ws/install/turtlesim/local/lib/python3.10/dist-packages/turtlesim/srv'...\n"}
[0.954652] (turtlesim) StdoutLine: {'line': b'-- Up-to-date: /home/samiksha/ros2_ws/install/turtlesim/local/lib/python3.10/dist-packages/turtlesim/turtlesim_s__rosidl_typesupport_fastrtps_c.cpython-310-x86_64-linux-gnu.so\n'}
[0.955011] (turtlesim) StdoutLine: {'line': b'-- Up-to-date: /home/samiksha/ros2_ws/install/turtlesim/local/lib/python3.10/dist-packages/turtlesim/turtlesim_s__rosidl_typesupport_introspection_c.cpython-310-x86_64-linux-gnu.so\n'}
[0.955416] (turtlesim) StdoutLine: {'line': b'-- Up-to-date: /home/samiksha/ros2_ws/install/turtlesim/local/lib/python3.10/dist-packages/turtlesim/turtlesim_s__rosidl_typesupport_c.cpython-310-x86_64-linux-gnu.so\n'}
[0.955772] (turtlesim) StdoutLine: {'line': b'-- Up-to-date: /home/samiksha/ros2_ws/install/turtlesim/lib/libturtlesim__rosidl_generator_py.so\n'}
[0.955982] (turtlesim) StdoutLine: {'line': b'-- Up-to-date: /home/samiksha/ros2_ws/install/turtlesim/share/turtlesim/action/RotateAbsolute.idl\n'}
[0.956189] (turtlesim) StdoutLine: {'line': b'-- Up-to-date: /home/samiksha/ros2_ws/install/turtlesim/share/turtlesim/msg/Color.idl\n'}
[0.956350] (turtlesim) StdoutLine: {'line': b'-- Up-to-date: /home/samiksha/ros2_ws/install/turtlesim/share/turtlesim/msg/Pose.idl\n'}
[0.956464] (turtlesim) StdoutLine: {'line': b'-- Up-to-date: /home/samiksha/ros2_ws/install/turtlesim/share/turtlesim/srv/Kill.idl\n'}
[0.956639] (turtlesim) StdoutLine: {'line': b'-- Up-to-date: /home/samiksha/ros2_ws/install/turtlesim/share/turtlesim/srv/SetPen.idl\n'}
[0.956785] (turtlesim) StdoutLine: {'line': b'-- Up-to-date: /home/samiksha/ros2_ws/install/turtlesim/share/turtlesim/srv/Spawn.idl\n'}
[0.956935] (turtlesim) StdoutLine: {'line': b'-- Up-to-date: /home/samiksha/ros2_ws/install/turtlesim/share/turtlesim/srv/TeleportAbsolute.idl\n'}
[0.957040] (turtlesim) StdoutLine: {'line': b'-- Up-to-date: /home/samiksha/ros2_ws/install/turtlesim/share/turtlesim/srv/TeleportRelative.idl\n'}
[0.957149] (turtlesim) StdoutLine: {'line': b'-- Up-to-date: /home/samiksha/ros2_ws/install/turtlesim/share/turtlesim/action/RotateAbsolute.action\n'}
[0.957323] (turtlesim) StdoutLine: {'line': b'-- Up-to-date: /home/samiksha/ros2_ws/install/turtlesim/share/turtlesim/msg/Color.msg\n'}
[0.957464] (turtlesim) StdoutLine: {'line': b'-- Up-to-date: /home/samiksha/ros2_ws/install/turtlesim/share/turtlesim/msg/Pose.msg\n'}
[0.957582] (turtlesim) StdoutLine: {'line': b'-- Up-to-date: /home/samiksha/ros2_ws/install/turtlesim/share/turtlesim/srv/Kill.srv\n'}
[0.957740] (turtlesim) StdoutLine: {'line': b'-- Up-to-date: /home/samiksha/ros2_ws/install/turtlesim/share/turtlesim/srv/Kill_Request.msg\n'}
[0.957886] (turtlesim) StdoutLine: {'line': b'-- Up-to-date: /home/samiksha/ros2_ws/install/turtlesim/share/turtlesim/srv/Kill_Response.msg\n'}
[0.957979] (turtlesim) StdoutLine: {'line': b'-- Up-to-date: /home/samiksha/ros2_ws/install/turtlesim/share/turtlesim/srv/SetPen.srv\n'}
[0.958083] (turtlesim) StdoutLine: {'line': b'-- Up-to-date: /home/samiksha/ros2_ws/install/turtlesim/share/turtlesim/srv/SetPen_Request.msg\n'}
[0.958227] (turtlesim) StdoutLine: {'line': b'-- Up-to-date: /home/samiksha/ros2_ws/install/turtlesim/share/turtlesim/srv/SetPen_Response.msg\n'}
[0.958365] (turtlesim) StdoutLine: {'line': b'-- Up-to-date: /home/samiksha/ros2_ws/install/turtlesim/share/turtlesim/srv/Spawn.srv\n'}
[0.958454] (turtlesim) StdoutLine: {'line': b'-- Up-to-date: /home/samiksha/ros2_ws/install/turtlesim/share/turtlesim/srv/Spawn_Request.msg\n'}
[0.958542] (turtlesim) StdoutLine: {'line': b'-- Up-to-date: /home/samiksha/ros2_ws/install/turtlesim/share/turtlesim/srv/Spawn_Response.msg\n'}
[0.958630] (turtlesim) StdoutLine: {'line': b'-- Up-to-date: /home/samiksha/ros2_ws/install/turtlesim/share/turtlesim/srv/TeleportAbsolute.srv\n'}
[0.958750] (turtlesim) StdoutLine: {'line': b'-- Up-to-date: /home/samiksha/ros2_ws/install/turtlesim/share/turtlesim/srv/TeleportAbsolute_Request.msg\n'}
[0.958840] (turtlesim) StdoutLine: {'line': b'-- Up-to-date: /home/samiksha/ros2_ws/install/turtlesim/share/turtlesim/srv/TeleportAbsolute_Response.msg\n'}
[0.958936] (turtlesim) StdoutLine: {'line': b'-- Up-to-date: /home/samiksha/ros2_ws/install/turtlesim/share/turtlesim/srv/TeleportRelative.srv\n'}
[0.959026] (turtlesim) StdoutLine: {'line': b'-- Up-to-date: /home/samiksha/ros2_ws/install/turtlesim/share/turtlesim/srv/TeleportRelative_Request.msg\n'}
[0.959160] (turtlesim) StdoutLine: {'line': b'-- Up-to-date: /home/samiksha/ros2_ws/install/turtlesim/share/turtlesim/srv/TeleportRelative_Response.msg\n'}
[0.959265] (turtlesim) StdoutLine: {'line': b'-- Up-to-date: /home/samiksha/ros2_ws/install/turtlesim/lib/turtlesim/turtlesim_node\n'}
[0.959385] (turtlesim) StdoutLine: {'line': b'-- Up-to-date: /home/samiksha/ros2_ws/install/turtlesim/lib/turtlesim/turtle_teleop_key\n'}
[0.959653] (turtlesim) StdoutLine: {'line': b'-- Up-to-date: /home/samiksha/ros2_ws/install/turtlesim/lib/turtlesim/draw_square\n'}
[0.959740] (turtlesim) StdoutLine: {'line': b'-- Up-to-date: /home/samiksha/ros2_ws/install/turtlesim/lib/turtlesim/mimic\n'}
[0.959793] (turtlesim) StdoutLine: {'line': b'-- Up-to-date: /home/samiksha/ros2_ws/install/turtlesim/share/turtlesim/images\n'}
[0.959839] (turtlesim) StdoutLine: {'line': b'-- Up-to-date: /home/samiksha/ros2_ws/install/turtlesim/share/turtlesim/images/rolling.png\n'}
[0.959884] (turtlesim) StdoutLine: {'line': b'-- Up-to-date: /home/samiksha/ros2_ws/install/turtlesim/share/turtlesim/images/ardent.png\n'}
[0.959934] (turtlesim) StdoutLine: {'line': b'-- Up-to-date: /home/samiksha/ros2_ws/install/turtlesim/share/turtlesim/images/dashing.png\n'}
[0.959976] (turtlesim) StdoutLine: {'line': b'-- Up-to-date: /home/samiksha/ros2_ws/install/turtlesim/share/turtlesim/images/crystal.png\n'}
[0.960020] (turtlesim) StdoutLine: {'line': b'-- Up-to-date: /home/samiksha/ros2_ws/install/turtlesim/share/turtlesim/images/humble.png\n'}
[0.960065] (turtlesim) StdoutLine: {'line': b'-- Up-to-date: /home/samiksha/ros2_ws/install/turtlesim/share/turtlesim/images/eloquent.png\n'}
[0.960191] (turtlesim) StdoutLine: {'line': b'-- Up-to-date: /home/samiksha/ros2_ws/install/turtlesim/share/turtlesim/images/bouncy.png\n'}
[0.960319] (turtlesim) StdoutLine: {'line': b'-- Up-to-date: /home/samiksha/ros2_ws/install/turtlesim/share/turtlesim/images/galactic.png\n'}
[0.960365] (turtlesim) StdoutLine: {'line': b'-- Up-to-date: /home/samiksha/ros2_ws/install/turtlesim/share/turtlesim/images/foxy.png\n'}
[0.960415] (turtlesim) StdoutLine: {'line': b'-- Up-to-date: /home/samiksha/ros2_ws/install/turtlesim/share/turtlesim/launch\n'}
[0.960460] (turtlesim) StdoutLine: {'line': b'-- Up-to-date: /home/samiksha/ros2_ws/install/turtlesim/share/turtlesim/launch/multisim.launch.py\n'}
[0.960503] (turtlesim) StdoutLine: {'line': b'-- Up-to-date: /home/samiksha/ros2_ws/install/turtlesim/share/ament_index/resource_index/package_run_dependencies/turtlesim\n'}
[0.960551] (turtlesim) StdoutLine: {'line': b'-- Up-to-date: /home/samiksha/ros2_ws/install/turtlesim/share/ament_index/resource_index/parent_prefix_path/turtlesim\n'}
[0.960636] (turtlesim) StdoutLine: {'line': b'-- Up-to-date: /home/samiksha/ros2_ws/install/turtlesim/share/turtlesim/environment/ament_prefix_path.sh\n'}
[0.960686] (turtlesim) StdoutLine: {'line': b'-- Up-to-date: /home/samiksha/ros2_ws/install/turtlesim/share/turtlesim/environment/ament_prefix_path.dsv\n'}
[0.960731] (turtlesim) StdoutLine: {'line': b'-- Up-to-date: /home/samiksha/ros2_ws/install/turtlesim/share/turtlesim/environment/path.sh\n'}
[0.960776] (turtlesim) StdoutLine: {'line': b'-- Up-to-date: /home/samiksha/ros2_ws/install/turtlesim/share/turtlesim/environment/path.dsv\n'}
[0.960836] (turtlesim) StdoutLine: {'line': b'-- Up-to-date: /home/samiksha/ros2_ws/install/turtlesim/share/turtlesim/local_setup.bash\n'}
[0.960904] (turtlesim) StdoutLine: {'line': b'-- Up-to-date: /home/samiksha/ros2_ws/install/turtlesim/share/turtlesim/local_setup.sh\n'}
[0.960968] (turtlesim) StdoutLine: {'line': b'-- Up-to-date: /home/samiksha/ros2_ws/install/turtlesim/share/turtlesim/local_setup.zsh\n'}
[0.961084] (turtlesim) StdoutLine: {'line': b'-- Up-to-date: /home/samiksha/ros2_ws/install/turtlesim/share/turtlesim/local_setup.dsv\n'}
[0.961227] (turtlesim) StdoutLine: {'line': b'-- Installing: /home/samiksha/ros2_ws/install/turtlesim/share/turtlesim/package.dsv\n'}
[0.961279] (turtlesim) StdoutLine: {'line': b'-- Up-to-date: /home/samiksha/ros2_ws/install/turtlesim/share/ament_index/resource_index/packages/turtlesim\n'}
[0.961327] (turtlesim) StdoutLine: {'line': b'-- Up-to-date: /home/samiksha/ros2_ws/install/turtlesim/share/turtlesim/cmake/export_turtlesim__rosidl_generator_cExport.cmake\n'}
[0.961370] (turtlesim) StdoutLine: {'line': b'-- Up-to-date: /home/samiksha/ros2_ws/install/turtlesim/share/turtlesim/cmake/export_turtlesim__rosidl_generator_cExport-noconfig.cmake\n'}
[0.961415] (turtlesim) StdoutLine: {'line': b'-- Up-to-date: /home/samiksha/ros2_ws/install/turtlesim/share/turtlesim/cmake/export_turtlesim__rosidl_typesupport_fastrtps_cExport.cmake\n'}
[0.961460] (turtlesim) StdoutLine: {'line': b'-- Up-to-date: /home/samiksha/ros2_ws/install/turtlesim/share/turtlesim/cmake/export_turtlesim__rosidl_typesupport_fastrtps_cExport-noconfig.cmake\n'}
[0.961548] (turtlesim) StdoutLine: {'line': b'-- Up-to-date: /home/samiksha/ros2_ws/install/turtlesim/share/turtlesim/cmake/export_turtlesim__rosidl_generator_cppExport.cmake\n'}
[0.961653] (turtlesim) StdoutLine: {'line': b'-- Up-to-date: /home/samiksha/ros2_ws/install/turtlesim/share/turtlesim/cmake/export_turtlesim__rosidl_typesupport_fastrtps_cppExport.cmake\n'}
[0.961703] (turtlesim) StdoutLine: {'line': b'-- Up-to-date: /home/samiksha/ros2_ws/install/turtlesim/share/turtlesim/cmake/export_turtlesim__rosidl_typesupport_fastrtps_cppExport-noconfig.cmake\n'}
[0.961751] (turtlesim) StdoutLine: {'line': b'-- Up-to-date: /home/samiksha/ros2_ws/install/turtlesim/share/turtlesim/cmake/turtlesim__rosidl_typesupport_introspection_cExport.cmake\n'}
[0.961799] (turtlesim) StdoutLine: {'line': b'-- Up-to-date: /home/samiksha/ros2_ws/install/turtlesim/share/turtlesim/cmake/turtlesim__rosidl_typesupport_introspection_cExport-noconfig.cmake\n'}
[0.961897] (turtlesim) StdoutLine: {'line': b'-- Up-to-date: /home/samiksha/ros2_ws/install/turtlesim/share/turtlesim/cmake/turtlesim__rosidl_typesupport_cExport.cmake\n'}
[0.961952] (turtlesim) StdoutLine: {'line': b'-- Up-to-date: /home/samiksha/ros2_ws/install/turtlesim/share/turtlesim/cmake/turtlesim__rosidl_typesupport_cExport-noconfig.cmake\n'}
[0.962019] (turtlesim) StdoutLine: {'line': b'-- Up-to-date: /home/samiksha/ros2_ws/install/turtlesim/share/turtlesim/cmake/turtlesim__rosidl_typesupport_introspection_cppExport.cmake\n'}
[0.962125] (turtlesim) StdoutLine: {'line': b'-- Up-to-date: /home/samiksha/ros2_ws/install/turtlesim/share/turtlesim/cmake/turtlesim__rosidl_typesupport_introspection_cppExport-noconfig.cmake\n'}
[0.962219] (turtlesim) StdoutLine: {'line': b'-- Up-to-date: /home/samiksha/ros2_ws/install/turtlesim/share/turtlesim/cmake/turtlesim__rosidl_typesupport_cppExport.cmake\n'}
[0.962275] (turtlesim) StdoutLine: {'line': b'-- Up-to-date: /home/samiksha/ros2_ws/install/turtlesim/share/turtlesim/cmake/turtlesim__rosidl_typesupport_cppExport-noconfig.cmake\n'}
[0.962349] (turtlesim) StdoutLine: {'line': b'-- Up-to-date: /home/samiksha/ros2_ws/install/turtlesim/share/turtlesim/cmake/export_turtlesim__rosidl_generator_pyExport.cmake\n'}
[0.962422] (turtlesim) StdoutLine: {'line': b'-- Up-to-date: /home/samiksha/ros2_ws/install/turtlesim/share/turtlesim/cmake/export_turtlesim__rosidl_generator_pyExport-noconfig.cmake\n'}
[0.962503] (turtlesim) StdoutLine: {'line': b'-- Up-to-date: /home/samiksha/ros2_ws/install/turtlesim/share/turtlesim/cmake/rosidl_cmake-extras.cmake\n'}
[0.962575] (turtlesim) StdoutLine: {'line': b'-- Up-to-date: /home/samiksha/ros2_ws/install/turtlesim/share/turtlesim/cmake/ament_cmake_export_dependencies-extras.cmake\n'}
[0.962638] (turtlesim) StdoutLine: {'line': b'-- Up-to-date: /home/samiksha/ros2_ws/install/turtlesim/share/turtlesim/cmake/ament_cmake_export_include_directories-extras.cmake\n'}
[0.962709] (turtlesim) StdoutLine: {'line': b'-- Up-to-date: /home/samiksha/ros2_ws/install/turtlesim/share/turtlesim/cmake/ament_cmake_export_libraries-extras.cmake\n'}
[0.962779] (turtlesim) StdoutLine: {'line': b'-- Up-to-date: /home/samiksha/ros2_ws/install/turtlesim/share/turtlesim/cmake/ament_cmake_export_targets-extras.cmake\n'}
[0.962849] (turtlesim) StdoutLine: {'line': b'-- Up-to-date: /home/samiksha/ros2_ws/install/turtlesim/share/turtlesim/cmake/rosidl_cmake_export_typesupport_targets-extras.cmake\n'}
[0.962918] (turtlesim) StdoutLine: {'line': b'-- Up-to-date: /home/samiksha/ros2_ws/install/turtlesim/share/turtlesim/cmake/rosidl_cmake_export_typesupport_libraries-extras.cmake\n'}
[0.962991] (turtlesim) StdoutLine: {'line': b'-- Up-to-date: /home/samiksha/ros2_ws/install/turtlesim/share/turtlesim/cmake/turtlesimConfig.cmake\n'}
[0.963067] (turtlesim) StdoutLine: {'line': b'-- Up-to-date: /home/samiksha/ros2_ws/install/turtlesim/share/turtlesim/cmake/turtlesimConfig-version.cmake\n'}
[0.963111] (turtlesim) StdoutLine: {'line': b'-- Up-to-date: /home/samiksha/ros2_ws/install/turtlesim/share/turtlesim/package.xml\n'}
[0.966624] (turtlesim) CommandEnded: {'returncode': 0}
[0.988141] (turtlesim) JobEnded: {'identifier': 'turtlesim', 'rc': 0}
[1.003331] (-) TimerEvent: {}
[1.103709] (-) TimerEvent: {}
[1.204110] (-) TimerEvent: {}
[1.243215] (task_controller) StdoutLine: {'line': b'running egg_info\n'}
[1.247779] (task_controller) StdoutLine: {'line': b"writing manifest file '../../build/task_controller/task_controller.egg-info/SOURCES.txt'\n"}
[1.247953] (task_controller) StdoutLine: {'line': b'running build\n'}
[1.248050] (task_controller) StdoutLine: {'line': b'running build_py\n'}
[1.248193] (task_controller) StdoutLine: {'line': b'running install\n'}
[1.250077] (task_controller) StdoutLine: {'line': b'running install_lib\n'}
[1.251748] (task_controller) StdoutLine: {'line': b'running install_data\n'}
[1.252012] (task_controller) StdoutLine: {'line': b'running install_egg_info\n'}
[1.253915] (task_controller) StdoutLine: {'line': b"removing '/home/samiksha/ros2_ws/install/task_controller/lib/python3.10/site-packages/task_controller-60.0.0-py3.10.egg-info' (and everything under it)\n"}
[1.254154] (task_controller) StdoutLine: {'line': b'Copying ../../build/task_controller/task_controller.egg-info to /home/samiksha/ros2_ws/install/task_controller/lib/python3.10/site-packages/task_controller-60.0.0-py3.10.egg-info\n'}
[1.254733] (task_controller) StdoutLine: {'line': b'running install_scripts\n'}
[1.275327] (task_controller) StdoutLine: {'line': b"writing list of installed files to '/home/samiksha/ros2_ws/build/task_controller/install.log'\n"}
[1.304304] (-) TimerEvent: {}
[1.307421] (task_controller) CommandEnded: {'returncode': 0}
[1.318205] (task_controller) JobEnded: {'identifier': 'task_controller', 'rc': 0}
[1.404415] (-) TimerEvent: {}
[1.504789] (-) TimerEvent: {}
[1.605113] (-) TimerEvent: {}
[1.705577] (-) TimerEvent: {}
[1.805956] (-) TimerEvent: {}
[1.906421] (-) TimerEvent: {}
[2.006969] (-) TimerEvent: {}
[2.107390] (-) TimerEvent: {}
[2.207740] (-) TimerEvent: {}
[2.308135] (-) TimerEvent: {}
[2.408530] (-) TimerEvent: {}
[2.508982] (-) TimerEvent: {}
[2.609410] (-) TimerEvent: {}
[2.709955] (-) TimerEvent: {}
[2.810431] (-) TimerEvent: {}
[2.876833] (task_controller_cpp) StderrLine: {'line': b'In file included from \x1b[01m\x1b[K/home/samiksha/ros2_ws/src/task_controller_cpp/src/chat_second.cpp:2\x1b[m\x1b[K:\n'}
[2.877181] (task_controller_cpp) StderrLine: {'line': b'/usr/include/c++/11/functional: In instantiation of \xe2\x80\x98\x1b[01m\x1b[Kstruct std::_Bind_check_arity<void (Node2::*)(std::shared_ptr<std_msgs::msg::String_<std::allocator<void> > >), int, Node2*, const std::_Placeholder<1>&>\x1b[m\x1b[K\xe2\x80\x99:\n'}
[2.877306] (task_controller_cpp) StderrLine: {'line': b'\x1b[01m\x1b[K/usr/include/c++/11/functional:768:12:\x1b[m\x1b[K   required from \xe2\x80\x98\x1b[01m\x1b[Kstruct std::_Bind_helper<false, void (Node2::*)(std::shared_ptr<std_msgs::msg::String_<std::allocator<void> > >), int, Node2*, const std::_Placeholder<1>&>\x1b[m\x1b[K\xe2\x80\x99\n'}
[2.877413] (task_controller_cpp) StderrLine: {'line': b'\x1b[01m\x1b[K/usr/include/c++/11/functional:789:5:\x1b[m\x1b[K   required by substitution of \xe2\x80\x98\x1b[01m\x1b[Ktemplate<class _Func, class ... _BoundArgs> typename std::_Bind_helper<std::__is_socketlike<_Func>::value, _Func, _BoundArgs ...>::type std::bind(_Func&&, _BoundArgs&& ...) [with _Func = void (Node2::*)(std::shared_ptr<std_msgs::msg::String_<std::allocator<void> > >); _BoundArgs = {int, Node2*, const std::_Placeholder<1>&}]\x1b[m\x1b[K\xe2\x80\x99\n'}
[2.877513] (task_controller_cpp) StderrLine: {'line': b'\x1b[01m\x1b[K/home/samiksha/ros2_ws/src/task_controller_cpp/src/chat_second.cpp:17:94:\x1b[m\x1b[K   required from here\n'}
[2.877605] (task_controller_cpp) StderrLine: {'line': b'\x1b[01m\x1b[K/usr/include/c++/11/functional:756:21:\x1b[m\x1b[K \x1b[01;31m\x1b[Kerror: \x1b[m\x1b[Kstatic assertion failed: Wrong number of arguments for pointer-to-member\n'}
[2.877697] (task_controller_cpp) StderrLine: {'line': b'  755 |       static_assert(_Varargs::\x1b[01;31m\x1b[Kvalue\x1b[m\x1b[K\n'}
[2.877783] (task_controller_cpp) StderrLine: {'line': b'      |                               \x1b[01;31m\x1b[K~~~~~\x1b[m\x1b[K\n'}
[2.877863] (task_controller_cpp) StderrLine: {'line': b'  756 | \x1b[01;31m\x1b[K                    ? sizeof...(_BoundArgs) >= _Arity::value + 1\x1b[m\x1b[K\n'}
[2.877943] (task_controller_cpp) StderrLine: {'line': b'      |                     \x1b[01;31m\x1b[K^~~~~~~~~~~~~~~~~~~~~~~~~~~~~~~~~~~~~~~~~~~~\x1b[m\x1b[K\n'}
[2.878021] (task_controller_cpp) StderrLine: {'line': b'  757 | \x1b[01;31m\x1b[K                    : sizeof...(_BoundArgs) == _Arity::value + 1\x1b[m\x1b[K,\n'}
[2.878102] (task_controller_cpp) StderrLine: {'line': b'      |                     \x1b[01;31m\x1b[K~~~~~~~~~~~~~~~~~~~~~~~~~~~~~~~~~~~~~~~~~~~~\x1b[m\x1b[K\n'}
[2.878182] (task_controller_cpp) StderrLine: {'line': b'\x1b[01m\x1b[K/usr/include/c++/11/functional:756:21:\x1b[m\x1b[K \x1b[01;36m\x1b[Knote: \x1b[m\x1b[K\xe2\x80\x98\x1b[01m\x1b[K(false ? (3 >= (((long unsigned int)std::integral_constant<long unsigned int, 1>::value) + 1)) : (3 == (((long unsigned int)std::integral_constant<long unsigned int, 1>::value) + 1)))\x1b[m\x1b[K\xe2\x80\x99 evaluates to false\n'}
[2.910648] (-) TimerEvent: {}
[3.011063] (-) TimerEvent: {}
[3.111608] (-) TimerEvent: {}
[3.212098] (-) TimerEvent: {}
[3.312557] (-) TimerEvent: {}
[3.315616] (task_controller_cpp) StderrLine: {'line': b'In file included from \x1b[01m\x1b[K/opt/ros/humble/include/rclcpp/rclcpp/subscription_base.hpp:32\x1b[m\x1b[K,\n'}
[3.315942] (task_controller_cpp) StderrLine: {'line': b'                 from \x1b[01m\x1b[K/opt/ros/humble/include/rclcpp/rclcpp/callback_group.hpp:29\x1b[m\x1b[K,\n'}
[3.316060] (task_controller_cpp) StderrLine: {'line': b'                 from \x1b[01m\x1b[K/opt/ros/humble/include/rclcpp/rclcpp/any_executable.hpp:20\x1b[m\x1b[K,\n'}
[3.316267] (task_controller_cpp) StderrLine: {'line': b'                 from \x1b[01m\x1b[K/opt/ros/humble/include/rclcpp/rclcpp/memory_strategy.hpp:25\x1b[m\x1b[K,\n'}
[3.316400] (task_controller_cpp) StderrLine: {'line': b'                 from \x1b[01m\x1b[K/opt/ros/humble/include/rclcpp/rclcpp/memory_strategies.hpp:18\x1b[m\x1b[K,\n'}
[3.316464] (task_controller_cpp) StderrLine: {'line': b'                 from \x1b[01m\x1b[K/opt/ros/humble/include/rclcpp/rclcpp/executor_options.hpp:20\x1b[m\x1b[K,\n'}
[3.316535] (task_controller_cpp) StderrLine: {'line': b'                 from \x1b[01m\x1b[K/opt/ros/humble/include/rclcpp/rclcpp/executor.hpp:37\x1b[m\x1b[K,\n'}
[3.316587] (task_controller_cpp) StderrLine: {'line': b'                 from \x1b[01m\x1b[K/opt/ros/humble/include/rclcpp/rclcpp/executors/multi_threaded_executor.hpp:25\x1b[m\x1b[K,\n'}
[3.316642] (task_controller_cpp) StderrLine: {'line': b'                 from \x1b[01m\x1b[K/opt/ros/humble/include/rclcpp/rclcpp/executors.hpp:21\x1b[m\x1b[K,\n'}
[3.316683] (task_controller_cpp) StderrLine: {'line': b'                 from \x1b[01m\x1b[K/opt/ros/humble/include/rclcpp/rclcpp/rclcpp.hpp:155\x1b[m\x1b[K,\n'}
[3.316726] (task_controller_cpp) StderrLine: {'line': b'                 from \x1b[01m\x1b[K/home/samiksha/ros2_ws/src/task_controller_cpp/src/chat_second.cpp:7\x1b[m\x1b[K:\n'}
[3.316768] (task_controller_cpp) StderrLine: {'line': b'/opt/ros/humble/include/rclcpp/rclcpp/any_subscription_callback.hpp: In instantiation of \xe2\x80\x98\x1b[01m\x1b[Krclcpp::AnySubscriptionCallback<MessageT, AllocatorT> rclcpp::AnySubscriptionCallback<MessageT, AllocatorT>::set(CallbackT) [with CallbackT = std::_Bind<void (Node2::*(int, Node2*, std::_Placeholder<1>))(std::shared_ptr<std_msgs::msg::String_<std::allocator<void> > >)>; MessageT = std_msgs::msg::String_<std::allocator<void> >; AllocatorT = std::allocator<void>]\x1b[m\x1b[K\xe2\x80\x99:\n'}
[3.317004] (task_controller_cpp) StderrLine: {'line': b'\x1b[01m\x1b[K/opt/ros/humble/include/rclcpp/rclcpp/subscription_factory.hpp:94:32:\x1b[m\x1b[K   required from \xe2\x80\x98\x1b[01m\x1b[Krclcpp::SubscriptionFactory rclcpp::create_subscription_factory(CallbackT&&, const rclcpp::SubscriptionOptionsWithAllocator<AllocatorT>&, typename MessageMemoryStrategyT::SharedPtr, std::shared_ptr<rclcpp::topic_statistics::SubscriptionTopicStatistics<ROSMessageType> >) [with MessageT = std_msgs::msg::String_<std::allocator<void> >; CallbackT = std::_Bind<void (Node2::*(int, Node2*, std::_Placeholder<1>))(std::shared_ptr<std_msgs::msg::String_<std::allocator<void> > >)>; AllocatorT = std::allocator<void>; SubscriptionT = rclcpp::Subscription<std_msgs::msg::String_<std::allocator<void> > >; MessageMemoryStrategyT = rclcpp::message_memory_strategy::MessageMemoryStrategy<std_msgs::msg::String_<std::allocator<void> >, std::allocator<void> >; ROSMessageType = std_msgs::msg::String_<std::allocator<void> >; typename MessageMemoryStrategyT::SharedPtr = std::shared_ptr<rclcpp::message_memory_strategy::MessageMemoryStrategy<std_msgs::msg::String_<std::allocator<void> >, std::allocator<void> > >]\x1b[m\x1b[K\xe2\x80\x99\n'}
[3.317197] (task_controller_cpp) StderrLine: {'line': b'\x1b[01m\x1b[K/opt/ros/humble/include/rclcpp/rclcpp/create_subscription.hpp:122:63:\x1b[m\x1b[K   required from \xe2\x80\x98\x1b[01m\x1b[Kstd::shared_ptr<ROSMessageT> rclcpp::detail::create_subscription(NodeParametersT&, NodeTopicsT&, const string&, const rclcpp::QoS&, CallbackT&&, const rclcpp::SubscriptionOptionsWithAllocator<AllocatorT>&, typename MessageMemoryStrategyT::SharedPtr) [with MessageT = std_msgs::msg::String_<std::allocator<void> >; CallbackT = std::_Bind<void (Node2::*(int, Node2*, std::_Placeholder<1>))(std::shared_ptr<std_msgs::msg::String_<std::allocator<void> > >)>; AllocatorT = std::allocator<void>; SubscriptionT = rclcpp::Subscription<std_msgs::msg::String_<std::allocator<void> > >; MessageMemoryStrategyT = rclcpp::message_memory_strategy::MessageMemoryStrategy<std_msgs::msg::String_<std::allocator<void> >, std::allocator<void> >; NodeParametersT = rclcpp::Node; NodeTopicsT = rclcpp::Node; ROSMessageType = std_msgs::msg::String_<std::allocator<void> >; std::string = std::__cxx11::basic_string<char>; typename MessageMemoryStrategyT::SharedPtr = std::shared_ptr<rclcpp::message_memory_strategy::MessageMemoryStrategy<std_msgs::msg::String_<std::allocator<void> >, std::allocator<void> > >]\x1b[m\x1b[K\xe2\x80\x99\n'}
[3.317365] (task_controller_cpp) StderrLine: {'line': b'\x1b[01m\x1b[K/opt/ros/humble/include/rclcpp/rclcpp/create_subscription.hpp:191:76:\x1b[m\x1b[K   required from \xe2\x80\x98\x1b[01m\x1b[Kstd::shared_ptr<ROSMessageT> rclcpp::create_subscription(NodeT&, const string&, const rclcpp::QoS&, CallbackT&&, const rclcpp::SubscriptionOptionsWithAllocator<AllocatorT>&, typename MessageMemoryStrategyT::SharedPtr) [with MessageT = std_msgs::msg::String_<std::allocator<void> >; CallbackT = std::_Bind<void (Node2::*(int, Node2*, std::_Placeholder<1>))(std::shared_ptr<std_msgs::msg::String_<std::allocator<void> > >)>; AllocatorT = std::allocator<void>; SubscriptionT = rclcpp::Subscription<std_msgs::msg::String_<std::allocator<void> > >; MessageMemoryStrategyT = rclcpp::message_memory_strategy::MessageMemoryStrategy<std_msgs::msg::String_<std::allocator<void> >, std::allocator<void> >; NodeT = rclcpp::Node; std::string = std::__cxx11::basic_string<char>; typename MessageMemoryStrategyT::SharedPtr = std::shared_ptr<rclcpp::message_memory_strategy::MessageMemoryStrategy<std_msgs::msg::String_<std::allocator<void> >, std::allocator<void> > >]\x1b[m\x1b[K\xe2\x80\x99\n'}
[3.317443] (task_controller_cpp) StderrLine: {'line': b'\x1b[01m\x1b[K/opt/ros/humble/include/rclcpp/rclcpp/node_impl.hpp:99:47:\x1b[m\x1b[K   required from \xe2\x80\x98\x1b[01m\x1b[Kstd::shared_ptr<ROSMessageT> rclcpp::Node::create_subscription(const string&, const rclcpp::QoS&, CallbackT&&, const rclcpp::SubscriptionOptionsWithAllocator<AllocatorT>&, typename MessageMemoryStrategyT::SharedPtr) [with MessageT = std_msgs::msg::String_<std::allocator<void> >; CallbackT = std::_Bind<void (Node2::*(int, Node2*, std::_Placeholder<1>))(std::shared_ptr<std_msgs::msg::String_<std::allocator<void> > >)>; AllocatorT = std::allocator<void>; SubscriptionT = rclcpp::Subscription<std_msgs::msg::String_<std::allocator<void> > >; MessageMemoryStrategyT = rclcpp::message_memory_strategy::MessageMemoryStrategy<std_msgs::msg::String_<std::allocator<void> >, std::allocator<void> >; std::string = std::__cxx11::basic_string<char>; typename MessageMemoryStrategyT::SharedPtr = std::shared_ptr<rclcpp::message_memory_strategy::MessageMemoryStrategy<std_msgs::msg::String_<std::allocator<void> >, std::allocator<void> > >]\x1b[m\x1b[K\xe2\x80\x99\n'}
[3.317504] (task_controller_cpp) StderrLine: {'line': b'\x1b[01m\x1b[K/home/samiksha/ros2_ws/src/task_controller_cpp/src/chat_second.cpp:17:65:\x1b[m\x1b[K   required from here\n'}
[3.317549] (task_controller_cpp) StderrLine: {'line': b'\x1b[01m\x1b[K/opt/ros/humble/include/rclcpp/rclcpp/any_subscription_callback.hpp:391:22:\x1b[m\x1b[K \x1b[01;31m\x1b[Kerror: \x1b[m\x1b[Kno matching function for call to \xe2\x80\x98\x1b[01m\x1b[Kstd::function<void(std::shared_ptr<std_msgs::msg::String_<std::allocator<void> > >)>::function(std::_Bind<void (Node2::*(int, Node2*, std::_Placeholder<1>))(std::shared_ptr<std_msgs::msg::String_<std::allocator<void> > >)>&)\x1b[m\x1b[K\xe2\x80\x99\n'}
[3.317596] (task_controller_cpp) StderrLine: {'line': b'  391 |       set_deprecated(\x1b[01;31m\x1b[Kstatic_cast<typename scbth::callback_type>(callback)\x1b[m\x1b[K);\n'}
[3.317638] (task_controller_cpp) StderrLine: {'line': b'      |                      \x1b[01;31m\x1b[K^~~~~~~~~~~~~~~~~~~~~~~~~~~~~~~~~~~~~~~~~~~~~~~~~~~~\x1b[m\x1b[K\n'}
[3.317681] (task_controller_cpp) StderrLine: {'line': b'In file included from \x1b[01m\x1b[K/usr/include/c++/11/functional:59\x1b[m\x1b[K,\n'}
[3.317723] (task_controller_cpp) StderrLine: {'line': b'                 from \x1b[01m\x1b[K/home/samiksha/ros2_ws/src/task_controller_cpp/src/chat_second.cpp:2\x1b[m\x1b[K:\n'}
[3.317780] (task_controller_cpp) StderrLine: {'line': b'\x1b[01m\x1b[K/usr/include/c++/11/bits/std_function.h:435:9:\x1b[m\x1b[K \x1b[01;36m\x1b[Knote: \x1b[m\x1b[Kcandidate: \xe2\x80\x98\x1b[01m\x1b[Ktemplate<class _Functor, class _Constraints> std::function<_Res(_ArgTypes ...)>::function(_Functor&&) [with _Functor = _Functor; _Constraints = _Constraints; _Res = void; _ArgTypes = {std::shared_ptr<std_msgs::msg::String_<std::allocator<void> > >}]\x1b[m\x1b[K\xe2\x80\x99\n'}
[3.317837] (task_controller_cpp) StderrLine: {'line': b'  435 |         \x1b[01;36m\x1b[Kfunction\x1b[m\x1b[K(_Functor&& __f)\n'}
[3.317891] (task_controller_cpp) StderrLine: {'line': b'      |         \x1b[01;36m\x1b[K^~~~~~~~\x1b[m\x1b[K\n'}
[3.317933] (task_controller_cpp) StderrLine: {'line': b'\x1b[01m\x1b[K/usr/include/c++/11/bits/std_function.h:435:9:\x1b[m\x1b[K \x1b[01;36m\x1b[Knote: \x1b[m\x1b[K  template argument deduction/substitution failed:\n'}
[3.317969] (task_controller_cpp) StderrLine: {'line': b'In file included from \x1b[01m\x1b[K/usr/include/c++/11/ratio:39\x1b[m\x1b[K,\n'}
[3.318004] (task_controller_cpp) StderrLine: {'line': b'                 from \x1b[01m\x1b[K/usr/include/c++/11/chrono:39\x1b[m\x1b[K,\n'}
[3.318052] (task_controller_cpp) StderrLine: {'line': b'                 from \x1b[01m\x1b[K/home/samiksha/ros2_ws/src/task_controller_cpp/src/chat_second.cpp:1\x1b[m\x1b[K:\n'}
[3.318114] (task_controller_cpp) StderrLine: {'line': b'/usr/include/c++/11/type_traits: In substitution of \xe2\x80\x98\x1b[01m\x1b[Ktemplate<bool _Cond, class _Tp> using __enable_if_t = typename std::enable_if::type [with bool _Cond = false; _Tp = void]\x1b[m\x1b[K\xe2\x80\x99:\n'}
[3.318300] (task_controller_cpp) StderrLine: {'line': b'\x1b[01m\x1b[K/usr/include/c++/11/bits/std_function.h:353:8:\x1b[m\x1b[K   required by substitution of \xe2\x80\x98\x1b[01m\x1b[Ktemplate<class _Res, class ... _ArgTypes> template<class _Cond, class _Tp> using _Requires = std::__enable_if_t<_Cond::value, _Tp> [with _Cond = std::function<void(std::shared_ptr<std_msgs::msg::String_<std::allocator<void> > >)>::_Callable<std::_Bind<void (Node2::*(int, Node2*, std::_Placeholder<1>))(std::shared_ptr<std_msgs::msg::String_<std::allocator<void> > >)>&, std::_Bind<void (Node2::*(int, Node2*, std::_Placeholder<1>))(std::shared_ptr<std_msgs::msg::String_<std::allocator<void> > >)>, std::__invoke_result<std::_Bind<void (Node2::*(int, Node2*, std::_Placeholder<1>))(std::shared_ptr<std_msgs::msg::String_<std::allocator<void> > >)>&, std::shared_ptr<std_msgs::msg::String_<std::allocator<void> > > > >; _Tp = void; _Res = void; _ArgTypes = {std::shared_ptr<std_msgs::msg::String_<std::allocator<void> > >}]\x1b[m\x1b[K\xe2\x80\x99\n'}
[3.318466] (task_controller_cpp) StderrLine: {'line': b'\x1b[01m\x1b[K/usr/include/c++/11/bits/std_function.h:434:9:\x1b[m\x1b[K   required from \xe2\x80\x98\x1b[01m\x1b[Krclcpp::AnySubscriptionCallback<MessageT, AllocatorT> rclcpp::AnySubscriptionCallback<MessageT, AllocatorT>::set(CallbackT) [with CallbackT = std::_Bind<void (Node2::*(int, Node2*, std::_Placeholder<1>))(std::shared_ptr<std_msgs::msg::String_<std::allocator<void> > >)>; MessageT = std_msgs::msg::String_<std::allocator<void> >; AllocatorT = std::allocator<void>]\x1b[m\x1b[K\xe2\x80\x99\n'}
[3.318587] (task_controller_cpp) StderrLine: {'line': b'\x1b[01m\x1b[K/opt/ros/humble/include/rclcpp/rclcpp/subscription_factory.hpp:94:32:\x1b[m\x1b[K   required from \xe2\x80\x98\x1b[01m\x1b[Krclcpp::SubscriptionFactory rclcpp::create_subscription_factory(CallbackT&&, const rclcpp::SubscriptionOptionsWithAllocator<AllocatorT>&, typename MessageMemoryStrategyT::SharedPtr, std::shared_ptr<rclcpp::topic_statistics::SubscriptionTopicStatistics<ROSMessageType> >) [with MessageT = std_msgs::msg::String_<std::allocator<void> >; CallbackT = std::_Bind<void (Node2::*(int, Node2*, std::_Placeholder<1>))(std::shared_ptr<std_msgs::msg::String_<std::allocator<void> > >)>; AllocatorT = std::allocator<void>; SubscriptionT = rclcpp::Subscription<std_msgs::msg::String_<std::allocator<void> > >; MessageMemoryStrategyT = rclcpp::message_memory_strategy::MessageMemoryStrategy<std_msgs::msg::String_<std::allocator<void> >, std::allocator<void> >; ROSMessageType = std_msgs::msg::String_<std::allocator<void> >; typename MessageMemoryStrategyT::SharedPtr = std::shared_ptr<rclcpp::message_memory_strategy::MessageMemoryStrategy<std_msgs::msg::String_<std::allocator<void> >, std::allocator<void> > >]\x1b[m\x1b[K\xe2\x80\x99\n'}
[3.318724] (task_controller_cpp) StderrLine: {'line': b'\x1b[01m\x1b[K/opt/ros/humble/include/rclcpp/rclcpp/create_subscription.hpp:122:63:\x1b[m\x1b[K   required from \xe2\x80\x98\x1b[01m\x1b[Kstd::shared_ptr<ROSMessageT> rclcpp::detail::create_subscription(NodeParametersT&, NodeTopicsT&, const string&, const rclcpp::QoS&, CallbackT&&, const rclcpp::SubscriptionOptionsWithAllocator<AllocatorT>&, typename MessageMemoryStrategyT::SharedPtr) [with MessageT = std_msgs::msg::String_<std::allocator<void> >; CallbackT = std::_Bind<void (Node2::*(int, Node2*, std::_Placeholder<1>))(std::shared_ptr<std_msgs::msg::String_<std::allocator<void> > >)>; AllocatorT = std::allocator<void>; SubscriptionT = rclcpp::Subscription<std_msgs::msg::String_<std::allocator<void> > >; MessageMemoryStrategyT = rclcpp::message_memory_strategy::MessageMemoryStrategy<std_msgs::msg::String_<std::allocator<void> >, std::allocator<void> >; NodeParametersT = rclcpp::Node; NodeTopicsT = rclcpp::Node; ROSMessageType = std_msgs::msg::String_<std::allocator<void> >; std::string = std::__cxx11::basic_string<char>; typename MessageMemoryStrategyT::SharedPtr = std::shared_ptr<rclcpp::message_memory_strategy::MessageMemoryStrategy<std_msgs::msg::String_<std::allocator<void> >, std::allocator<void> > >]\x1b[m\x1b[K\xe2\x80\x99\n'}
[3.318863] (task_controller_cpp) StderrLine: {'line': b'\x1b[01m\x1b[K/opt/ros/humble/include/rclcpp/rclcpp/create_subscription.hpp:191:76:\x1b[m\x1b[K   required from \xe2\x80\x98\x1b[01m\x1b[Kstd::shared_ptr<ROSMessageT> rclcpp::create_subscription(NodeT&, const string&, const rclcpp::QoS&, CallbackT&&, const rclcpp::SubscriptionOptionsWithAllocator<AllocatorT>&, typename MessageMemoryStrategyT::SharedPtr) [with MessageT = std_msgs::msg::String_<std::allocator<void> >; CallbackT = std::_Bind<void (Node2::*(int, Node2*, std::_Placeholder<1>))(std::shared_ptr<std_msgs::msg::String_<std::allocator<void> > >)>; AllocatorT = std::allocator<void>; SubscriptionT = rclcpp::Subscription<std_msgs::msg::String_<std::allocator<void> > >; MessageMemoryStrategyT = rclcpp::message_memory_strategy::MessageMemoryStrategy<std_msgs::msg::String_<std::allocator<void> >, std::allocator<void> >; NodeT = rclcpp::Node; std::string = std::__cxx11::basic_string<char>; typename MessageMemoryStrategyT::SharedPtr = std::shared_ptr<rclcpp::message_memory_strategy::MessageMemoryStrategy<std_msgs::msg::String_<std::allocator<void> >, std::allocator<void> > >]\x1b[m\x1b[K\xe2\x80\x99\n'}
[3.318978] (task_controller_cpp) StderrLine: {'line': b'\x1b[01m\x1b[K/opt/ros/humble/include/rclcpp/rclcpp/node_impl.hpp:99:47:\x1b[m\x1b[K   required from \xe2\x80\x98\x1b[01m\x1b[Kstd::shared_ptr<ROSMessageT> rclcpp::Node::create_subscription(const string&, const rclcpp::QoS&, CallbackT&&, const rclcpp::SubscriptionOptionsWithAllocator<AllocatorT>&, typename MessageMemoryStrategyT::SharedPtr) [with MessageT = std_msgs::msg::String_<std::allocator<void> >; CallbackT = std::_Bind<void (Node2::*(int, Node2*, std::_Placeholder<1>))(std::shared_ptr<std_msgs::msg::String_<std::allocator<void> > >)>; AllocatorT = std::allocator<void>; SubscriptionT = rclcpp::Subscription<std_msgs::msg::String_<std::allocator<void> > >; MessageMemoryStrategyT = rclcpp::message_memory_strategy::MessageMemoryStrategy<std_msgs::msg::String_<std::allocator<void> >, std::allocator<void> >; std::string = std::__cxx11::basic_string<char>; typename MessageMemoryStrategyT::SharedPtr = std::shared_ptr<rclcpp::message_memory_strategy::MessageMemoryStrategy<std_msgs::msg::String_<std::allocator<void> >, std::allocator<void> > >]\x1b[m\x1b[K\xe2\x80\x99\n'}
[3.319106] (task_controller_cpp) StderrLine: {'line': b'\x1b[01m\x1b[K/home/samiksha/ros2_ws/src/task_controller_cpp/src/chat_second.cpp:17:65:\x1b[m\x1b[K   required from here\n'}
[3.319231] (task_controller_cpp) StderrLine: {'line': b'\x1b[01m\x1b[K/usr/include/c++/11/type_traits:2205:11:\x1b[m\x1b[K \x1b[01;31m\x1b[Kerror: \x1b[m\x1b[Kno type named \xe2\x80\x98\x1b[01m\x1b[Ktype\x1b[m\x1b[K\xe2\x80\x99 in \xe2\x80\x98\x1b[01m\x1b[Kstruct std::enable_if<false, void>\x1b[m\x1b[K\xe2\x80\x99\n'}
[3.319336] (task_controller_cpp) StderrLine: {'line': b' 2205 |     using \x1b[01;31m\x1b[K__enable_if_t\x1b[m\x1b[K = typename enable_if<_Cond, _Tp>::type;\n'}
[3.319454] (task_controller_cpp) StderrLine: {'line': b'      |           \x1b[01;31m\x1b[K^~~~~~~~~~~~~\x1b[m\x1b[K\n'}
[3.319541] (task_controller_cpp) StderrLine: {'line': b'In file included from \x1b[01m\x1b[K/usr/include/c++/11/functional:59\x1b[m\x1b[K,\n'}
[3.319623] (task_controller_cpp) StderrLine: {'line': b'                 from \x1b[01m\x1b[K/home/samiksha/ros2_ws/src/task_controller_cpp/src/chat_second.cpp:2\x1b[m\x1b[K:\n'}
[3.319711] (task_controller_cpp) StderrLine: {'line': b'/opt/ros/humble/include/rclcpp/rclcpp/any_subscription_callback.hpp: In instantiation of \xe2\x80\x98\x1b[01m\x1b[Krclcpp::AnySubscriptionCallback<MessageT, AllocatorT> rclcpp::AnySubscriptionCallback<MessageT, AllocatorT>::set(CallbackT) [with CallbackT = std::_Bind<void (Node2::*(int, Node2*, std::_Placeholder<1>))(std::shared_ptr<std_msgs::msg::String_<std::allocator<void> > >)>; MessageT = std_msgs::msg::String_<std::allocator<void> >; AllocatorT = std::allocator<void>]\x1b[m\x1b[K\xe2\x80\x99:\n'}
[3.319805] (task_controller_cpp) StderrLine: {'line': b'\x1b[01m\x1b[K/opt/ros/humble/include/rclcpp/rclcpp/subscription_factory.hpp:94:32:\x1b[m\x1b[K   required from \xe2\x80\x98\x1b[01m\x1b[Krclcpp::SubscriptionFactory rclcpp::create_subscription_factory(CallbackT&&, const rclcpp::SubscriptionOptionsWithAllocator<AllocatorT>&, typename MessageMemoryStrategyT::SharedPtr, std::shared_ptr<rclcpp::topic_statistics::SubscriptionTopicStatistics<ROSMessageType> >) [with MessageT = std_msgs::msg::String_<std::allocator<void> >; CallbackT = std::_Bind<void (Node2::*(int, Node2*, std::_Placeholder<1>))(std::shared_ptr<std_msgs::msg::String_<std::allocator<void> > >)>; AllocatorT = std::allocator<void>; SubscriptionT = rclcpp::Subscription<std_msgs::msg::String_<std::allocator<void> > >; MessageMemoryStrategyT = rclcpp::message_memory_strategy::MessageMemoryStrategy<std_msgs::msg::String_<std::allocator<void> >, std::allocator<void> >; ROSMessageType = std_msgs::msg::String_<std::allocator<void> >; typename MessageMemoryStrategyT::SharedPtr = std::shared_ptr<rclcpp::message_memory_strategy::MessageMemoryStrategy<std_msgs::msg::String_<std::allocator<void> >, std::allocator<void> > >]\x1b[m\x1b[K\xe2\x80\x99\n'}
[3.319938] (task_controller_cpp) StderrLine: {'line': b'\x1b[01m\x1b[K/opt/ros/humble/include/rclcpp/rclcpp/create_subscription.hpp:122:63:\x1b[m\x1b[K   required from \xe2\x80\x98\x1b[01m\x1b[Kstd::shared_ptr<ROSMessageT> rclcpp::detail::create_subscription(NodeParametersT&, NodeTopicsT&, const string&, const rclcpp::QoS&, CallbackT&&, const rclcpp::SubscriptionOptionsWithAllocator<AllocatorT>&, typename MessageMemoryStrategyT::SharedPtr) [with MessageT = std_msgs::msg::String_<std::allocator<void> >; CallbackT = std::_Bind<void (Node2::*(int, Node2*, std::_Placeholder<1>))(std::shared_ptr<std_msgs::msg::String_<std::allocator<void> > >)>; AllocatorT = std::allocator<void>; SubscriptionT = rclcpp::Subscription<std_msgs::msg::String_<std::allocator<void> > >; MessageMemoryStrategyT = rclcpp::message_memory_strategy::MessageMemoryStrategy<std_msgs::msg::String_<std::allocator<void> >, std::allocator<void> >; NodeParametersT = rclcpp::Node; NodeTopicsT = rclcpp::Node; ROSMessageType = std_msgs::msg::String_<std::allocator<void> >; std::string = std::__cxx11::basic_string<char>; typename MessageMemoryStrategyT::SharedPtr = std::shared_ptr<rclcpp::message_memory_strategy::MessageMemoryStrategy<std_msgs::msg::String_<std::allocator<void> >, std::allocator<void> > >]\x1b[m\x1b[K\xe2\x80\x99\n'}
[3.320059] (task_controller_cpp) StderrLine: {'line': b'\x1b[01m\x1b[K/opt/ros/humble/include/rclcpp/rclcpp/create_subscription.hpp:191:76:\x1b[m\x1b[K   required from \xe2\x80\x98\x1b[01m\x1b[Kstd::shared_ptr<ROSMessageT> rclcpp::create_subscription(NodeT&, const string&, const rclcpp::QoS&, CallbackT&&, const rclcpp::SubscriptionOptionsWithAllocator<AllocatorT>&, typename MessageMemoryStrategyT::SharedPtr) [with MessageT = std_msgs::msg::String_<std::allocator<void> >; CallbackT = std::_Bind<void (Node2::*(int, Node2*, std::_Placeholder<1>))(std::shared_ptr<std_msgs::msg::String_<std::allocator<void> > >)>; AllocatorT = std::allocator<void>; SubscriptionT = rclcpp::Subscription<std_msgs::msg::String_<std::allocator<void> > >; MessageMemoryStrategyT = rclcpp::message_memory_strategy::MessageMemoryStrategy<std_msgs::msg::String_<std::allocator<void> >, std::allocator<void> >; NodeT = rclcpp::Node; std::string = std::__cxx11::basic_string<char>; typename MessageMemoryStrategyT::SharedPtr = std::shared_ptr<rclcpp::message_memory_strategy::MessageMemoryStrategy<std_msgs::msg::String_<std::allocator<void> >, std::allocator<void> > >]\x1b[m\x1b[K\xe2\x80\x99\n'}
[3.320271] (task_controller_cpp) StderrLine: {'line': b'\x1b[01m\x1b[K/opt/ros/humble/include/rclcpp/rclcpp/node_impl.hpp:99:47:\x1b[m\x1b[K   required from \xe2\x80\x98\x1b[01m\x1b[Kstd::shared_ptr<ROSMessageT> rclcpp::Node::create_subscription(const string&, const rclcpp::QoS&, CallbackT&&, const rclcpp::SubscriptionOptionsWithAllocator<AllocatorT>&, typename MessageMemoryStrategyT::SharedPtr) [with MessageT = std_msgs::msg::String_<std::allocator<void> >; CallbackT = std::_Bind<void (Node2::*(int, Node2*, std::_Placeholder<1>))(std::shared_ptr<std_msgs::msg::String_<std::allocator<void> > >)>; AllocatorT = std::allocator<void>; SubscriptionT = rclcpp::Subscription<std_msgs::msg::String_<std::allocator<void> > >; MessageMemoryStrategyT = rclcpp::message_memory_strategy::MessageMemoryStrategy<std_msgs::msg::String_<std::allocator<void> >, std::allocator<void> >; std::string = std::__cxx11::basic_string<char>; typename MessageMemoryStrategyT::SharedPtr = std::shared_ptr<rclcpp::message_memory_strategy::MessageMemoryStrategy<std_msgs::msg::String_<std::allocator<void> >, std::allocator<void> > >]\x1b[m\x1b[K\xe2\x80\x99\n'}
[3.320363] (task_controller_cpp) StderrLine: {'line': b'\x1b[01m\x1b[K/home/samiksha/ros2_ws/src/task_controller_cpp/src/chat_second.cpp:17:65:\x1b[m\x1b[K   required from here\n'}
[3.320414] (task_controller_cpp) StderrLine: {'line': b'\x1b[01m\x1b[K/usr/include/c++/11/bits/std_function.h:404:7:\x1b[m\x1b[K \x1b[01;36m\x1b[Knote: \x1b[m\x1b[Kcandidate: \xe2\x80\x98\x1b[01m\x1b[Kstd::function<_Res(_ArgTypes ...)>::function(std::function<_Res(_ArgTypes ...)>&&) [with _Res = void; _ArgTypes = {std::shared_ptr<std_msgs::msg::String_<std::allocator<void> > >}]\x1b[m\x1b[K\xe2\x80\x99\n'}
[3.320461] (task_controller_cpp) StderrLine: {'line': b'  404 |       \x1b[01;36m\x1b[Kfunction\x1b[m\x1b[K(function&& __x) noexcept\n'}
[3.320505] (task_controller_cpp) StderrLine: {'line': b'      |       \x1b[01;36m\x1b[K^~~~~~~~\x1b[m\x1b[K\n'}
[3.320542] (task_controller_cpp) StderrLine: {'line': b'\x1b[01m\x1b[K/usr/include/c++/11/bits/std_function.h:404:27:\x1b[m\x1b[K \x1b[01;36m\x1b[Knote: \x1b[m\x1b[K  no known conversion for argument 1 from \xe2\x80\x98\x1b[01m\x1b[Kstd::_Bind<void (Node2::*(int, Node2*, std::_Placeholder<1>))(std::shared_ptr<std_msgs::msg::String_<std::allocator<void> > >)>\x1b[m\x1b[K\xe2\x80\x99 to \xe2\x80\x98\x1b[01m\x1b[Kstd::function<void(std::shared_ptr<std_msgs::msg::String_<std::allocator<void> > >)>&&\x1b[m\x1b[K\xe2\x80\x99\n'}
[3.320585] (task_controller_cpp) StderrLine: {'line': b'  404 |       function(\x1b[01;36m\x1b[Kfunction&& __x\x1b[m\x1b[K) noexcept\n'}
[3.320624] (task_controller_cpp) StderrLine: {'line': b'      |                \x1b[01;36m\x1b[K~~~~~~~~~~~^~~\x1b[m\x1b[K\n'}
[3.320661] (task_controller_cpp) StderrLine: {'line': b'\x1b[01m\x1b[K/usr/include/c++/11/bits/std_function.h:386:7:\x1b[m\x1b[K \x1b[01;36m\x1b[Knote: \x1b[m\x1b[Kcandidate: \xe2\x80\x98\x1b[01m\x1b[Kstd::function<_Res(_ArgTypes ...)>::function(const std::function<_Res(_ArgTypes ...)>&) [with _Res = void; _ArgTypes = {std::shared_ptr<std_msgs::msg::String_<std::allocator<void> > >}]\x1b[m\x1b[K\xe2\x80\x99\n'}
[3.320701] (task_controller_cpp) StderrLine: {'line': b'  386 |       \x1b[01;36m\x1b[Kfunction\x1b[m\x1b[K(const function& __x)\n'}
[3.320736] (task_controller_cpp) StderrLine: {'line': b'      |       \x1b[01;36m\x1b[K^~~~~~~~\x1b[m\x1b[K\n'}
[3.320772] (task_controller_cpp) StderrLine: {'line': b'\x1b[01m\x1b[K/usr/include/c++/11/bits/std_function.h:386:32:\x1b[m\x1b[K \x1b[01;36m\x1b[Knote: \x1b[m\x1b[K  no known conversion for argument 1 from \xe2\x80\x98\x1b[01m\x1b[Kstd::_Bind<void (Node2::*(int, Node2*, std::_Placeholder<1>))(std::shared_ptr<std_msgs::msg::String_<std::allocator<void> > >)>\x1b[m\x1b[K\xe2\x80\x99 to \xe2\x80\x98\x1b[01m\x1b[Kconst std::function<void(std::shared_ptr<std_msgs::msg::String_<std::allocator<void> > >)>&\x1b[m\x1b[K\xe2\x80\x99\n'}
[3.320812] (task_controller_cpp) StderrLine: {'line': b'  386 |       function(\x1b[01;36m\x1b[Kconst function& __x\x1b[m\x1b[K)\n'}
[3.320847] (task_controller_cpp) StderrLine: {'line': b'      |                \x1b[01;36m\x1b[K~~~~~~~~~~~~~~~~^~~\x1b[m\x1b[K\n'}
[3.320883] (task_controller_cpp) StderrLine: {'line': b'\x1b[01m\x1b[K/usr/include/c++/11/bits/std_function.h:375:7:\x1b[m\x1b[K \x1b[01;36m\x1b[Knote: \x1b[m\x1b[Kcandidate: \xe2\x80\x98\x1b[01m\x1b[Kstd::function<_Res(_ArgTypes ...)>::function(std::nullptr_t) [with _Res = void; _ArgTypes = {std::shared_ptr<std_msgs::msg::String_<std::allocator<void> > >}; std::nullptr_t = std::nullptr_t]\x1b[m\x1b[K\xe2\x80\x99\n'}
[3.320922] (task_controller_cpp) StderrLine: {'line': b'  375 |       \x1b[01;36m\x1b[Kfunction\x1b[m\x1b[K(nullptr_t) noexcept\n'}
[3.320960] (task_controller_cpp) StderrLine: {'line': b'      |       \x1b[01;36m\x1b[K^~~~~~~~\x1b[m\x1b[K\n'}
[3.320998] (task_controller_cpp) StderrLine: {'line': b'\x1b[01m\x1b[K/usr/include/c++/11/bits/std_function.h:375:16:\x1b[m\x1b[K \x1b[01;36m\x1b[Knote: \x1b[m\x1b[K  no known conversion for argument 1 from \xe2\x80\x98\x1b[01m\x1b[Kstd::_Bind<void (Node2::*(int, Node2*, std::_Placeholder<1>))(std::shared_ptr<std_msgs::msg::String_<std::allocator<void> > >)>\x1b[m\x1b[K\xe2\x80\x99 to \xe2\x80\x98\x1b[01m\x1b[Kstd::nullptr_t\x1b[m\x1b[K\xe2\x80\x99\n'}
[3.321040] (task_controller_cpp) StderrLine: {'line': b'  375 |       function(\x1b[01;36m\x1b[Knullptr_t\x1b[m\x1b[K) noexcept\n'}
[3.321077] (task_controller_cpp) StderrLine: {'line': b'      |                \x1b[01;36m\x1b[K^~~~~~~~~\x1b[m\x1b[K\n'}
[3.321114] (task_controller_cpp) StderrLine: {'line': b'\x1b[01m\x1b[K/usr/include/c++/11/bits/std_function.h:368:7:\x1b[m\x1b[K \x1b[01;36m\x1b[Knote: \x1b[m\x1b[Kcandidate: \xe2\x80\x98\x1b[01m\x1b[Kstd::function<_Res(_ArgTypes ...)>::function() [with _Res = void; _ArgTypes = {std::shared_ptr<std_msgs::msg::String_<std::allocator<void> > >}]\x1b[m\x1b[K\xe2\x80\x99\n'}
[3.321160] (task_controller_cpp) StderrLine: {'line': b'  368 |       \x1b[01;36m\x1b[Kfunction\x1b[m\x1b[K() noexcept\n'}
[3.321201] (task_controller_cpp) StderrLine: {'line': b'      |       \x1b[01;36m\x1b[K^~~~~~~~\x1b[m\x1b[K\n'}
[3.321239] (task_controller_cpp) StderrLine: {'line': b'\x1b[01m\x1b[K/usr/include/c++/11/bits/std_function.h:368:7:\x1b[m\x1b[K \x1b[01;36m\x1b[Knote: \x1b[m\x1b[K  candidate expects 0 arguments, 1 provided\n'}
[3.412681] (-) TimerEvent: {}
[3.513057] (-) TimerEvent: {}
[3.613442] (-) TimerEvent: {}
[3.713809] (-) TimerEvent: {}
[3.814164] (-) TimerEvent: {}
[3.914512] (-) TimerEvent: {}
[4.014910] (-) TimerEvent: {}
[4.115310] (-) TimerEvent: {}
[4.215732] (-) TimerEvent: {}
[4.316112] (-) TimerEvent: {}
[4.416680] (-) TimerEvent: {}
[4.517021] (-) TimerEvent: {}
[4.617445] (-) TimerEvent: {}
[4.717852] (-) TimerEvent: {}
[4.818300] (-) TimerEvent: {}
[4.918799] (-) TimerEvent: {}
[5.019173] (-) TimerEvent: {}
[5.119496] (-) TimerEvent: {}
[5.219941] (-) TimerEvent: {}
[5.282189] (task_controller_cpp) StderrLine: {'line': b'gmake[2]: *** [CMakeFiles/chatNode2.dir/build.make:76: CMakeFiles/chatNode2.dir/src/chat_second.cpp.o] Error 1\n'}
[5.282585] (task_controller_cpp) StderrLine: {'line': b'gmake[1]: *** [CMakeFiles/Makefile2:277: CMakeFiles/chatNode2.dir/all] Error 2\n'}
[5.282685] (task_controller_cpp) StderrLine: {'line': b'gmake[1]: *** Waiting for unfinished jobs....\n'}
[5.320164] (-) TimerEvent: {}
[5.420542] (-) TimerEvent: {}
[5.520948] (-) TimerEvent: {}
[5.621242] (-) TimerEvent: {}
[5.721638] (-) TimerEvent: {}
[5.822020] (-) TimerEvent: {}
[5.922377] (-) TimerEvent: {}
[6.022851] (-) TimerEvent: {}
[6.123276] (-) TimerEvent: {}
[6.223615] (-) TimerEvent: {}
[6.324061] (-) TimerEvent: {}
[6.424551] (-) TimerEvent: {}
[6.524905] (-) TimerEvent: {}
[6.625276] (-) TimerEvent: {}
[6.725714] (-) TimerEvent: {}
[6.826112] (-) TimerEvent: {}
[6.926451] (-) TimerEvent: {}
[7.026848] (-) TimerEvent: {}
[7.127242] (-) TimerEvent: {}
[7.227733] (-) TimerEvent: {}
[7.328108] (-) TimerEvent: {}
[7.428515] (-) TimerEvent: {}
[7.528822] (-) TimerEvent: {}
[7.629279] (-) TimerEvent: {}
[7.729612] (-) TimerEvent: {}
[7.829994] (-) TimerEvent: {}
[7.930393] (-) TimerEvent: {}
[8.031139] (-) TimerEvent: {}
[8.110952] (task_controller_cpp) StdoutLine: {'line': b'[ 91%] \x1b[32m\x1b[1mLinking CXX executable chatNode1\x1b[0m\n'}
[8.131232] (-) TimerEvent: {}
[8.231607] (-) TimerEvent: {}
[8.332097] (-) TimerEvent: {}
[8.432515] (-) TimerEvent: {}
[8.437502] (task_controller_cpp) StdoutLine: {'line': b'[ 91%] Built target chatNode1\n'}
[8.438742] (task_controller_cpp) StderrLine: {'line': b'gmake: *** [Makefile:146: all] Error 2\n'}
[8.441067] (task_controller_cpp) CommandEnded: {'returncode': 2}
[8.448516] (task_controller_cpp) JobEnded: {'identifier': 'task_controller_cpp', 'rc': 2}
[8.459339] (-) EventReactorShutdown: {}
